raw,normalized,script,status
Very nice news very good jidabad ਕਾਂਗਰਸ uk 🌹🙏,,,dropped:not_valid
Good,,,dropped:too_short
Khuda pahad nikla chuha ! 🤣🤣🤣🤣🤣,,,dropped:not_valid
Librands ko temporary sukun milta hai ye sab kar ke aur Modi ko aur jyada desh ka support milta hai.....,Librands ko temporary sukun milta hai ye sab kar ke aur Modi ko aur jyada desh ka support milta hai.,roman,kept
टूल kitiya गैंग सक्रिय कही भी कुछ नहीं।,टूल kitiya गैंग सक्रिय कही भी कुछ नहीं.,devanagari,kept
"●कुछ लोगों को 11वर्ष पहले जीर्ण कृच्छ साध्य- विवन्ध (कब्ज , Cons tipation) हूआ था। एक नाडी-कुशल वैद्य ने निदान कर उन्हें औषधि बतायी। ""हर 48 घंटे पर ""मोदी इस्तीफा देने जा रहे "" या *गुजराती लाबी जेल जाने की तैयारी में"" थम्बनेल वाले पॉडकास्ट जारी करते रहो । खुलकर शौच हो जायेगा।     ¶तबसे वे यह दवा नियमित ले रहे हैं।कदाचित् भूल जायें तो दशा शोचनीय (=हालत ख़राब) हो जाती है। सभी राष्ट्रभक्तो से निवेदन है कि उनकी व्याधि को समझें और मरीज़ के प्रति सहा नुभूति प्रदर्शित करें।","●कुछ लोगों को 11वर्ष पहले जीर्ण कृच्छ साध्य- विवन्ध (कब्ज , Cons tipation) हूआ था. एक नाडी-कुशल वैद्य ने निदान कर उन्हें औषधि बतायी. ""हर 48 घंटे पर ""मोदी इस्तीफा देने जा रहे "" या *गुजराती लाबी जेल जाने की तैयारी में"" थम्बनेल वाले पॉडकास्ट जारी करते रहो . खुलकर शौच हो जायेगा. ¶तबसे वे यह दवा नियमित ले रहे हैं.कदाचित् भूल जायें तो दशा शोचनीय (=हालत ख़राब) हो जाती है. सभी राष्ट्रभक्तो से निवेदन है कि उनकी व्याधि को समझें और मरीज़ के प्रति सहा नुभूति प्रदर्शित करें.",devanagari,kept
Thanks 👍👍✌️ america 😊,,,dropped:not_valid
Why Narendra Modi should resign . The electors of India shall decide who has to resign.The media person won't decide.,Why Narendra Modi should resign . The electors of India shall decide who has to resign.The media person won't decide.,roman,kept
Modi bhgayo Desh bchayo,Modi bhgayo Desh bchayo,roman,kept
Rahul Gandhi jannayak congress party jinadabad jinadabad,Rahul Gandhi jannayak congress party jinadabad jinadabad,roman,kept
🎉🎉,,,dropped:too_short
"A NEW METHOD, WITH MORPHED PHOTOS. BHAGAVAN MURUGAN  KNOWS WHAT ISTO BE DONE.","A NEW METHOD, WITH MORPHED PHOTOS. BHAGAVAN MURUGAN KNOWS WHAT ISTO BE DONE.",roman,kept
सच्चाई छुप नहीं सकती कभी बनावट के उसूलों से खुशबू आ नहीं सकती कभी कागज के फूलों से,सच्चाई छुप नहीं सकती कभी बनावट के उसूलों से खुशबू आ नहीं सकती कभी कागज के फूलों से,devanagari,kept
jindabad. jindabad. congress. party next. pm rahul. gainde. jindabad. ❤❤❤🎉🎉🎉,jindabad. jindabad. congress. party next. pm rahul. gainde. jindabad.,roman,kept
यह तो बहुत खुशी की बात है धन्यवाद शुक्रिया प्रभु सद्बुद्धि आएगी प्रधानमंत्री निष्ठा का दे दिया बहुत खुशी की बात है राधे राधे,यह तो बहुत खुशी की बात है धन्यवाद शुक्रिया प्रभु सद्बुद्धि आएगी प्रधानमंत्री निष्ठा का दे दिया बहुत खुशी की बात है राधे राधे,devanagari,kept
इसतिफा दिया तो अच्छे दिन जरूर आयेंगे,इसतिफा दिया तो अच्छे दिन जरूर आयेंगे,devanagari,kept
😂,,,dropped:too_short
"आज कौन सी तारीख है,ये समाचार कब का है शर्म करो कौन सा महीना चल रहा है","आज कौन सी तारीख है,ये समाचार कब का है शर्म करो कौन सा महीना चल रहा है",devanagari,kept
Bhut khusi ki bat hai ab des aur ਸਵਿਧਾਨ ਦੋਨੋਂ bach jaenge,,,dropped:not_valid
D r c सिरोही जिला राजस्थान से यह सब कुछ सस है तो देश बस गया,D r c सिरोही जिला राजस्थान से यह सब कुछ सस है तो देश बस गया,devanagari,kept
17th loksabha resign karega tabhi new lok sabha banega,17th loksabha resign karega tabhi new lok sabha banega,roman,kept
अभी 1 साल पुराना बात है,अभी 1 साल पुराना बात है,devanagari,kept
बिलकुल ताज़ा खबर के लिएबधाई,बिलकुल ताज़ा खबर के लिएबधाई,devanagari,kept
"Very good, 👍👍👍👍👍👍👍👍👍👍💯💯",,,dropped:not_valid
DHRUB RAHTEE IMPACT PLAYER OF INDIA 2024 ELECTION 🥲🥲,DHRUB RAHTEE IMPACT PLAYER OF INDIA 2024 ELECTION,roman,kept
Deemak ko kamjor nhi samjhhna chahiye ek deemak gussa andur to pura khokhla bana sakta h desh ko,Deemak ko kamjor nhi samjhhna chahiye ek deemak gussa andur to pura khokhla bana sakta h desh ko,roman,kept
Hmm uska baap keju  jail chala gya delhi me sopda saaf ho gya Aur congress 99 seat😂 kya impact hai,Hmm uska baap keju jail chala gya delhi me sopda saaf ho gya Aur congress 99 seat kya impact hai,roman,kept
Dhruve rathee ne 30 seat kaat di b jp ki 😂,,,dropped:not_valid
German shepherd 😂😂😂,German shepherd,roman,kept
😂😂 ipact player 2024 indian Congress team 200 poin dream 11 (C) winner 🏆,,,dropped:not_valid
​ @Diya-c9h5t with 99 seat😅😅😅😅😅,,,dropped:spam
😂 ​ @Diya-c9h5t  😂,,,dropped:spam
Sapath le ne ke pahale istifa dena parta hai.,Sapath le ne ke pahale istifa dena parta hai.,roman,kept
Dena nahi Lena padta hai President se,Dena nahi Lena padta hai President se,roman,kept
ये किसने कह दिया कि फिर शपथ लेंगे?,ये किसने कह दिया कि फिर शपथ लेंगे?,devanagari,kept
Toh phr ye news Wale aise ku dikha re h,Toh phr ye news Wale aise ku dikha re h,roman,kept
2019 mein estifa nahi diya tha,2019 mein estifa nahi diya tha,roman,kept
Ji ji Bhai Pehle BJP ka PRIME MINISTER hai na abhi NDA sab alliance party milke jeeta Yaha iska PRIME MINISTER...new ly hoga isiliye bro 😅😅😊😊,Ji ji Bhai Pehle BJP ka PRIME MINISTER hai na abhi NDA sab alliance party milke jeeta Yaha iska PRIME MINISTER.new ly hoga isiliye bro,roman,kept
​ @CHRISdiary77264 jab kuch pta nhi to kyu gyan baat rahe ho PM BJP ya kisi bhi party ka nhi hota PM sirf desh ka hota hai agr aisa hota to rahul gandhi congress party ka PM ban jata. 17th loksabha ko bhang krke 18 loksabha ka karyakal suru krna hai isliye PM ne resign kiya hai. Party ya allaince ke MP apna leader chunenge jaise NDA sarvsammati se apna leader Modi ji ko chunenge wahi parliamentary leader PM ki sapath lega.,,,dropped:spam
swatiyoutubelife_  kaun PM ban sakte hai Modi ji ya Rahul Gandhi??,swatiyoutubelife_ kaun PM ban sakte hai Modi ji ya Rahul Gandhi??,roman,kept
"swatiyoutubelife_  Isme bura manne wali kya baat hai desh ki janta hai woh kabhi khulkar pyar deti bhi to kabhi gussa bhi hoti hai ,politics me utar chadhav hota rahta hai. Bharat ek democratic country hai isliye sabke vichar bhi alag alag hai isliye Modi ji ko iss baar kam seat mili hai Jaise aapke ghar me jab aap kuch achha kaam krti hai to mummy papa zyda khus hote hai thik waise hi desh bhi chalta hai but don't worry Modi ji 3rd time PM bnne jaa rahe hai so be happy and cheer our PM for 3rd tenure.","swatiyoutubelife_ Isme bura manne wali kya baat hai desh ki janta hai woh kabhi khulkar pyar deti bhi to kabhi gussa bhi hoti hai ,politics me utar chadhav hota rahta hai. Bharat ek democratic country hai isliye sabke vichar bhi alag alag hai isliye Modi ji ko iss baar kam seat mili hai Jaise aapke ghar me jab aap kuch achha kaam krti hai to mummy papa zyda khus hote hai thik waise hi desh bhi chalta hai but don't worry Modi ji 3rd time PM bnne jaa rahe hai so be happy and cheer our PM for 3rd tenure.",roman,kept
swatiyoutubelife_  8 June ko sapath grahan samaroh hoga aur PM Modi sapath lenge.,swatiyoutubelife_ 8 June ko sapath grahan samaroh hoga aur PM Modi sapath lenge.,roman,kept
​ @gamechanger8473  Shayad Pm to modi hi banege par pehle jitni power nhi hogi unke pas,,,dropped:spam
​ @gamechanger8473 koi baat nahin bro abhi INDIA democratic country hai aap aane do BJP ki sarkar bohat jaldi dictatorship,,,dropped:spam
"@Nasir_hussain_khan  mere bhai sabse pahle aap khud tay kar lo ki desh democratic hai ya dictatorship hai sabse pahle to aap khud confuse ho. Dusri baat agr yeh desh dictatorship hota to India allaince 232 seat kaise jeet jati ? Kya jo dictator 240 seat jeet sakta hai woh 32 seat nhi jeet sakta BJP kyo full majority se chook gyi kuch to socho janadesh ka samman hona chahiye paksh vipaksh vaad vivad chalta rahta hai yahi ek healthy democracy ki khubsurti hai. Khud apne hi desh ke election commission, evm aur judiciary ke baare me galat bolkar duniya me khud apna mazak banwate ho. Mei to kah raha hu India allaince ke paas number hai to sarkar bna le kaun rok raha hai ??",,,dropped:spam
"​ swatiyoutubelife_ political science nahin padhe hon kya, how prime minister is elected in India","​ swatiyoutubelife_ political science nahin padhe hon kya, how prime minister is elected in India",roman,kept
Same here 🌹​ swatiyoutubelife_,Same here ​ swatiyoutubelife_,roman,kept
Oh bhai pm dusra ho skta hai kyunki bjp akela sarkar nhi bna skti,Oh bhai pm dusra ho skta hai kyunki bjp akela sarkar nhi bna skti,roman,kept
V Good  News  V Nice.,,,dropped:not_valid
Bht khusi ki baat h y to bht din s chah rhe the❤❤,Bht khusi ki baat h y to bht din s chah rhe the,roman,kept
"Are mere pyare murkhon, dusre term ka istifa Dena padta hai , tabhi to tisre term ki shapath le payenge","Are mere pyare murkhon, dusre term ka istifa Dena padta hai , tabhi to tisre term ki shapath le payenge",roman,kept
बहुत खूब अब खेल शुरू होगा समय का,बहुत खूब अब खेल शुरू होगा समय का,devanagari,kept
Please regular all contractual and out sourcing employees in across the country,Please regular all contractual and out sourcing employees in across the country,roman,kept
Great   je    majaa  aa  gaa  haa  je,,,dropped:not_valid
very good,,,dropped:too_short
Bahut accha laga Dil se...,Bahut accha laga Dil se.,roman,kept
Bahut badiya,Bahut badiya,roman,kept
"Bahut achhi khabar hai,","Bahut achhi khabar hai,",roman,kept
Very good 👍,,,dropped:too_short
❤❤❤❤ very nice,,,dropped:too_short
ਝੋਲਾ ਸਿਲਵਾ ਲਿਆ ਪਹਿਲਾਂ 😂😂😂😂😂,,,dropped:not_valid
Good 👍👍👍,,,dropped:too_short
अच्छी बात है जो होता है अच्छे के लिए होता है किसी के लिए कर ना शक तो उसको भोगना पड़ेगा,अच्छी बात है जो होता है अच्छे के लिए होता है किसी के लिए कर ना शक तो उसको भोगना पड़ेगा,devanagari,kept
Such hai 😮😮,,,dropped:too_short
Ab agli baar sariya paar .. congratulations sabhi hinduon ko,Ab agli baar sariya paar .. congratulations sabhi hinduon ko,roman,kept
Aapko bhi congratulations bhai,Aapko bhi congratulations bhai,roman,kept
I love you ji🌹,I love you ji,roman,kept
मैने सोचा की अच्छे दिन आ गए,मैने सोचा की अच्छे दिन आ गए,devanagari,kept
❤❤❤❤❤ good,,,dropped:too_short
Thinks modi g,Thinks modi g,roman,kept
Sahi bat hai,Sahi bat hai,roman,kept
Ek varsh pahela no video,Ek varsh pahela no video,roman,kept
We r waiting,We r waiting,roman,kept
Bahut achha,Bahut achha,roman,kept
Bahut bdhiya 😂😂,Bahut bdhiya,roman,kept
Bahut Sundar,Bahut Sundar,roman,kept
Jay....ho🎉🎉🎉🎉🎉🎉🎉🎉,,,dropped:too_short
❤❤❤❤❤❤,,,dropped:too_short
Weldone,,,dropped:too_short
ओडिशा में पांडु कहां गायब हो गए? क्या कोई जानकारी दे सकता है?😭😭😭😭😭😭😭😭,,,dropped:not_valid
Wo tamilnadu chalagaya 😂😂😂,Wo tamilnadu chalagaya,roman,kept
O apne Laxmi bus se uske chala gaya,O apne Laxmi bus se uske chala gaya,roman,kept
Aaj 3 September 2024 ko inflation(mahangaayi) ko high stage par le gya hai modi ji,Aaj 3 September 2024 ko inflation(mahangaayi) ko high stage par le gya hai modi ji,roman,kept
Ye to खुश खबरी सुना दी,Ye to खुश खबरी सुना दी,devanagari,kept
Dhruv rathee ❤❤❤🎉🎉🎉 thank you,,,dropped:not_valid
बहुत सुन्दर,बहुत सुन्दर,devanagari,kept
Bht sahi hua,Bht sahi hua,roman,kept
Good news thanks.,Good news thanks.,roman,kept
New freedom day today.,New freedom day today.,roman,kept
Bahut badhiya,Bahut badhiya,roman,kept
🇮🇳🇮🇳🇮🇳❤️❤️❤️❤️,,,dropped:too_short
👏👏👏👏👏👏👏,,,dropped:too_short
Jai jawan jai kisaan,Jai jawan jai kisaan,roman,kept
Fakir Babu jola kaha he    😂😂😂,,,dropped:not_valid
Fakir admi jhola utha ke chal pada 😂😂😂,Fakir admi jhola utha ke chal pada,roman,kept
Fakir admi jhola utha ke chal pada desh ko chuna laga ke,Fakir admi jhola utha ke chal pada desh ko chuna laga ke,roman,kept
cool,,,dropped:too_short
Jai Ho,,,dropped:too_short
👍👍,,,dropped:too_short
❤,,,dropped:too_short
Good.,,,dropped:too_short
Acchi baat hai,Acchi baat hai,roman,kept
🙏🏻💐💐💐🙏🏻,,,dropped:too_short
❤❤❤,,,dropped:too_short
😊😊😊😊good बुरे दिन जायेगे,good बुरे दिन जायेगे,devanagari,kept
Modi is desh ko chahia❤❤,Modi is desh ko chahia,roman,kept
Permanent resignation deta tho jyda achha hota,Permanent resignation deta tho jyda achha hota,roman,kept
Kya sach mai,Kya sach mai,roman,kept
बहुत खुशी की बात है,बहुत खुशी की बात है,devanagari,kept
खुशी की बात है,खुशी की बात है,devanagari,kept
ਸ਼ੁਕਰ ਆ ਪ੍ਰਮਾਤਮਾ ਤੇਰਾਂ,,,dropped:not_valid
सत्यमेव जयते,सत्यमेव जयते,devanagari,kept
Well-done,,,dropped:too_short
Wow,,,dropped:too_short
अब तो बारिस बंद हो जाएगी हवा बंद हो जाएगी अब देश कैसे जियेगा,अब तो बारिस बंद हो जाएगी हवा बंद हो जाएगी अब देश कैसे जियेगा,devanagari,kept
True,,,dropped:too_short
Bahut kushi hue,Bahut kushi hue,roman,kept
Acha huya hai,Acha huya hai,roman,kept
8 th Jun   कब का खबर है।,,,dropped:not_valid
Esai kyu 😮😢💔💔💘😔,,,dropped:too_short
Good good good good good good good good good good,Good Good,roman,kept
Ab mana sakte h log sahi mayne me utsav,Ab mana sakte h log sahi mayne me utsav,roman,kept
बहुत सही हुओ,बहुत सही हुओ,devanagari,kept
Alhamdulilla,Alhamdulilla,roman,kept
Wah good news 🎉🎉🎉,,,dropped:not_valid
"I thought when pm given resignation with the recommendation for desolved ,then no option before parliament to exercise the making of further government.","I thought when pm given resignation with the recommendation for desolved ,then no option before parliament to exercise the making of further government.",roman,kept
बहुत सुन्दर किया है,बहुत सुन्दर किया है,devanagari,kept
Khuda meharban huwa,Khuda meharban huwa,roman,kept
Ab desh ka kuch achaa hoga 🙏👌,Ab desh ka kuch achaa hoga,roman,kept
Khushiyo ki laher,Khushiyo ki laher,roman,kept
Kya baar baar line bolke video Ko lamba bana dete Hain,Kya baar baar line bolke video Ko lamba bana dete Hain,roman,kept
Very good kabar Mubarak ho aapko,Very good kabar Mubarak ho aapko,roman,kept
Salute you sir Modi,Salute you sir Modi,roman,kept
Puranevido na batay,Puranevido na batay,roman,kept
2 pal kaa resignation kaa kya fyda,2 pal kaa resignation kaa kya fyda,roman,kept
Congratulations pmji,Congratulations pmji,roman,kept
🎉🎉🎉,,,dropped:too_short
gaa..me bambu gusa ab koi mujara nahi hoga.😮😮,gaa..me bambu gusa ab koi mujara nahi hoga.,roman,kept
Ek hi baat 100 baar boldi 2min ke video me,,,dropped:not_valid
Maja ageya,Maja ageya,roman,kept
100 istiffa dena hoga ek se nahi banega thanks by NL from village,100 istiffa dena hoga ek se nahi banega thanks by NL from village,roman,kept
Modi ji 💞❤️,,,dropped:too_short
Nice ab aap PM,Nice ab aap PM,roman,kept
"If you are calling INDI Alliance, then call ND Alliance not NDA alliance.","If you are calling INDI Alliance, then call ND Alliance not NDA alliance.",roman,kept
This our wish what we want to call we call NDA Alliance NDA KGF Alliance do you had any problems...😏😏😏😏,This our wish what we want to call we call NDA Alliance NDA KGF Alliance do you had any problems.,roman,kept
Agar yah Satya hai To badi Khushi Ki baat hai,Agar yah Satya hai To badi Khushi Ki baat hai,roman,kept
What is going on 😢,What is going on,roman,kept
भाई साहब तो जब तक जान है तब तक मैं सता पे रहेगा,भाई साहब तो जब तक जान है तब तक मैं सता पे रहेगा,devanagari,kept
🙏💙 Jay Bhim 💙🙏,,,dropped:too_short
Bahut achcha samay a gaya hai,Bahut achcha samay a gaya hai,roman,kept
"He will be reappointed.  To form a new government, pm have to resign. After new govt is formed he will be reappointed.","He will be reappointed. To form a new government, pm have to resign. After new govt is formed he will be reappointed.",roman,kept
MODIJI Has MADE OUR COUNTRY THE SUPER POWER IN THE WORLD AND SIR HAS PROVED IT ❤❤❤❤❤❤❤❤❤❤❤❤,,,dropped:not_valid
❤❤❤❤❤🎉🎉🎉🎉🎉,,,dropped:too_short
🌋🌋🇮🇳new pm Modi,,,dropped:not_valid
Pr usne tho resign kr diya????,Pr usne tho resign kr diya?,roman,kept
@yuvraj_chadgal  are bhai this is rule new pm bnne se pehle resign krna pdta hai,,,dropped:spam
@HeySRK  ok,,,dropped:spam
ACCHA HUA,,,dropped:too_short
GOOD DECISION,GOOD DECISION,roman,kept
Not to MOVE MODIJI AS SIR HAS BEEN WORKING HARD FOR THE COUNTRY WELFARE AND I STAND FOR MODIJI AND OUR COUNTRY STANDS FOR MODIJI,Not to MOVE MODIJI AS SIR HAS BEEN WORKING HARD FOR THE COUNTRY WELFARE AND I STAND FOR MODIJI AND OUR COUNTRY STANDS FOR MODIJI,roman,kept
after resignation post become EX.,after resignation post become EX.,roman,kept
Bsp mission hai samvidhan hai BSP hamare mahapurushon ka Samman hai BSP hamare mahapurushon ka Samman hai BSP Jay,Bsp mission hai samvidhan hai BSP hamare mahapurushon ka Samman hai BSP hamare mahapurushon ka Samman hai BSP Jay,roman,kept
Sahi kiya,,,dropped:too_short
Ye Purani News hai,Ye Purani News hai,roman,kept
Jay bharat sahi hua,Jay bharat sahi hua,roman,kept
",👍👍👍👍👍👍👍👍",,,dropped:too_short
Good news,,,dropped:too_short
Mere 15 lakh ka hai Modi ji,Mere 15 lakh ka hai Modi ji,roman,kept
Mere Bhai 15 lakh dekar Jana Re,Mere Bhai 15 lakh dekar Jana Re,roman,kept
देश बच गया,देश बच गया,devanagari,kept
Sach hoto bharat ke ache din aayege,Sach hoto bharat ke ache din aayege,roman,kept
4 June 2024 ko modi ji pradhanmantri bnaa,4 June 2024 ko modi ji pradhanmantri bnaa,roman,kept
Bhut achha huaa,Bhut achha huaa,roman,kept
Sabse.acha.din.ab.aaya,Sabse.acha.din.ab.aaya,roman,kept
Achcha hua,Achcha hua,roman,kept
Sensless news,Sensless news,roman,kept
Who's present PM after modi hey premanand ye kya hua 😮,Who's present PM after modi hey premanand ye kya hua,roman,kept
बहुत बहुत बहुत खुशी की बात है अब देश का भला होगा 👍🏾,बहुत बहुत बहुत खुशी की बात है अब देश का भला होगा,devanagari,kept
Acha hua 😊😊,,,dropped:too_short
So sad,,,dropped:too_short
Latest news kaha h 😮,Latest news kaha h,roman,kept
Dukh ki bat h,Dukh ki bat h,roman,kept
बहुत अच्छा हुआ ।,बहुत अच्छा हुआ .,devanagari,kept
Kya karan ho sakta hai,Kya karan ho sakta hai,roman,kept
That's impossible,That's impossible,roman,kept
Evidence to show karo dhong bahut hua,Evidence to show karo dhong bahut hua,roman,kept
Yah to bahut pahle hona tha,Yah to bahut pahle hona tha,roman,kept
Right 👍,,,dropped:too_short
डर के समाने कुछ भी हो सकता है,डर के समाने कुछ भी हो सकता है,devanagari,kept
चुनाव के पहले ही मोदी जी का इस्तेमा लेना चाहिये था फिर निवडणूक लेना चाहिये था,चुनाव के पहले ही मोदी जी का इस्तेमा लेना चाहिये था फिर निवडणूक लेना चाहिये था,devanagari,kept
Indi ki jagah India bolo abb papa to gyo,Indi ki jagah India bolo abb papa to gyo,roman,kept
Jada khus hone ki jrurt nhi h esa koi perfect person h nhi jo bharat ko sambhale.....,Jada khus hone ki jrurt nhi h esa koi perfect person h nhi jo bharat ko sambhale.,roman,kept
😢,,,dropped:too_short
Akv bat Ko kitani bar bolegi,Akv bat Ko kitani bar bolegi,roman,kept
Chalo finally India ma kuch acha hoga. Modi na pahali baar kuch acha kaam kiya ha,Chalo finally India ma kuch acha hoga. Modi na pahali baar kuch acha kaam kiya ha,roman,kept
😮😮😮,,,dropped:too_short
Adi moj nelok kana kuri kanai god ko kiyon lutega dahej  orijnal boold 🆔💊 yellwo dil huna,Adi moj nelok kana kuri kanai god ko kiyon lutega dahej orijnal boold 🆔 yellwo dil huna,roman,kept
बहुत हि मन को धक्का लगा ये सुनकर .,बहुत हि मन को धक्का लगा ये सुनकर .,devanagari,kept
अरे यार शपथ लेने से पहले इस्तिफा देना पड़ता है,अरे यार शपथ लेने से पहले इस्तिफा देना पड़ता है,devanagari,kept
"😂😂 are yaar pahle इस्तीफा देना parta  है, फिर दोबारा Pm ka sapath lena parega","are yaar pahle इस्तीफा देना parta है, फिर दोबारा Pm ka sapath lena parega",mixed,kept
बहुत खुशी हुई,बहुत खुशी हुई,devanagari,kept
Purana video... Job thisri baar modi ji jite... To resign deke  tishiri baar safat lenge... Wohi hey,Purana video. Job thisri baar modi ji jite. To resign deke tishiri baar safat lenge. Wohi hey,roman,kept
एक वर्षा पूर्वीची बातमी आता कश्याला परत परत सांगता. आता राजिनामा दिला तर जनता पेढे वाटतील सगळीकडे.,एक वर्षा पूर्वीची बातमी आता कश्याला परत परत सांगता. आता राजिनामा दिला तर जनता पेढे वाटतील सगळीकडे.,devanagari,kept
😊,,,dropped:too_short
Toh kon banega pm vai,Toh kon banega pm vai,roman,kept
Modiji best pm our india. From irshad bsnl,Modiji best pm our india. From irshad bsnl,roman,kept
🙏🙏🙏🙏🙏🙏  jay bhim jay savidhan 🙏,,,dropped:not_valid
Modi PM banege jai shree Ram ❤❤❤,Modi PM banege jai shree Ram,roman,kept
Asha kieea,Asha kieea,roman,kept
चंदन,,,dropped:too_short
😊😊😊,,,dropped:too_short
BENGAL FILES IS THE BEST MOVIE MADE BY VIVEK AGNIHOTRI AND HIS TEAM SUPER POWER MOVIE 🎬 EVERY ONE MUST WATCH  INDIA BHARAT HINDUSTAN HISTORY,BENGAL FILES IS THE BEST MOVIE MADE BY VIVEK AGNIHOTRI AND HIS TEAM SUPER POWER MOVIE EVERY ONE MUST WATCH INDIA BHARAT HINDUSTAN HISTORY,roman,kept
PM Modi ne Diya istifa veri good veri good veri good,PM Modi ne Diya istifa veri good veri good veri good,roman,kept
Ye to good news h,Ye to good news h,roman,kept
Main sok Ho gaya,Main sok Ho gaya,roman,kept
Tik huava,,,dropped:too_short
बहुत अच्छा हुआ,बहुत अच्छा हुआ,devanagari,kept
Modi ji ne aisa kyun kiya ...,,,dropped:not_valid
Bahut achcha hua,Bahut achcha hua,roman,kept
Jhuthe khabar,Jhuthe khabar,roman,kept
🚩🙏🙏🙏🙏🙏🇮🇳✋👌,,,dropped:too_short
PENDA VECHO BHAIO.,PENDA VECHO BHAIO.,roman,kept
😢😢,,,dropped:too_short
Naya p m kab bany ga,Naya p m kab bany ga,roman,kept
Ab aache din aa jaenge,Ab aache din aa jaenge,roman,kept
Good news ....but all are same,Good news .but all are same,roman,kept
😢😢😢😢😢😢,,,dropped:too_short
Aaj night ho gaya hai warna Aaj hi party karta par kal confirm h,Aaj night ho gaya hai warna Aaj hi party karta par kal confirm h,roman,kept
"Hell ! One year old news,why?","Hell ! One year old news,why?",roman,kept
Modi ji ko hi pm rahana chahiye,Modi ji ko hi pm rahana chahiye,roman,kept
But acha ki,But acha ki,roman,kept
Ya phala ka ha jb chunav hua Tha,Ya phala ka ha jb chunav hua Tha,roman,kept
मज़ा आया बोहोत अच्छा हुआ,मज़ा आया बोहोत अच्छा हुआ,devanagari,kept
VERY NICE SUPERB 👌 GOOD NEWS BJP MODI BHAGAO DESH BACHAO,VERY NICE SUPERB GOOD NEWS BJP MODI BHAGAO DESH BACHAO,roman,kept
गलत खबर देनेमे कुच्छ तो ........होना चाहीये!,,,dropped:not_valid
किसान के साथ पंगा महँगा पड़ा,किसान के साथ पंगा महँगा पड़ा,devanagari,kept
2 hajara dalte hai har mahine.....,,,dropped:not_valid
@hemantpatil733  किसान के लिए 2 हज़ार और जो भीख माँग के खाता है उसको करोड़ों का सूट चस्मा पेन वाह भाई साहब,,,dropped:spam
Haa bhai... ab kishan ko caroro rs milennge or ab har kishan raja ka jindagi jiyega...,Haa bhai. ab kishan ko caroro rs milennge or ab har kishan raja ka jindagi jiyega.,roman,kept
@mukeshkashyap5162  kishan raja hota h apni mrzi ka bhai ji,,,dropped:spam
"Ab Or Chinta mat karo Sab free me milega Gas, Petrol, Grocery, Sabji, Or Nokri Available hoga.","Ab Or Chinta mat karo Sab free me milega Gas, Petrol, Grocery, Sabji, Or Nokri Available hoga.",roman,kept
@joydeepdeb551  free ki jrurt kishan ko h b nhi ambani adani ko h kishan ko sirf fslo ka bhaav mil jaye wo hi kafi h,,,dropped:spam
April 🎉 Bana rahe hai,April Bana rahe hai,roman,kept
क्यों ना फिर से आज़ादी का जश्न मनाया जाये,क्यों ना फिर से आज़ादी का जश्न मनाया जाये,devanagari,kept
8 tarikh tak manalo 😂,8 tarikh tak manalo,roman,kept
Bna ek kaam kr Pakistan jaa😂,Bna ek kaam kr Pakistan jaa,roman,kept
8को फिर सफत लेगे 😂😂,,,dropped:not_valid
Inkalab jindabad 😂😂,Inkalab jindabad,roman,kept
🎉🎉🎉🎉,,,dropped:too_short
You are right 👍🏾,,,dropped:not_valid
Bhai pm ne tera kya bigada,Bhai pm ne tera kya bigada,roman,kept
Jo ram ka nahi wo kisi kaam ka nahi aap logo ne jaati ke nam pe vote deke dhram ke saath gaddari ki he par ant me dhram hi jeetega jai shri ram 🙏🚩🚩🚩,Jo ram ka nahi wo kisi kaam ka nahi aap logo ne jaati ke nam pe vote deke dhram ke saath gaddari ki he par ant me dhram hi jeetega jai shri ram,roman,kept
​ @ABGURUKUL abe ram ke kehne par hi chal le unhone kab kaha ki nafrat failao unki jindgi padh aur unke tarsh chalne ki koshish kar,,,dropped:spam
Wo darling bahut funny ho aap,Wo darling bahut funny ho aap,roman,kept
Kash haquiqat ha jaye,Kash haquiqat ha jaye,roman,kept
Kaha diyà.,Kaha diyà.,roman,kept
Ok,,,dropped:too_short
Good 👍👍,,,dropped:too_short
Very good,,,dropped:too_short
❤❤❤❤❤❤❤❤,,,dropped:too_short
Bohat acha huaa,Bohat acha huaa,roman,kept
❤❤❤❤❤❤❤,,,dropped:too_short
😢😢😢,,,dropped:too_short
Modi ji jundabad s,Modi ji jundabad s,roman,kept
AB SHUBH ACCHE DIN AAYEGA,AB SHUBH ACCHE DIN AAYEGA,roman,kept
😮😎🥺,,,dropped:too_short
", एक दिन  में",,,dropped:not_valid
Jaldi dene lagao Modi ji,Jaldi dene lagao Modi ji,roman,kept
Latest news batane ki koshish karo,Latest news batane ki koshish karo,roman,kept
Jo bhi svidhan se khelna chahega usaka yehi harsh hoga,Jo bhi svidhan se khelna chahega usaka yehi harsh hoga,roman,kept
"Very, good, 👍 i, like,👍",,,dropped:not_valid
Thoda samajhdar ho.... Kya hey  yea...,,,dropped:not_valid
A kam bahut pahele hona chahiye tha,A kam bahut pahele hona chahiye tha,roman,kept
Rashtra pathi ki chunav me part lene ke liye estipha dena padata hei,Rashtra pathi ki chunav me part lene ke liye estipha dena padata hei,roman,kept
अब मिलेगा 50 पेट्रोल और 250 गैस सिलेंडर जल्दी है और नही मिला तो 😡,,,dropped:not_valid
😂😂😂😂,,,dropped:too_short
Jab atal Bihari Vajpayee ji ki sarkar thi tak 32 rs petrol tha aur jab congress thi tab 50 rs to fir congress ne bhi to mahenga Kiya hai petrol congress se q nhi bole 32 rs petrol do,Jab atal Bihari Vajpayee ji ki sarkar thi tak 32 rs petrol tha aur jab congress thi tab 50 rs to fir congress ne bhi to mahenga Kiya hai petrol congress se q nhi bole 32 rs petrol do,roman,kept
😂😂😂,,,dropped:too_short
"कुछ सस्ता न करे , सिर्फ गरीबों का पैसा वापस कर लैते तो , अच्छा बहुमत हासिल करते,पर‌ नही, कितने ऐजेंट ने आत्महत्या कर ली,पर कोई फर्क नहीं पड़ता है","कुछ सस्ता न करे , सिर्फ गरीबों का पैसा वापस कर लैते तो , अच्छा बहुमत हासिल करते,पर‌ नही, कितने ऐजेंट ने आत्महत्या कर ली,पर कोई फर्क नहीं पड़ता है",devanagari,kept
50 ka petrol 250 ges cileandar vo to aap bhul jaye koy bhi party aye gi to jeb bharegi,50 ka petrol 250 ges cileandar vo to aap bhul jaye koy bhi party aye gi to jeb bharegi,roman,kept
कुछ भी कभी का कहां 😅,कुछ भी कभी का कहां,devanagari,kept
😢😢😢😢😢😢😢😢,,,dropped:too_short
बहुत खुशी की बात हुई है🎉🎉🎉,,,dropped:not_valid
😂😊 it,,,dropped:too_short
Very nice 👍 👍 👍,,,dropped:too_short
Swapna dekho,Swapna dekho,roman,kept
😢😢😢😢,,,dropped:too_short
Agarjhout. Haito. Is. Chanalko. Karway. Hona. Chahie,Agarjhout. Haito. Is. Chanalko. Karway. Hona. Chahie,roman,kept
Yogi PM BANRA HAI 🎉🎉🎉,,,dropped:not_valid
Istifa real me hai to gst ko samapt kiya jay tabhi garibo ki rahat hogi,Istifa real me hai to gst ko samapt kiya jay tabhi garibo ki rahat hogi,roman,kept
Abb desh azad huwa,Abb desh azad huwa,roman,kept
"🙏🙏🙏 मोदी जी आपके रहते हुए अच्छे दिन की जो उम्मीद थी वो तो नहीं आये लेकिन जो पहले दिन थे उससे bhi बदत्तर दिन आ गए,, आपका धन्यवाद जो आपने इस्तीफा दिया,, देश पर यही एहसान होगा","मोदी जी आपके रहते हुए अच्छे दिन की जो उम्मीद थी वो तो नहीं आये लेकिन जो पहले दिन थे उससे bhi बदत्तर दिन आ गए,, आपका धन्यवाद जो आपने इस्तीफा दिया,, देश पर यही एहसान होगा",devanagari,kept
Sach modi gya,Sach modi gya,roman,kept
1 साल पहलेकी खबर है,1 साल पहलेकी खबर है,devanagari,kept
अग्नि वीर लोग की बदुआ लगी है इनको❤❤❤❤❤❤,,,dropped:not_valid
sb bik gya,sb bik gya,roman,kept
Mujhe modi ji se koi milva di help me,Mujhe modi ji se koi milva di help me,roman,kept
Bahut Khushi Ki baat Hai,Bahut Khushi Ki baat Hai,roman,kept
Sach h ya jhoot mujhe yakeen ni ho rah h koi bato na plz,Sach h ya jhoot mujhe yakeen ni ho rah h koi bato na plz,roman,kept
आनंदा चि बातमि,आनंदा चि बातमि,devanagari,kept
Ek sal pahele ki news dikhate ho,Ek sal pahele ki news dikhate ho,roman,kept
Modi hai to desh surakshit hai nahi to Muslim desh ban jata😭😭😭😭😭,Modi hai to desh surakshit hai nahi to Muslim desh ban jata,roman,kept
Zulm ke hukumat na kese ke Rahi hai na kese ke rahegi inshallah,Zulm ke hukumat na kese ke Rahi hai na kese ke rahegi inshallah,roman,kept
Camliya he,Camliya he,roman,kept
Ab bolo modi sarkar,Ab bolo modi sarkar,roman,kept
Samjh se baher ha khaber jhuthi ha ya sachi ha,Samjh se baher ha khaber jhuthi ha ya sachi ha,roman,kept
Sab se achcha kaam kiya😂,Sab se achcha kaam kiya,roman,kept
Hasal humanyua k sar lekin khoi khay ke,Hasal humanyua k sar lekin khoi khay ke,roman,kept
Eas khabar ko bar bar dekhanea ka kiya matlab ha ab tou 2025 aanea wala ha mujea tou lagata ha ki kalyug nea sab kea demag mea apna duaa jama kar deta ha,Eas khabar ko bar bar dekhanea ka kiya matlab ha ab tou 2025 aanea wala ha mujea tou lagata ha ki kalyug nea sab kea demag mea apna duaa jama kar deta ha,roman,kept
Kisan ke sath panga mahanga Pada,Kisan ke sath panga mahanga Pada,roman,kept
Bhai neet exam scam pr kb tmlog bat kroge,Bhai neet exam scam pr kb tmlog bat kroge,roman,kept
Koii nii bolega yr ...abhi casre religion ka baat hota tb na Bolte 😏,Koii nii bolega yr .abhi casre religion ka baat hota tb na Bolte,roman,kept
kindly dont fool the people,kindly dont fool the people,roman,kept
Jai Congress,Jai Congress,roman,kept
Best of luck Modi,Best of luck Modi,roman,kept
Ye purani khaber hai,Ye purani khaber hai,roman,kept
Next pm dhruv rathee ❤,Next pm dhruv rathee,roman,kept
Jhola chek kar lenaa jaane se pahle,Jhola chek kar lenaa jaane se pahle,roman,kept
🎉🎉🎉🎉🎉?,,,dropped:too_short
Lalu ji sahi bole the,Lalu ji sahi bole the,roman,kept
ये भी जुमला ही होगा,ये भी जुमला ही होगा,devanagari,kept
Modi ji plzz dobara mt aana😢😢,Modi ji plzz dobara mt aana,roman,kept
😭😭😭😭😭😭😭😭,,,dropped:too_short
खाओ मा कसम,खाओ मा कसम,devanagari,kept
Galat news kyon failate Ho bhai,Galat news kyon failate Ho bhai,roman,kept
ખુશીકિબાતહે,,,dropped:not_valid
Ab kalki avitar ka raj hoga desh ke sab sarkari karam chari par lagam kasega,Ab kalki avitar ka raj hoga desh ke sab sarkari karam chari par lagam kasega,roman,kept
Very good 😂,,,dropped:too_short
Modiji should retire and make way for others within the party.  2 terms enough for him afterall he did not get majority on his own.  He wants to create history for himself.,Modiji should retire and make way for others within the party. 2 terms enough for him afterall he did not get majority on his own. He wants to create history for himself.,roman,kept
Humko Ahir regiment chahie,Humko Ahir regiment chahie,roman,kept
Hi sir modi ji is very popular leader.,Hi sir modi ji is very popular leader.,roman,kept
हहह,,,dropped:too_short
Are Bhai saphat lene se pahle estipha Diya jata hai jise modi ji ne diye hai ab ak ya do din me pradhan mantari pad ke liye phir se sapat lenge,Are Bhai saphat lene se pahle estipha Diya jata hai jise modi ji ne diye hai ab ak ya do din me pradhan mantari pad ke liye phir se sapat lenge,roman,kept
Modi ji Rastrpati bnenge,Modi ji Rastrpati bnenge,roman,kept
Damodar Modi ka orijnal gotra kiya hai,Damodar Modi ka orijnal gotra kiya hai,roman,kept
I do not BELEAVE it. Do not fool public.,I do not BELEAVE it. Do not fool public.,roman,kept
Kissan our jawan ka sat panga mahinga pada😂,Kissan our jawan ka sat panga mahinga pada,roman,kept
झूठ😮 खबर है a 1साल पुराने vidio है।,झूठ खबर है a 1साल पुराने vidio है.,devanagari,kept
Acha huaa kya suraj paschim se uga hie,Acha huaa kya suraj paschim se uga hie,roman,kept
Puraani video hai itna khus mat hon,Puraani video hai itna khus mat hon,roman,kept
Dhruv rathe jindabad❤,Dhruv rathe jindabad,roman,kept
Rast pati to already pm isre pe chata h,Rast pati to already pm isre pe chata h,roman,kept
"जो हो रहा है, शायद सही ही हो रहा होगा।","जो हो रहा है, शायद सही ही हो रहा होगा.",devanagari,kept
Mode seffaa  da to 2naareyLa todu,Mode seffaa da to 2naareyLa todu,roman,kept
Ab India Rojgar Ban Jayegi pm Rahul Gandhi Rojgar banaa Denge Hindustan mei,Ab India Rojgar Ban Jayegi pm Rahul Gandhi Rojgar banaa Denge Hindustan mei,roman,kept
Modi..he..to..mumkin..he.....vapis..fir..aayege....modi..he..to..mumkin..he😂😂😂..moj...moj😂😂😂,,,dropped:not_valid
Jaldi do istifa,Jaldi do istifa,roman,kept
गयी पनौती 😊 !मानो या न मानो अच्छे दीन जरूर आयेगें  !,गयी पनौती !मानो या न मानो अच्छे दीन जरूर आयेगें !,devanagari,kept
Avi India 🇮🇳 ma sob mor na ka time ⏲️ joldi aya ga just wait kro Tura sobbbbbbbbbb 😢,Avi India ma sob mor na ka time ⏲️ joldi aya ga just wait kro Tura sobb,roman,kept
Agara masa ageta ehade chhadabta utuv mane bhi ghatia  karsan modi damko koi senaka bada lok amerika etyafi desko chhupakar kio bataya unkeesare sindur durbalhuaa,Agara masa ageta ehade chhadabta utuv mane bhi ghatia karsan modi damko koi senaka bada lok amerika etyafi desko chhupakar kio bataya unkeesare sindur durbalhuaa,roman,kept
Power of dhruv Rathee,Power of dhruv Rathee,roman,kept
Now the muslim are very happy,Now the muslim are very happy,roman,kept
Apna ijajat bcha liya,Apna ijajat bcha liya,roman,kept
Damodar Modi India sarkari ka orijnal boold 🆔💊 ko nukiri diya,Damodar Modi India sarkari ka orijnal boold 🆔 ko nukiri diya,roman,kept
Respect for modi ji❤❤❤❤❤,,,dropped:not_valid
😂😂😂😂😂,,,dropped:too_short
Dr. Himanta Biswa Sharma should be our prime minister,Dr. Himanta Biswa Sharma should be our prime minister,roman,kept
Ooo...yarrrr .....yessssss.....😂😅😅😅,,,dropped:not_valid
15 lack kisse lenge,15 lack kisse lenge,roman,kept
Modi jindabad,Modi jindabad,roman,kept
वलकर जमा करा,वलकर जमा करा,devanagari,kept
MODI NE P M. PAD SE  RASTROPOTI KO ISTEFA DIYA  RASTROPOT NE. SWEEkAR KAR LIYE,MODI NE P M. PAD SE RASTROPOTI KO ISTEFA DIYA RASTROPOT NE. SWEEkAR KAR LIYE,roman,kept
Ajad mehsus kar raha hu😂😂😂😂,Ajad mehsus kar raha hu,roman,kept
We always stand with BJP.modi ji❤,We always stand with BJP.modi ji,roman,kept
Yogi jiii ko laye,Yogi jii ko laye,roman,kept
मोदी को बोलो होला उठा ले निकल ले यहांसे चुपचाप,मोदी को बोलो होला उठा ले निकल ले यहांसे चुपचाप,devanagari,kept
फासी कब होगी,फासी कब होगी,devanagari,kept
"बहुत अच्छा ,pacl company ka paisa return na करने पर गरीब लोगों की बददुआ लगी है","बहुत अच्छा ,pacl company ka paisa return na करने पर गरीब लोगों की बददुआ लगी है",mixed,kept
Modi tata by by,Modi tata by by,roman,kept
Modi ji ager aap stifa denge to ache din aa hi jayega.,Modi ji ager aap stifa denge to ache din aa hi jayega.,roman,kept
Kha se mil gya bahumat hat भाखलोल,Kha se mil gya bahumat hat भाखलोल,roman,kept
Achchha हुवा पनोती गया 😂,Achchha हुवा पनोती गया,mixed,kept
परत मोदी सारखा पंतप्रधान होने नाही😢😢😢😢😢😢😢,परत मोदी सारखा पंतप्रधान होने नाही,devanagari,kept
नहीं नहीं ये भी उसकी चल है फिर उसकी पार्टी जीतेगी 😂,नहीं नहीं ये भी उसकी चल है फिर उसकी पार्टी जीतेगी,devanagari,kept
Do HaJar Chbis Ka  News  He,Do HaJar Chbis Ka News He,roman,kept
Eee ponhan Marella Isthifa paranju paranju daily padikkayano,Eee ponhan Marella Isthifa paranju paranju daily padikkayano,roman,kept
Nahi dena chiye istifa agar diya h to yogi ji bne agle pm,Nahi dena chiye istifa agar diya h to yogi ji bne agle pm,roman,kept
ਵਧਾਈਆਂ ਵਧਾਈਆ ਸਭ ਕੋ ਵਧਾਈਆ,,,dropped:not_valid
Wha 😂😂,,,dropped:too_short
Modi ko pm hona chaahiye tha lion 🦁 tha bahut dukh huaa Dil toot Gaya hai,Modi ko pm hona chaahiye tha lion tha bahut dukh huaa Dil toot Gaya hai,roman,kept
कहीं ये फेंक वीडियो तो नहीं,कहीं ये फेंक वीडियो तो नहीं,devanagari,kept
"Peli bar kuch achcha kaam kiya hai, ab pata nahi ye sach hai, ya ye bhi iski koi chaal ya koi, naya joomla,","Peli bar kuch achcha kaam kiya hai, ab pata nahi ye sach hai, ya ye bhi iski koi chaal ya koi, naya joomla,",roman,kept
Alhamdulillah,Alhamdulillah,roman,kept
Modi ko hi Banna chahiye,Modi ko hi Banna chahiye,roman,kept
Dhruv rathee impact on india 😂,Dhruv rathee impact on india,roman,kept
Ab ka bhar modi par,Ab ka bhar modi par,roman,kept
Bahut sundar BJP bhagao desh bachao,Bahut sundar BJP bhagao desh bachao,roman,kept
Wapas nahi ana,Wapas nahi ana,roman,kept
Sabh jumla 2026,,,dropped:not_valid
झूठी खबरें क्यों देते हो,झूठी खबरें क्यों देते हो,devanagari,kept
Jy puranavidio hy,Jy puranavidio hy,roman,kept
All the stolen money???? Where is it?,All the stolen money? Where is it?,roman,kept
G 20 greeting card ♦️♠️ hai maa beta dono ko kiyon nahi mante hai india ke log.,G 20 greeting card ️ ️ hai maa beta dono ko kiyon nahi mante hai india ke log.,roman,kept
Ab sari jindagi modi pm nhi bnega,Ab sari jindagi modi pm nhi bnega,roman,kept
अबी 25 में किसान सबक़ और सिखाएगा,अबी 25 में किसान सबक़ और सिखाएगा,devanagari,kept
Old news,,,dropped:too_short
I love you modi ji❤❤❤❤❤,,,dropped:not_valid
😅😅😅😅😅😅😅😅😅😅,,,dropped:too_short
👁️👁️,,,dropped:too_short
आजादी आजादी आजादी जय श्री राम जय श्री कृष्णा,आजादी आजादी आजादी जय श्री राम जय श्री कृष्णा,devanagari,kept
😅😅😅😅,,,dropped:too_short
Purana news ko kyun dikhate rahte ho bakwas hai.,Purana news ko kyun dikhate rahte ho bakwas hai.,roman,kept
Modi ji ab kbhe pm na bane,Modi ji ab kbhe pm na bane,roman,kept
આ કઇ ચેનલ છે...????,,,dropped:not_valid
Bangla or gadian.kab.sopenge,Bangla or gadian.kab.sopenge,roman,kept
Feq vidiyo old vidiyo bandha kar,Feq vidiyo old vidiyo bandha kar,roman,kept
Dhruv rathi long live,Dhruv rathi long live,roman,kept
गलत समाचार दिखा कर क्या दिखाना चाहते है।,गलत समाचार दिखा कर क्या दिखाना चाहते है.,devanagari,kept
Ye galiya ye chobara yaha aana na dubara modi kabhi bi ab PM bann ne ka sochna 😊,Ye galiya ye chobara yaha aana na dubara modi kabhi bi ab PM bann ne ka sochna,roman,kept
ऐसे समाचार मत दिखाओ,ऐसे समाचार मत दिखाओ,devanagari,kept
Thanku modi jii,Thanku modi jii,roman,kept
Thank you for what,Thank you for what,roman,kept
Modi ji estifa ya resign Dene ki liye thanku,Modi ji estifa ya resign Dene ki liye thanku,roman,kept
Dhruv rathee is the great man in this fight,Dhruv rathee is the great man in this fight,roman,kept
झूठी न्यूज़ शर्म आनी चाहिए,झूठी न्यूज़ शर्म आनी चाहिए,devanagari,kept
😂😂😂😂😂😂😂,,,dropped:too_short
Ye be sharm ko itni sharm kaise agyi iski gairat kyu jaag gyi h,Ye be sharm ko itni sharm kaise agyi iski gairat kyu jaag gyi h,roman,kept
Jab janta sarkar se woob Jaye to sarkar satta chhor de eesse koye Fark nhi perta hai Janta khud kmana khana janti Hain diye gye tukro ki perwah nhi kerte Hain  Ye sab sansad wall ka khel hai sasta mein khate aur nawtank drama kerte hain,Jab janta sarkar se woob Jaye to sarkar satta chhor de eesse koye Fark nhi perta hai Janta khud kmana khana janti Hain diye gye tukro ki perwah nhi kerte Hain Ye sab sansad wall ka khel hai sasta mein khate aur nawtank drama kerte hain,roman,kept
इस्तीफा देगा तब न तीसरा टर्म का शपत लेंगे,इस्तीफा देगा तब न तीसरा टर्म का शपत लेंगे,devanagari,kept
Accha esa bi kuch hotha h??,Accha esa bi kuch hotha h??,roman,kept
Resident579  so in this case what modi had said??,Resident579 so in this case what modi had said??,roman,kept
Hamare pass bramosh misil operesindor yad karo yeh modi hai isrel ka frends hai,Hamare pass bramosh misil operesindor yad karo yeh modi hai isrel ka frends hai,roman,kept
Ab yogi baba banenge prime minister,Ab yogi baba banenge prime minister,roman,kept
Jhuta News.faila raha hay.,Jhuta News.faila raha hay.,roman,kept
India ghathabandan ap ni daba pesh kar sakte hai yah new mujh yakin hi nehi,India ghathabandan ap ni daba pesh kar sakte hai yah new mujh yakin hi nehi,roman,kept
Kya karta logo ki dil me chhed ho raha tha ab dekhate hai kya garib janta ko kon pm samjhega modi is best,Kya karta logo ki dil me chhed ho raha tha ab dekhate hai kya garib janta ko kon pm samjhega modi is best,roman,kept
This is sub zut like zute,This is sub zut like zute,roman,kept
What a joke,What a joke,roman,kept
Modi Maha dev avtar hai istifa nahi dena chai Hindu dhram khatre me hai,Modi Maha dev avtar hai istifa nahi dena chai Hindu dhram khatre me hai,roman,kept
मोदी इस्तीफा,मोदी इस्तीफा,devanagari,kept
"Harzana bhi dena hoga p m modi ji , 140 carod janta ko ,Hume maaf karna, audit kar liye hain hum , 🙏","Harzana bhi dena hoga p m modi ji , 140 carod janta ko ,Hume maaf karna, audit kar liye hain hum ,",roman,kept
ठाकुरो ने राजनीति ख़त्म कर दी भाजपा की,ठाकुरो ने राजनीति ख़त्म कर दी भाजपा की,devanagari,kept
Bhai Aisa nhi hai humare yaha jitne v thakur hai sabne bjp ko hi vote Diya baki jinka dimag kharab hai unko kuch kaha nhi ja sakta,Bhai Aisa nhi hai humare yaha jitne v thakur hai sabne bjp ko hi vote Diya baki jinka dimag kharab hai unko kuch kaha nhi ja sakta,roman,kept
Ranjna gasti kya kregi 😂😂,Ranjna gasti kya kregi,roman,kept
Jmabhi ki latest news batao feko mat,Jmabhi ki latest news batao feko mat,roman,kept
Istifa toh dena hoga He has done 75 years completed.  New pm should become Nimala she is educated lady my vote is go for Nimala sitaraman.,Istifa toh dena hoga He has done 75 years completed. New pm should become Nimala she is educated lady my vote is go for Nimala sitaraman.,roman,kept
Feko nahi.oppodiyion has does not have unity,Feko nahi.oppodiyion has does not have unity,roman,kept
Yogiji ko pm banao,Yogiji ko pm banao,roman,kept
"Election karane ki jaroorat bhi nhi, election ko 5-10 dal ke liye suspend rakhna hoga. Election ki abhi koi baat nhi krni hogi.","Election karane ki jaroorat bhi nhi, election ko 5-10 dal ke liye suspend rakhna hoga. Election ki abhi koi baat nhi krni hogi.",roman,kept
पुराना वीडियोप्रस्तुत कर अपना और पब्लिक का समय क्यों बर्बाद कर रहे हो।,पुराना वीडियोप्रस्तुत कर अपना और पब्लिक का समय क्यों बर्बाद कर रहे हो.,devanagari,kept
🤪🤪🤪🤪🤪❤️,,,dropped:too_short
🇳🇪,,,dropped:too_short
Itna bada dil nahin hai istifa denge .bidesh kaise ghumenge .photo session kaise hoga .,Itna bada dil nahin hai istifa denge .bidesh kaise ghumenge .photo session kaise hoga .,roman,kept
A jisu ale sanam Isai adibasi manawa ku dayawale Isor baba 😹💯💕💜🙌✋👏👏 sarhama police wale 15 Agust ko selute karte hai mother Teresa 💞 ❣️ world Salman Khan at India Bible College Ranchi Jharkhand Father misson india अ,A jisu ale sanam Isai adibasi manawa ku dayawale Isor baba sarhama police wale 15 Agust ko selute karte hai mother Teresa ️ world Salman Khan at India Bible College Ranchi Jharkhand Father misson india अ,roman,kept
Yah sab TRP per tutane ke liye,Yah sab TRP per tutane ke liye,roman,kept
मेरा दिल अंतर आत्मा को शुकून मिला,मेरा दिल अंतर आत्मा को शुकून मिला,devanagari,kept
मज़ा आ गया,मज़ा आ गया,devanagari,kept
Bahut Khushi ki baat hai desh ke acche din ayenge,Bahut Khushi ki baat hai desh ke acche din ayenge,roman,kept
We lost our Gem!,We lost our Gem!,roman,kept
Its just formality brother,Its just formality brother,roman,kept
​ @SAQIBGAMERJI  to modiji fir se gaddi me aayenge kya bhai ?,,,dropped:spam
@raja_chaurasia15  yes absolutely,,,dropped:spam
@raja_chaurasia15  its just end of previous term,,,dropped:spam
Nda will submit another file to make govt on india beacuse they have majority  And probably pm will take oth on 8 june,Nda will submit another file to make govt on india beacuse they have majority And probably pm will take oth on 8 june,roman,kept
@SAQIBGAMERJI  Thanks brother now I understood 😃,,,dropped:spam
@raja_chaurasia15  ❤,,,dropped:spam
​ @SAQIBGAMERJI bhai I Love you bhai jab maina suna ke ya stipha de raha hai tab mai Rona laga tha par ab ya sun kar accha laga Raha hai ke ya bs ak formality hai ❤❤❤,,,dropped:spam
Yeh Sala Ho Kya Raha Hai Odisha Mein Pehli Baar Bjp Aya Aur Yeh Sunne Ko Mil Raha Hai 😭,Yeh Sala Ho Kya Raha Hai Odisha Mein Pehli Baar Bjp Aya Aur Yeh Sunne Ko Mil Raha Hai,roman,kept
@RajanKumar-tg1wb  are bhai modi sir phir se ayenge,,,dropped:spam
​ @RajanKumar-tg1wb  yeh to hona hi tha 25yr se BJD ne kuchh achha nahi Kiya Jo Western odisha main to puchho hi mat   Finally 😮‍💨,,,dropped:spam
And we gain diamond 💎,And we gain diamond,roman,kept
@Zyrenis-z2n  tujhse pucha nahi,,,dropped:spam
@Karan_x_Editx   i was not replying to you🗿 I was  just saying my opinion🗿,,,dropped:spam
@Zyrenis-z2n  you're barking in my Reply btw*,,,dropped:spam
@Karan_x_Editx  🗿,,,dropped:spam
😅😅😅,,,dropped:too_short
@SAQIBGAMERJI,,,dropped:spam
हमारे को प्रधानमंत्री हमारा राहुल गांधी चाहिए,हमारे को प्रधानमंत्री हमारा राहुल गांधी चाहिए,devanagari,kept
Modi ji 2 cror nokri or 15 lakh to de jate 😢😢,,,dropped:not_valid
Modi ne kabhi nhi bola hai 15L dene ka lekin tere PAPPU ne bola tha.,Modi ne kabhi nhi bola hai 15L dene ka lekin tere PAPPU ne bola tha.,roman,kept
Rahul seedha road PaR redhi khulwayega 😵‍💫🤣🤣🤣,Rahul seedha road PaR redhi khulwayega,roman,kept
😂😂,,,dropped:too_short
😂😂😂😂😂😂,,,dropped:too_short
😂sahi baat,,,dropped:too_short
Kapde utarke tel lagake let jaa modi ji aa rahe dene k liye,Kapde utarke tel lagake let jaa modi ji aa rahe dene k liye,roman,kept
Raaste ke samne Tokri leke baitho mil Jayega.,Raaste ke samne Tokri leke baitho mil Jayega.,roman,kept
मुर्मू को इस्तीफा मिला है मोदी को नहीं,मुर्मू को इस्तीफा मिला है मोदी को नहीं,devanagari,kept
काहे को फैकम फेक न्यूज़ लेट हो रे,काहे को फैकम फेक न्यूज़ लेट हो रे,devanagari,kept
Pm. Modi. Ji. Ko. Istifa. Nahi. Dena. Chahiye,,,dropped:not_valid
Rahul Gandhi ko kab deyeghe itipha ✋✋✋✋✋✋🎂🎂🎂🎂🎂,,,dropped:not_valid
Thodi bohot sharam bachi ho to gadkari ji ko pm bana do,Thodi bohot sharam bachi ho to gadkari ji ko pm bana do,roman,kept
ये कभी कि खबर है शायद पुराणी है जनता को ये पागल समस्ती है,ये कभी कि खबर है शायद पुराणी है जनता को ये पागल समस्ती है,devanagari,kept
Kejriwal ko batao Modi ki jagah,Kejriwal ko batao Modi ki jagah,roman,kept
जय श्री राम जय जय श्री राम 🙏 मोदीजी को लाओ देश बचाओ 🙏 मोदीजी के राज और योगी आदित्यनाथ जी महाराज के राज में हम सुरक्षित है ओर तों सब गुंडा राज हैं हम सब सुरक्षित रहेंगे तो थोड़ा भी खा लेंगे जय श्री राम 🙏🙏🚩,जय श्री राम जय जय श्री राम मोदीजी को लाओ देश बचाओ मोदीजी के राज और योगी आदित्यनाथ जी महाराज के राज में हम सुरक्षित है ओर तों सब गुंडा राज हैं हम सब सुरक्षित रहेंगे तो थोड़ा भी खा लेंगे जय श्री राम,devanagari,kept
modi mukht Bharat,modi mukht Bharat,roman,kept
Tere 20 baap 😂😂😂😂😂😂😂,,,dropped:not_valid
Islam mukt world,Islam mukt world,roman,kept
फेक न्यूज मत डालो‌ और लोगों की भावनाओं से मत खेलो।,फेक न्यूज मत डालो‌ और लोगों की भावनाओं से मत खेलो.,devanagari,kept
Modi hatao Bharat bachao  Jai Hind Jai Bharat,Modi hatao Bharat bachao Jai Hind Jai Bharat,roman,kept
Modi majik khatam,Modi majik khatam,roman,kept
Aarkkada Modiyude Isthifa vendathu vayum polichirunno kory annakkil ozhichutharam,Aarkkada Modiyude Isthifa vendathu vayum polichirunno kory annakkil ozhichutharam,roman,kept
Kyu diya zooth bol rahe hai,Kyu diya zooth bol rahe hai,roman,kept
सभी झूटी खबरे है.,सभी झूटी खबरे है.,devanagari,kept
Jab tack bjp shar car hogiy tab tack pakitan naahi bjp  kuhd dhagah carey giy desmen,Jab tack bjp shar car hogiy tab tack pakitan naahi bjp kuhd dhagah carey giy desmen,roman,kept
Pappu Sahu ne liye vah paise  Apni betiyon ki shaadi mein lagane ke liye  Ward number 20 ke Pappu Sahu ne liye apni ladkiyon ki shaadi ki lagane ke liye voice match aur chuhe ki table ke karobar ho sake ham tumhari madad karte rahenge,Pappu Sahu ne liye vah paise Apni betiyon ki shaadi mein lagane ke liye Ward number 20 ke Pappu Sahu ne liye apni ladkiyon ki shaadi ki lagane ke liye voice match aur chuhe ki table ke karobar ho sake ham tumhari madad karte rahenge,roman,kept
Jay congres Vijay congres,Jay congres Vijay congres,roman,kept
Yogi baba ko banao pm,Yogi baba ko banao pm,roman,kept
बुध्दि बाली पोस्ट डालों,बुध्दि बाली पोस्ट डालों,devanagari,kept
President shashn nhi bhart me rashterpti shashn aur priemminster shashn lagu kiya jaye pls kyuki himacham kee situation ye meadia ya pure bhart kee bhi ho skti yad rkhna is time himachal kee situatiation bihari ko bolte bhikhari se buri hogi yad rkhna nhi smbhle mar kat start ho jayegi pta kre kaise greebi aayi abhi moka hai himachal ko dekho kyuki himachal kee trh kisi aur ya pure bhart kee halt na ho agr khte gulam nhi honge do char stat aise ho gye bhart gulam ye kya ho rha,President shashn nhi bhart me rashterpti shashn aur priemminster shashn lagu kiya jaye pls kyuki himacham kee situation ye meadia ya pure bhart kee bhi ho skti yad rkhna is time himachal kee situatiation bihari ko bolte bhikhari se buri hogi yad rkhna nhi smbhle mar kat start ho jayegi pta kre kaise greebi aayi abhi moka hai himachal ko dekho kyuki himachal kee trh kisi aur ya pure bhart kee halt na ho agr khte gulam nhi honge do char stat aise ho gye bhart gulam ye kya ho rha,roman,kept
Yah jhuthi khabar hai,Yah jhuthi khabar hai,roman,kept
",sapna dakho",",sapna dakho",roman,kept
Doobara Mt Lena 😂,Doobara Mt Lena,roman,kept
Abki bar padha likha pm chahiye,Abki bar padha likha pm chahiye,roman,kept
Abki bar tuje kya 12 pass pm chahiye 😂😂,,,dropped:not_valid
Ye Jhoothi News de rahi hai,Ye Jhoothi News de rahi hai,roman,kept
SC st OBC me se pm ho sang cuna huwa pm nahi manusmriti layenge jay sawidhan .,SC st OBC me se pm ho sang cuna huwa pm nahi manusmriti layenge jay sawidhan .,roman,kept
Modi aur shaha 2014 se railway motti rakam farji nakali 420diparmental jr sr engineer adhikari aur OS banara hai aur sath me sem direct bharti kr rha hai aur d group ka koi bhi promotion nahi hua fir bhi dimotion kr rha hai o bhi 5sal tk aur sath me transfer bhi??,Modi aur shaha 2014 se railway motti rakam farji nakali 420diparmental jr sr engineer adhikari aur OS banara hai aur sath me sem direct bharti kr rha hai aur d group ka koi bhi promotion nahi hua fir bhi dimotion kr rha hai o bhi 5sal tk aur sath me transfer bhi??,roman,kept
Are mere 15 लाख दे के जा 😅,,,dropped:not_valid
Hinjda??,,,dropped:too_short
Kyun bhranit karte ho,Kyun bhranit karte ho,roman,kept
Syria istifa dene garibon ko maar Dala Jaan se khatm kar Diya Kasauli Chad ke mar jaaye koi kaise kud ke mar raha koi kaise mare hain to bada Ghar kar diya pure Desh ka jindagi kharab kar di garibon ki ham 2005 kamate Hain pure din aur hamen marva Diya iski vajah se kisi Ko Naukri bhi nahin na kuchh Mila,Syria istifa dene garibon ko maar Dala Jaan se khatm kar Diya Kasauli Chad ke mar jaaye koi kaise kud ke mar raha koi kaise mare hain to bada Ghar kar diya pure Desh ka jindagi kharab kar di garibon ki ham 2005 kamate Hain pure din aur hamen marva Diya iski vajah se kisi Ko Naukri bhi nahin na kuchh Mila,roman,kept
India royega khoon ke ansu 🙂,India royega khoon ke ansu,roman,kept
Manipur,,,dropped:too_short
​​ @Amithh-t3t Santi se rahlo manipuri Manipuri karte rehteho,,,dropped:spam
@jmlife3223  kyu Manipur mai insaan nahi hai kya jab tere kisi ka sath hota kabhi kuch bolta,,,dropped:spam
Kota Patna kachra deti Ho Ek Taraf PM Modi Vishva Mein Kiska Rakhna isase pahle Diya 1,Kota Patna kachra deti Ho Ek Taraf PM Modi Vishva Mein Kiska Rakhna isase pahle Diya 1,roman,kept
کوی کام نہی ملتا پورا نا خبر پہنچا تے ہو,,,dropped:not_valid
Kaha gya modi ka beto papa ko bacha lo,Kaha gya modi ka beto papa ko bacha lo,roman,kept
Agar esa nhi hua to 😅jhuti chal pagali 😂,Agar esa nhi hua to jhuti chal pagali,roman,kept
Fakir admi jhola utha ke chal pada desh ko chuna laga ke 😠😠😠😠,Fakir admi jhola utha ke chal pada desh ko chuna laga ke,roman,kept
Puranik news dekhakar bhramet karta hai ye chenal,Puranik news dekhakar bhramet karta hai ye chenal,roman,kept
Pm modi bhi ache the but acha kiya kisi or ko bhi muka milna chaiye,Pm modi bhi ache the but acha kiya kisi or ko bhi muka milna chaiye,roman,kept
Ab Rahal  gandhi,Ab Rahal gandhi,roman,kept
😂😂😂😂😂😂😂😂😂😂😂😂😂 nautaki bass karo madam ..,,,dropped:not_valid
Jhooti kyon bakti hay,Jhooti kyon bakti hay,roman,kept
Jhutha hai purana neuj,Jhutha hai purana neuj,roman,kept
rahul hoga😂😂😂,,,dropped:not_valid
Sherbajar.pehla.crash.thay.jooth,Sherbajar.pehla.crash.thay.jooth,roman,kept
Bahut acha panoti gayi,Bahut acha panoti gayi,roman,kept
बोहोत बढिया हूआ झोला ले के चल पडो,बोहोत बढिया हूआ झोला ले के चल पडो,devanagari,kept
बासी न्यूज है,बासी न्यूज है,devanagari,kept
Modi gaya telanda me,Modi gaya telanda me,roman,kept
Yogi Aditya nath PM banega,Yogi Aditya nath PM banega,roman,kept
Agar ye baat jhooth nikli to tere ko paap lagega,Agar ye baat jhooth nikli to tere ko paap lagega,roman,kept
"सच में इस्तीफा देने की देश पर कृपा कर रहे हैँ,,","सच में इस्तीफा देने की देश पर कृपा कर रहे हैँ,,",devanagari,kept
"😂 आखिर नान बायोलॉजिकल, महामानव, को  "" झोला "" लेना ही पडा ?  😂 अब बहुत दुख हो रहा होगा ? 😂अब किसे सुनाएं मन की बात? 😂 कहा  करे मनमानी (तानाशाही )?😂",,,dropped:not_valid
प्रधानमंत्री राहुल गांधी को बनाना चाहिए❤❤,प्रधानमंत्री राहुल गांधी को बनाना चाहिए,devanagari,kept
एक साल पुरानी खबर का वीडीओ है। चुनाव के बाद नई सरकार के पहले यही प्रावधान है। तब तो कोई बवाल नहीं था जनता के मन में। इन्होंने हिंदू जगाया है तो हिन्दू भी चुप नहीं बैठेगा 2027 में।,एक साल पुरानी खबर का वीडीओ है. चुनाव के बाद नई सरकार के पहले यही प्रावधान है. तब तो कोई बवाल नहीं था जनता के मन में. इन्होंने हिंदू जगाया है तो हिन्दू भी चुप नहीं बैठेगा 2027 में.,devanagari,kept
Modiko Bharat ka PM 10000 sal Rakho Modi bina janta jinda nahi rahegi Modi ki Guarantee hai Modi jindabad Amar Rahe kayam PM Rahe Vikas shetkari gariboke liye Modi ki jarurat hai Modi ka Mandir Banavo Janta puja karegi ye Modi ki Guarantee hai Modi kayam PM Rahe 10000 sal ye Jantaki Ichha hai modi jindabad Amar Rahe,Modiko Bharat ka PM 100 sal Rakho Modi bina janta jinda nahi rahegi Modi ki Guarantee hai Modi jindabad Amar Rahe kayam PM Rahe Vikas shetkari gariboke liye Modi ki jarurat hai Modi ka Mandir Banavo Janta puja karegi ye Modi ki Guarantee hai Modi kayam PM Rahe 100 sal ye Jantaki Ichha hai modi jindabad Amar Rahe,roman,kept
भारत की  सबसे बड़ी खुशी की बात भाजपा गई सबके पास मोहब्बत की दुकान,भारत की सबसे बड़ी खुशी की बात भाजपा गई सबके पास मोहब्बत की दुकान,devanagari,kept
Modi ji ko hi pm hona chahiye  😕,Modi ji ko hi pm hona chahiye,roman,kept
Pehli baar kuch achcha kaam kiya hai 😂😂,Pehli baar kuch achcha kaam kiya hai,roman,kept
ਬਹੁਤ ਖੁਸੀ ਦੀ ਗੱਲ ਹੈ  ਪੂਰੇ ਭਾਰਤ ਵਾਸੀਓ ਨੂੰ ਲੱਖ ਲੱਖ ਵਧਾਈ ਹੋਵੇ। ਹੁਣ ਮੋਦੀ ਤੇ ਇਨਕੁਆਰੀ ਹੋਣੀ ਚਾਹੀਦੀ ਹੈ,,,dropped:not_valid
Mujhe to itni khushi ho rahi h ki bata nhi skti  Or independence day celebration hona chahiye,Mujhe to itni khushi ho rahi h ki bata nhi skti Or independence day celebration hona chahiye,roman,kept
Same here bro😂😂😂,,,dropped:not_valid
bilkul love you from kashmir bhai jaan,bilkul love you from kashmir bhai jaan,roman,kept
अब की बार 400पार,,,dropped:not_valid
मैडम सरकार बनके साल से ज्यादा हो गया.,मैडम सरकार बनके साल से ज्यादा हो गया.,devanagari,kept
15 lakh to dete jao😂😂😂,,,dropped:not_valid
सच पूछो तो दस साल के कार्यकाल में पहली बार अच्छा काम किया है 😅,सच पूछो तो दस साल के कार्यकाल में पहली बार अच्छा काम किया है,devanagari,kept
Modi jii jaisa pradhanmantri Desh ko na kabhi mila tha Jai shree Ram ❤️🙏,Modi jii jaisa pradhanmantri Desh ko na kabhi mila tha Jai shree Ram ️,roman,kept
Ha ye to sahi baat hai modi jaisa abtak aaya hi nahi koi pm 😂,Ha ye to sahi baat hai modi jaisa abtak aaya hi nahi koi pm,roman,kept
Public ko pareshan kar ke rakha tha,Public ko pareshan kar ke rakha tha,roman,kept
"ये कितना सही बता रहे चैनल वाले ये तो पता नही,पर लोकतंत्र की हम तो जीत ही मानेंगें । और नफरत की बाजार में मुहब्बत की दुकान इस देश मे सजेंगी","ये कितना सही बता रहे चैनल वाले ये तो पता नही,पर लोकतंत्र की हम तो जीत ही मानेंगें . और नफरत की बाजार में मुहब्बत की दुकान इस देश मे सजेंगी",devanagari,kept
Modi ji zindabad  Aap opposition me baitho,Modi ji zindabad Aap opposition me baitho,roman,kept
Rahul Gandhi jithabad ❤,Rahul Gandhi jithabad,roman,kept
Are ab to sharm karo in karo ab to band karo apni jhuthi kahani aur jhooth bolna,Are ab to sharm karo in karo ab to band karo apni jhuthi kahani aur jhooth bolna,roman,kept
Good Job PM modi resign,Good Job PM modi resign,roman,kept
Sare ke sare jhooth bolane wale ho tumhare Mazhab mein Kya jhooth bolna haram nahin Hai,Sare ke sare jhooth bolane wale ho tumhare Mazhab mein Kya jhooth bolna haram nahin Hai,roman,kept
Modi ka Zhola check Kerna Jeruri hi Desh ka kala Dhan leke Repuchecker na ho Jaye,Modi ka Zhola check Kerna Jeruri hi Desh ka kala Dhan leke Repuchecker na ho Jaye,roman,kept
Jeldi kro😂😂😂,,,dropped:too_short
Over  confident  hi wajaha h,Over confident hi wajaha h,roman,kept
Sab ki jaan bachi ees thagi se.,Sab ki jaan bachi ees thagi se.,roman,kept
Farji khabar farji,Farji khabar farji,roman,kept
झुटी अफवाह,झुटी अफवाह,devanagari,kept
Thoda or barbad hone se bachgaya,Thoda or barbad hone se bachgaya,roman,kept
Yogi,,,dropped:too_short
"He lost because of arrogance and non compliance with nirindra modi ka  garentee.  The people are sick and fed up with properganda on religion when the people don't have jobs and food on the table, and he's making a fool of himself saying, "" I have direct contact with God "" mangalsutra buffaloes Pakistan 🇵🇰 and years of paper leaks causing crores of loss to the public.  If there's paper leaks that means there's less qualified to give jobs Railway jobs are also held up so there'll be fewer pays out and more money 💰 in circulation and more to pump into roadways and industrialists. Poor of 🇮🇳 India did not know to figure this out but all parties have taken it on to educate the masses.  Ex spl forces/ crime branch govt of India.. daro mut abhimundra jai Shiv. Kai 🕉 stani!","He lost because of arrogance and non compliance with nirindra modi ka garentee. The people are sick and fed up with properganda on religion when the people don't have jobs and food on the table, and he's making a fool of himself saying, "" I have direct contact with God "" mangalsutra buffaloes Pakistan and years of paper leaks causing crores of loss to the public. If there's paper leaks that means there's less qualified to give jobs Railway jobs are also held up so there'll be fewer pays out and more money in circulation and more to pump into roadways and industrialists. Poor of India did not know to figure this out but all parties have taken it on to educate the masses. Ex spl forces/ crime branch govt of India.. daro mut abhimundra jai Shiv. Kai stani!",roman,kept
बकवास पुरानी खबर,बकवास पुरानी खबर,devanagari,kept
"Iswakt ki bori khabar ager nitish ji naidu ji palti mare to modi sarkar nahi ban payegi.modi fail nikla,nitish ji pm hona chahiye","Iswakt ki bori khabar ager nitish ji naidu ji palti mare to modi sarkar nahi ban payegi.modi fail nikla,nitish ji pm hona chahiye",roman,kept
Pagal News hai bho,Pagal News hai bho,roman,kept
Kabhi ka khabar hai modi Modi istifa de rahe hain,Kabhi ka khabar hai modi Modi istifa de rahe hain,roman,kept
ਦੇਸ਼ ਲਈ ਬਹੁਤ ਵਧੀਆ ਹੋ..👍👍👍👍👍,,,dropped:not_valid
Are pagal modi har bar stifa deta hai 😂 pareshan mat ho,Are pagal modi har bar stifa deta hai pareshan mat ho,roman,kept
"Don't spread false news. He never resigns, he borned to become P M.","Don't spread false news. He never resigns, he borned to become P M.",roman,kept
Desh ko barbad kar diya,Desh ko barbad kar diya,roman,kept
Galtat kharbar hai,Galtat kharbar hai,roman,kept
Jumla no 420,,,dropped:not_valid
Yogi ko bnao pm,Yogi ko bnao pm,roman,kept
Jhuuta news faila raha hay.,Jhuuta news faila raha hay.,roman,kept
Pagal,,,dropped:too_short
Abe pahle Resign Denge Tabhi To 3ri Baar Sapath Leke Pm Bangenge😂😂,Abe pahle Resign Denge Tabhi To 3ri Baar Sapath Leke Pm Bangenge,roman,kept
Namune hai sab  Itna samjh hota to 😂,Namune hai sab Itna samjh hota to,roman,kept
Ky fyda hua gufa se niklne ka wahi se chle jate te jhola lekar,Ky fyda hua gufa se niklne ka wahi se chle jate te jhola lekar,roman,kept
Jhuthi khabren dekar ke apna channel chalate ho aapko sharm nahin aati,Jhuthi khabren dekar ke apna channel chalate ho aapko sharm nahin aati,roman,kept
Ab. Modi. Jayenge. Jail,Ab. Modi. Jayenge. Jail,roman,kept
Pani me doob jana chahiye,Pani me doob jana chahiye,roman,kept
Chal jhuthi bakvas kar rahi 3,Chal jhuthi bakvas kar rahi 3,roman,kept
AAPBEWAKUF HAIN 2024 KI KHABAR 2025 MEN BATAKAR AAO JANTA KI DISHABHUL KAR RAHE HAI. AAPKO TAZA KHABREN NAHI MALUM TO UTUBE BAND KARDO..,AAPBEWAKUF HAIN 2024 KI KHABAR 2025 MEN BATAKAR AAO JANTA KI DISHABHUL KAR RAHE HAI. AAPKO TAZA KHABREN NAHI MALUM TO UTUBE BAND KARDO..,roman,kept
Very good news Gujarat Mehsana district BJP hatavo Desh Bachavo,Very good news Gujarat Mehsana district BJP hatavo Desh Bachavo,roman,kept
Modi ko 5000 sal P M  Rakho,,,dropped:not_valid
Modi ji desh ko age kiya h❤,Modi ji desh ko age kiya h,roman,kept
Great Day Modi resigned Achhe Din AayTe,Great Day Modi resigned Achhe Din AayTe,roman,kept
Rahul Gandhi jindabad,Rahul Gandhi jindabad,roman,kept
Fek modi ji jindabad,Fek modi ji jindabad,roman,kept
Modi ji dobara 8 june ko shapath lege..jai shree ram,Modi ji dobara 8 june ko shapath lege..jai shree ram,roman,kept
Bolo tara tara 🥳🥳🥳🥳,,,dropped:not_valid
इसने इराक में रूस में इसने दोस्ती करके नहीं डीजल पेट्रोल गैस बंद करवा दी सभी किसान लोग घबरा रहे हैं 3500 में सिलेंडर मिला है तो लड़ी है नहीं किस पर रोक चल रही है लड़कियों का सिलेंडर भी महंगा हो गया यह मोदी को सरकार से निकले,इसने इराक में रूस में इसने दोस्ती करके नहीं डीजल पेट्रोल गैस बंद करवा दी सभी किसान लोग घबरा रहे हैं 3500 में सिलेंडर मिला है तो लड़ी है नहीं किस पर रोक चल रही है लड़कियों का सिलेंडर भी महंगा हो गया यह मोदी को सरकार से निकले,devanagari,kept
बहुत ही दुखद बात देश के लिए नुकसान हैं🙏💕 में पुनः मोदी सर से अगरह करता हूँ देश में आपकी जरूरत है या अगला राष्ट्रपति के लिए तैयारी करने की जरूरत है🙏💕,बहुत ही दुखद बात देश के लिए नुकसान हैं में पुनः मोदी सर से अगरह करता हूँ देश में आपकी जरूरत है या अगला राष्ट्रपति के लिए तैयारी करने की जरूरत है,devanagari,kept
Modi hi aayega,Modi hi aayega,roman,kept
आयेगा तो अबकी बार कई पट्टे और लगाम पहने आयेगा,आयेगा तो अबकी बार कई पट्टे और लगाम पहने आयेगा,devanagari,kept
Rahul Gandhi best PM like ❤❤❤❤❤❤❤❤❤❤❤❤❤,,,dropped:not_valid
Dhruv Rathi attendance here. ❤️ 👇,Dhruv Rathi attendance here. ️,roman,kept
Modi ji aur Bharat ko Jai ho,Modi ji aur Bharat ko Jai ho,roman,kept
"बहुत अच्छी बात है, तानाशाह गया ,अहंकार गया, भगवान जो करता है अच्छा करता है,देश बेच कर चला गया,","बहुत अच्छी बात है, तानाशाह गया ,अहंकार गया, भगवान जो करता है अच्छा करता है,देश बेच कर चला गया,",devanagari,kept
Resign and leave the country...we don't want a liar to be PM who only lie 24×7 shamelessly,Resign and leave the country.we don't want a liar to be PM who only lie 24×7 shamelessly,roman,kept
finaly modi ka chehra ab nahi dekhna padega,finaly modi ka chehra ab nahi dekhna padega,roman,kept
🤣😂😂😂Aur aapka bhi jannat ka ticket 🎫 booking kardiya maine ...,Aur aapka bhi jannat ka ticket booking kardiya maine .,roman,kept
पनुती पनुति पनीति 😂😂😂 एक सेकंड का बी चेहरा नही देखता में,पनुती पनुति पनीति एक सेकंड का बी चेहरा नही देखता में,devanagari,kept
😂😂 Abe phir wapas aayega😂😂 236 me sarkar nahi banti hai😂😂,,,dropped:not_valid
Sarkar banegi Rahul Gandhi ki khatm kahani Modi Yogi ki,Sarkar banegi Rahul Gandhi ki khatm kahani Modi Yogi ki,roman,kept
मनुस्मृति जलाने वाले को भारत रत्न अवॉर्ड देकर मोदी सरकार ने ऐतिहासिक भूल की है अब अम्बेडकर वादी ही मोदी सरकार को वोट देगा कोई मानवता वादी नहीं।,मनुस्मृति जलाने वाले को भारत रत्न अवॉर्ड देकर मोदी सरकार ने ऐतिहासिक भूल की है अब अम्बेडकर वादी ही मोदी सरकार को वोट देगा कोई मानवता वादी नहीं.,devanagari,kept
Modi ko jail bhejo corruption charges par,Modi ko jail bhejo corruption charges par,roman,kept
"_____घमंड था बहुत टूट गया,,,,, अच्छा हुआ",,,dropped:not_valid
India mukt hua paw paw se,India mukt hua paw paw se,roman,kept
Sab bakwas hai,Sab bakwas hai,roman,kept
"Modi ji best ,,wo pm nehi banenge tto Bharat ka future andhakar ho jayega ......modi ji jaise koi neehi he is best pm❤","Modi ji best ,,wo pm nehi banenge tto Bharat ka future andhakar ho jayega .modi ji jaise koi neehi he is best pm",roman,kept
भारत के लिए बहुत दुःखद है मोदी जी को इस्तीफा नहीं देना चाहिए,भारत के लिए बहुत दुःखद है मोदी जी को इस्तीफा नहीं देना चाहिए,devanagari,kept
अच्छी बात है,अच्छी बात है,devanagari,kept
Ab sab ka baap aaye ga Yogi,Ab sab ka baap aaye ga Yogi,roman,kept
Bahut Khushi Hui,Bahut Khushi Hui,roman,kept
Bahut acha hua,Bahut acha hua,roman,kept
फेक न्युज,,,dropped:too_short
Fakiram.fako,Fakiram.fako,roman,kept
Panoti gaya aeb,Panoti gaya aeb,roman,kept
Pm Rahul gandh shy😂😂😂😂😂😂😂😂😂🎉,,,dropped:not_valid
जरा लाज ठेवा जूने,जरा लाज ठेवा जूने,devanagari,kept
फेक,,,dropped:too_short
Bakvas hai,Bakvas hai,roman,kept
Fak.vedio.hai,Fak.vedio.hai,roman,kept
Acha hua panoti hta,Acha hua panoti hta,roman,kept
Modi Rastrapati banenge,Modi Rastrapati banenge,roman,kept
Yogi adityanath bulldozer Baba pm bnao,Yogi adityanath bulldozer Baba pm bnao,roman,kept
पागल पंती की भी हद है कहा से लाती हो ये न्यूज़ 😂😂😂,पागल पंती की भी हद है कहा से लाती हो ये न्यूज़,devanagari,kept
Fek news,,,dropped:too_short
You are always great our pm modi but i am sad 😢😢,You are always great our pm modi but i am sad,roman,kept
Is chenal ko band karna chahiye,Is chenal ko band karna chahiye,roman,kept
Chaikidar chur hai,Chaikidar chur hai,roman,kept
World heero Modi g,World heero Modi g,roman,kept
Fuku mukth nho,Fuku mukth nho,roman,kept
कहाँ है अन्धभक्त,कहाँ है अन्धभक्त,devanagari,kept
Hello Andhnamazi,Hello Andhnamazi,roman,kept
Yehi Pe Hoon Bol 😂,Yehi Pe Hoon Bol,roman,kept
तीसरी बार फिर से मोदी सरकार,तीसरी बार फिर से मोदी सरकार,devanagari,kept
क्यों बेवकूफ बना रही हो बीजेपी और इस्तीफा पूरा देश बकनबेकने के बाद झोला उठा कर भागेगा,क्यों बेवकूफ बना रही हो बीजेपी और इस्तीफा पूरा देश बकनबेकने के बाद झोला उठा कर भागेगा,devanagari,kept
Modi hatao Desh bachao 😂👍,Modi hatao Desh bachao,roman,kept
Aba babacuf phir sa p m bana ka leya purana Wale sadsata hatana ka leya istafa dana parta haa anpadho 😂😂😂,Aba babacuf phir sa p m bana ka leya purana Wale sadsata hatana ka leya istafa dana parta haa anpadho,roman,kept
Bkbas vidio,Bkbas vidio,roman,kept
मोदी था मोदी है मोदी रहेगा हर हर मोदी घर घर मोदी मोदी पीएम बना था मोदी पीएम बनेगा,मोदी था मोदी है मोदी रहेगा हर हर मोदी घर घर मोदी मोदी पीएम बना था मोदी पीएम बनेगा,devanagari,kept
Modi jesa pm ni milega kabhi bhi is desh ko,Modi jesa pm ni milega kabhi bhi is desh ko,roman,kept
Ye to sahi bola aapne 😂😂😂kabhi nahi milega,Ye to sahi bola aapne kabhi nahi milega,roman,kept
"Pacl company ka paisa return to kar diya hota,per nahi,chor  hai bjp ke kuch mantri","Pacl company ka paisa return to kar diya hota,per nahi,chor hai bjp ke kuch mantri",roman,kept
मोदी जी के सरकार ने तेल के भाव 150 के गेहूं का भाव 140 क किया गरीबों का क्या होगामोदी जी राशन प्रधानमंत्री कोई भी बने लेकिन जनता की राय यह है राशन के और गरीबों के अनाज के भाव कम किया जाए गरीब से गरीब तेल और गेहूं चावल खरीद के अपना घर चला पाए लड़की बहन योजना के पैसे देकर राशन के दामों में बढ़ोतरी की हम आम जनता गरीब जनताहै,मोदी जी के सरकार ने तेल के भाव 150 के गेहूं का भाव 140 क किया गरीबों का क्या होगामोदी जी राशन प्रधानमंत्री कोई भी बने लेकिन जनता की राय यह है राशन के और गरीबों के अनाज के भाव कम किया जाए गरीब से गरीब तेल और गेहूं चावल खरीद के अपना घर चला पाए लड़की बहन योजना के पैसे देकर राशन के दामों में बढ़ोतरी की हम आम जनता गरीब जनताहै,devanagari,kept
Happy Birthday to Prime minister Narendrabhai Damodardas Modi of India Best wishes long live 🇮🇳 😀 😄 ♥️ ❤️ 😎 🇮🇳 😀 😄 ♥️ ❤️ 😎 🇮🇳 😀,,,dropped:not_valid
Haha chala gaya feku 😂😂,Haha chala gaya feku,roman,kept
आप जैसे बड़े चैनल से इतनी उम्मीद नही थी की इतनी घाटीया सोच लेकर आप खबर देखते है झूठ की हद होती है आज से इस चैनल से विश्वास उठ गया,आप जैसे बड़े चैनल से इतनी उम्मीद नही थी की इतनी घाटीया सोच लेकर आप खबर देखते है झूठ की हद होती है आज से इस चैनल से विश्वास उठ गया,devanagari,kept
Ab ki bar road ke par. Modi gya tu too gaya modi hatoo Desh bachoo,Ab ki bar road ke par. Modi gya tu too gaya modi hatoo Desh bachoo,roman,kept
मोदी को लाओ देश बचाओ टूट जायेगा देश मोदी जायेगा तो। जो कभी सोचा ना हो गा वो होगा देश में 🙏,मोदी को लाओ देश बचाओ टूट जायेगा देश मोदी जायेगा तो. जो कभी सोचा ना हो गा वो होगा देश में,devanagari,kept
"गरीब एजेंट तो वैसे भी मर रहे हैं, क्या फर्क पड़ता है,","गरीब एजेंट तो वैसे भी मर रहे हैं, क्या फर्क पड़ता है,",devanagari,kept
"फिर झूठ बोल रही हो, सत्य बोलने से क्या आप को मोदी मना कर रहा है। यदि स्तीफा नहीं दिया तो तुमको हजारों गाली सहना पड़ेगा।","फिर झूठ बोल रही हो, सत्य बोलने से क्या आप को मोदी मना कर रहा है. यदि स्तीफा नहीं दिया तो तुमको हजारों गाली सहना पड़ेगा.",devanagari,kept
Are bhai ghusa mat karna .Inke pas koi topic nahin hai .Isliye 1 sal purana video lagakar chai pine gaye hai,Are bhai ghusa mat karna .Inke pas koi topic nahin hai .Isliye 1 sal purana video lagakar chai pine gaye hai,roman,kept
❤️ Modi ❤️ ji ❤️ is ❤️ best ❤️❤️❤️❤️❤️❤️❤️❤️❤️❤️❤️ ❤️❤️❤️❤️❤️❤️❤️❤️❤️❤️❤️❤️❤️❤️❤️❤️❤️❤️❤️❤️,,,dropped:not_valid
Kya isteefa dena padhta hai ki modi hat gay hamesha ki liye istifa deke,Kya isteefa dena padhta hai ki modi hat gay hamesha ki liye istifa deke,roman,kept
Bhai dena padta hai new loksabha chalu se pehle  Fir se chuna jayega PM ko Modi ko hi chunege ye,Bhai dena padta hai new loksabha chalu se pehle Fir se chuna jayega PM ko Modi ko hi chunege ye,roman,kept
Media ka super dance shuru hone wala hai😂😂😂😂,Media ka super dance shuru hone wala hai,roman,kept
Aaye haye aaye haye mje 😅😂,Aaye haye aaye haye mje,roman,kept
🎉🎉🎉🎉🎉🎉🎉🎉🎉🎉🎉🎉🎉🎉🎉🎉🎉🎉🎉🎉🎉 मजा आ गया गरीबो ने देश कि जनता को अब साइद महगाई कम हो रोजगार मिले,,,dropped:not_valid
❤❤❤❤,,,dropped:too_short
Maza aa gya 🎉🎉🎉🎉,,,dropped:not_valid
Maja aa gya h ❤,,,dropped:not_valid
O Bhai omm fo😂😂😂,,,dropped:not_valid
Ye kyun 😮?,,,dropped:too_short
👍,,,dropped:too_short
Bhai apne aap hee khush ho lo,Bhai apne aap hee khush ho lo,roman,kept
Adha gyan khushi hi deta h,Adha gyan khushi hi deta h,roman,kept
😃😃😃😃👌👌👌,,,dropped:too_short
Shah uncke be like: sardaar khush hua... 🤣🤣,,,dropped:not_valid
Unpadh log itna bhi nhi jante ki bina istifa diye dubara pradhanmantri nhi bnte😂😂😂,Unpadh log itna bhi nhi jante ki bina istifa diye dubara pradhanmantri nhi bnte,roman,kept
hn bhai madarsa se phada ha inhone,hn bhai madarsa se phada ha inhone,roman,kept
लगता है भारत देश को,लगता है भारत देश को,devanagari,kept
Hindustanka sardaer bhaei achhtarpse soj samjakar. Bade bade lokko Chali chalnse  bujh kar achha rasta baharna Heto Sadhuna,Hindustanka sardaer bhaei achhtarpse soj samjakar. Bade bade lokko Chali chalnse bujh kar achha rasta baharna Heto Sadhuna,roman,kept
अच्छी बात है 😂,अच्छी बात है,devanagari,kept
फेंक न्यूज,फेंक न्यूज,devanagari,kept
😂gud,,,dropped:too_short
Hmesha ke liye diyaa hai estifa,Hmesha ke liye diyaa hai estifa,roman,kept
बहुत जल्द,,,dropped:too_short
Khan Sar gret pm pad ke liye❤ 👍,Khan Sar gret pm pad ke liye,roman,kept
Desh ka bada sankat geya .,Desh ka bada sankat geya .,roman,kept
Jaldi do,,,dropped:too_short
😂😂😂😂😂😂😂😂😂😂😂😂😂😂😂😂😂😂😂😂😂😂😂,,,dropped:too_short
Modijika ISTHIFA. KELIYE BAHUTH MARAMANDAN KAZHUTHAKAL HEY KUCH FAITHA NAHY,Modijika ISTHIFA. KELIYE BAHUTH MARAMANDAN KAZHUTHAKAL HEY KUCH FAITHA NAHY,roman,kept
🎉🎉🎉🎉🎉🎉🎉😊😊😊😊😊😊😊😊😊😊,,,dropped:too_short
Video ek saal pahle ka hai 😂😂😂😂😂😂😂😊,,,dropped:not_valid
1 saal purani video😂😂😂,,,dropped:not_valid
Badhai ho desh wasiyon …😂😂,Badhai ho desh wasiyon …,roman,kept
ઓલ્ડ ન્યુઝ મત અબ દેના,,,dropped:not_valid
😆 😂 😆 😂,,,dropped:too_short
Jhuth bat hai,Jhuth bat hai,roman,kept
اللهم] لَا تُسَلِّطْ عَلَيْنَا مَنْ لَا يَرْحَمُنَا] [Allahumma] la tusallit ‘alayna mal la yarhamuna  O Allah! Do not give authority (to a leader) over us who doesn’t have mercy upon us. [Allahumma] la tusallit ‘alayna mal la yarhamuna,,,dropped:not_valid
Johar santal pargana 💚💚💚 Sona disam uprajdhani dumka johar mother lend johar mission India Bible College Ranchi Jharkhand अ,Johar santal pargana Sona disam uprajdhani dumka johar mother lend johar mission India Bible College Ranchi Jharkhand अ,roman,kept
mujhe to yakin hi nahi araha hi,mujhe to yakin hi nahi araha hi,roman,kept
1saal purani news😂,1saal purani news,roman,kept
Kripa karke YouTube per purane video na dalen logon mein afwah na failaye yahi aapse nivedan hai,Kripa karke YouTube per purane video na dalen logon mein afwah na failaye yahi aapse nivedan hai,roman,kept
Istifa dega fir sapat lega uska koi pata nahi😅😅😅,Istifa dega fir sapat lega uska koi pata nahi,roman,kept
Ab nhi PM hai,Ab nhi PM hai,roman,kept
"The wicked, who rejoices in others' pain, has now met their own misfortune. I am truly pleased.","The wicked, who rejoices in others' pain, has now met their own misfortune. I am truly pleased.",roman,kept
Ye kaam pehle hi kar deta to aaj humara bharat kitna aage hota,Ye kaam pehle hi kar deta to aaj humara bharat kitna aage hota,roman,kept
Ab hoga khel suru .... Jai shree ram ... Ab lgegi modia ki waat,,,dropped:not_valid
Bhai istifa hi Dena tha toh election kyu Lada aur ab jeetne ke baad istifa de diya hei toh kya koi aur 2029 Tak pm hoga ??,Bhai istifa hi Dena tha toh election kyu Lada aur ab jeetne ke baad istifa de diya hei toh kya koi aur 2029 Tak pm hoga ??,roman,kept
Yogi ​ @Dilutecricketlover,,,dropped:spam
Modi Ji thoda sa ghabra gai kya 😂😂😂😂😂😂😂😂😂😂😂😂😂😂😂😂😂😂😂,,,dropped:not_valid
Modi ji ne desh ko bacha liya 😢 RESIGN de k😂😂😂 thank u modi ji badi khushi hui mhanusiyat khatam desh ki panoti gyi,Modi ji ne desh ko bacha liya RESIGN de k thank u modi ji badi khushi hui mhanusiyat khatam desh ki panoti gyi,roman,kept
Bhai fake news kyo dikha rha hai,Bhai fake news kyo dikha rha hai,roman,kept
Ye SB bakwas band kri or public ko murakh my bnaoji,Ye SB bakwas band kri or public ko murakh my bnaoji,roman,kept
Kon kon Modi ko istifa dete hue Khush hai like kare😂,Kon kon Modi ko istifa dete hue Khush hai like kare,roman,kept
Atleast Modi ji is capable to be a pm 😒,Atleast Modi ji is capable to be a pm,roman,kept
​ @Dilutecricketlover  ha 😢 lagta hai rahul बनेगा pm,,,dropped:spam
​ @Dilutecricketlover  dubara pm bane ke liye istifa dena padta hai phir wapis pm bante hain,,,dropped:spam
"@aman_mishra113  ab samjha, thanks bhai lekin yaha par kitno se pucha lekin inko taane marna pehle aata hei lekin jab baat kuch batane ki aati hei toh Aisa sochte hei ki isse batakar hi kya fayda🙁🥺",,,dropped:spam
hello bhai kuch pta ha ki nhi tere ko previous term of lok sabha end ho gya ha isliye resignation dete ha,hello bhai kuch pta ha ki nhi tere ko previous term of lok sabha end ho gya ha isliye resignation dete ha,roman,kept
Koi nhi Bharat may kisi ki okaat na ki narendr modi ko skip kr dy   PM ha vipakch ko majbut hona chahiya hua khusi ki baat pr PM bnay ki okaat kisi ki na hy .,Koi nhi Bharat may kisi ki okaat na ki narendr modi ko skip kr dy PM ha vipakch ko majbut hona chahiya hua khusi ki baat pr PM bnay ki okaat kisi ki na hy .,roman,kept
Fir PM kon,Fir PM kon,roman,kept
Istifa dengy tbhi pm bnygy paglo😂,Istifa dengy tbhi pm bnygy paglo,roman,kept
चंद्र शेखर आजाद रावण अगला पीएम ❤❤❤,चंद्र शेखर आजाद रावण अगला पीएम,devanagari,kept
Modi 3.0 trailer launched,Modi 3.0 trailer launched,roman,kept
Up walo ne kamaal kar diya mandir ka prasad leke sycle s nikal liye 😂😂😂,Up walo ne kamaal kar diya mandir ka prasad leke sycle s nikal liye,roman,kept
Felling bad for modi 😢,Felling bad for modi,roman,kept
1855 hai bajrang bali ji 🌎😁 Masi Soren jindabaad tirsul Joseph Salman 💕❤️🙌✋ Ani ko kiyon lutega santali lipi lagu hunna chaye,1855 hai bajrang bali ji Masi Soren jindabaad tirsul Joseph Salman ️ Ani ko kiyon lutega santali lipi lagu hunna chaye,roman,kept
Dehli.  Is.    Now.    Rejected.    By.    World.   Trade.   Parsi.   Muslim,,,dropped:not_valid
Ab bodh rast banna he,Ab bodh rast banna he,roman,kept
Kabar dar hoshiyar mai modi ka ram hu modi hamare rahate estifa aur jail nahi ja sakte,Kabar dar hoshiyar mai modi ka ram hu modi hamare rahate estifa aur jail nahi ja sakte,roman,kept
Tanasahi hukumat se chutkara 😊😊 mil raha hai,Tanasahi hukumat se chutkara mil raha hai,roman,kept
Maha juth.,Maha juth.,roman,kept
ये झूठ हैझूथ है झूठ है,ये झूठ हैझूथ है झूठ है,devanagari,kept
Modi ji  plzz..... Come Back🙏🙏🙏🙏,,,dropped:not_valid
Pehli baar mujhe modi sarkar ka kasm achha laga😂😂😂,Pehli baar mujhe modi sarkar ka kasm achha laga,roman,kept
Godi . media,Godi . media,roman,kept
Pure BJP ko brkhat kr dina chahiy,Pure BJP ko brkhat kr dina chahiy,roman,kept
Desh thoda or barbad hone se bach gaya,Desh thoda or barbad hone se bach gaya,roman,kept
Fake news daal ke logo ko gumrah keyaa jaa raha hai 😂,Fake news daal ke logo ko gumrah keyaa jaa raha hai,roman,kept
Nitin gadkari ko banna chahiye pm,Nitin gadkari ko banna chahiye pm,roman,kept
Modi pm nahi banega,Modi pm nahi banega,roman,kept
Desh ko barbad karke nikla zola uthakar chl diye.😷,Desh ko barbad karke nikla zola uthakar chl diye.,roman,kept
BJP ❤❤❤,,,dropped:too_short
देश बरबाद हो जाएगा 😢,देश बरबाद हो जाएगा,devanagari,kept
देश All ready बरबाद है मोदी हठाऔ देश बचाओ,देश All ready बरबाद है मोदी हठाऔ देश बचाओ,devanagari,kept
Or kitna hoga😂,Or kitna hoga,roman,kept
Modi 🤣🤣🤣🤣🤣🤣🤣🤣🤣🤣🤣🤣🤣🤣🤣🤣🤣🤣,,,dropped:too_short
Aapke jese log Hindu hone pe daag h 🙂🙂,Aapke jese log Hindu hone pe daag h,roman,kept
@Theoryofus24  😅😅,,,dropped:spam
First time modi government do a great work 😂😂😂😂😂,First time modi government do a great work,roman,kept
Gya modi aaya modi 😅😅,Gya modi aaya modi,roman,kept
Hindu hone pe lalat ho aap 🙂🙂,Hindu hone pe lalat ho aap,roman,kept
"Modi ji ko rahena hai ,He is the best PM","Modi ji ko rahena hai ,He is the best PM",roman,kept
"❤️❤️ मोदी-जी ही PM होने चाहिये,🙏",,,dropped:not_valid
मोदीजी के बाद योगी आदित्यनाथ जी को प्रधानमंत्री देखना चाहते है.,मोदीजी के बाद योगी आदित्यनाथ जी को प्रधानमंत्री देखना चाहते है.,devanagari,kept
Bhagwadhari aa rahe hain.....jai shri ram...🙏💐,,,dropped:not_valid
240 अकेली bjp,,,dropped:not_valid
akele nhi mere bhai  pura godi media bolo😂,akele nhi mere bhai pura godi media bolo,roman,kept
@priyaraj476   ab 5 saal or jhelo or  sochte rho Babu,,,dropped:spam
Army ke liye congress sahi hai,Army ke liye congress sahi hai,roman,kept
Sab kuch sajish hai,Sab kuch sajish hai,roman,kept
😢 barbaad ho jayega 😟,barbaad ho jayega,roman,kept
गया ज़ालिम नफरती हारा,गया ज़ालिम नफरती हारा,devanagari,kept
मोदी हे गरिबाचं सरकार नवत,मोदी हे गरिबाचं सरकार नवत,devanagari,kept
Download MARKETWOLF - https://marketwolf.app.link/tlt  Invest in Stock Market with only ₹999 | Made EASY for New Investors | SEBI REGISTERED INDIAN Broker | LOW BROKERAGE |  Daily Trade Ideas For FREE |  Available on iOS & Android,,,dropped:spam
Bahut achchi khabar he .Dharam Virodhiyon ka jad se khatma ho.,Bahut achchi khabar he .Dharam Virodhiyon ka jad se khatma ho.,roman,kept
​ @ParveenFatima-q8j corruption 💯😡😡😡 corruption corruption in India,,,dropped:spam
"Vote Kelie Kursi Kelie Aaj Ka Pacchh Me Ho Ya Bipakchh Me,Sab Log Aam Log Ko Murkh Banate Hai,Karte Kuchh Nahi Desh Ko Kamjor Karne Ka Kaam Karta Hai","Vote Kelie Kursi Kelie Aaj Ka Pacchh Me Ho Ya Bipakchh Me,Sab Log Aam Log Ko Murkh Banate Hai,Karte Kuchh Nahi Desh Ko Kamjor Karne Ka Kaam Karta Hai",roman,kept
कांग्रेस अभी पीछे है अगर इंडिया गठबंधन साथ में रहेगा तो जीत निश्चित है।,कांग्रेस अभी पीछे है अगर इंडिया गठबंधन साथ में रहेगा तो जीत निश्चित है.,devanagari,kept
2029 tak 😢😭😭😖 raho😂😁😝😛 Modi Kahi nahi jayega❤❤😅,,,dropped:not_valid
Kyun itna Jhooth Boltey Aap log samajh nahi aata,Kyun itna Jhooth Boltey Aap log samajh nahi aata,roman,kept
💯% एवं हटाकर बेल्ट पेपर से चुनाव करते हुए भाजपा का जमानत जब्त कराओ,% एवं हटाकर बेल्ट पेपर से चुनाव करते हुए भाजपा का जमानत जब्त कराओ,devanagari,kept
देश में दुबार चुनाव ईव्हीएम हटाकर करे,देश में दुबार चुनाव ईव्हीएम हटाकर करे,devanagari,kept
पहले ईवीएम मशीन तो हटाओ बैलेट पेपर लाओ,पहले ईवीएम मशीन तो हटाओ बैलेट पेपर लाओ,devanagari,kept
बिल्कुल💯% ईवीएम हटाओ बैलट पेपर लाओ बैलट पेपर से चुनाव करवाओ तथा वैलेट पेपर से चुनाव करवाने के साथ-साथ भाजपा और RSS का जमानत जब्त करवाओ🙏🙏,बिल्कुल % ईवीएम हटाओ बैलट पेपर लाओ बैलट पेपर से चुनाव करवाओ तथा वैलेट पेपर से चुनाव करवाने के साथ-साथ भाजपा और RSS का जमानत जब्त करवाओ,devanagari,kept
Main ek baat puchna chahta hun EVM ko laya kaun tha EVM ko to Congress party Lai Thi kyunki Inka kahana tha ki ballot paper ki counting hone mein bahut time lagta Hai iski vajah se logon mein aapas mein jhagada hota Hai ek dusre ko Goli chal jaati thi pahle isliye EVM laye the,Main ek baat puchna chahta hun EVM ko laya kaun tha EVM ko to Congress party Lai Thi kyunki Inka kahana tha ki ballot paper ki counting hone mein bahut time lagta Hai iski vajah se logon mein aapas mein jhagada hota Hai ek dusre ko Goli chal jaati thi pahle isliye EVM laye the,roman,kept
देश खोखला हो गया है,देश खोखला हो गया है,devanagari,kept
Ager motoi esttifa nahi diya to desh me jan aandolan suru hoga,Ager motoi esttifa nahi diya to desh me jan aandolan suru hoga,roman,kept
Kahan se?,,,dropped:too_short
मोदी की जीत नहीं हैevmका खेल है😮,मोदी की जीत नहीं हैevmका खेल है,devanagari,kept
ईवीएम हटाओ देश को बचाओ,ईवीएम हटाओ देश को बचाओ,devanagari,kept
ऐसा hoga तो देश बचेगा 👌👌👌,,,dropped:not_valid
अभी तो भारत की काफी संपत्ति है उसे अपने खास साथियों के हाथ सौंप कर ही   तो जाएंगे 19 को कैसे इस्तीफा दे देंगे?,अभी तो भारत की काफी संपत्ति है उसे अपने खास साथियों के हाथ सौंप कर ही तो जाएंगे 19 को कैसे इस्तीफा दे देंगे?,devanagari,kept
"बहुत जरूरी है मोदी का इस्तीफा,,,,नहीं तो भारत बर्बाद हो जाएगा 😢","बहुत जरूरी है मोदी का इस्तीफा,नहीं तो भारत बर्बाद हो जाएगा",devanagari,kept
💯% बहुत जरूरी है मोदी का इस्तीफा नहीं तो अपना देश भारत बर्बाद हो जाएगा😭😭,% बहुत जरूरी है मोदी का इस्तीफा नहीं तो अपना देश भारत बर्बाद हो जाएगा,devanagari,kept
"@afsarazam2126 tumhara Bharat,kab se? Kabhi apna samjha bhi tha.",,,dropped:spam
Andbhakkat Vidhwa ho jayega,Andbhakkat Vidhwa ho jayega,roman,kept
Desh se is party ka haltna jroori hai taki kuch to bchaya ja sake kyuki desh beech chuke hai ye bhoot bure din dekhne ko milenge aage krm inke hai bhugatna Bharat ki janta ko pdega,Desh se is party ka haltna jroori hai taki kuch to bchaya ja sake kyuki desh beech chuke hai ye bhoot bure din dekhne ko milenge aage krm inke hai bhugatna Bharat ki janta ko pdega,roman,kept
​ @Latanegi311 😂😂😂😂,,,dropped:spam
💯✅,,,dropped:too_short
Na mumkin hai satta se bahar hote jail pakka 35% bjp leaders ka toh kaise istifa not possible,Na mumkin hai satta se bahar hote jail pakka 35% bjp leaders ka toh kaise istifa not possible,roman,kept
You 😊 aar 😊 mharight 😊boos😊 siligur i 😊ke😊 doctor 😊raju,,,dropped:not_valid
"Yes, I agree","Yes, I agree",roman,kept
BJP and rss bhai inn sabko bhar nikalo,BJP and rss bhai inn sabko bhar nikalo,roman,kept
@Exam-clear-with-Neeraj yaduvanshi nahi yadmullaha kaho.,,,dropped:spam
अल्हम्दुलिल्लाह मैं मुस्लिम राजनीति से हमें कोई फर्क नहीं पड़ता जायज़ दौलत कमाना मेरा ईमान है 🇸🇦🇸🇦,अल्हम्दुलिल्लाह मैं मुस्लिम राजनीति से हमें कोई फर्क नहीं पड़ता जायज़ दौलत कमाना मेरा ईमान है,devanagari,kept
प्रज्वल गौतम जी आप बिल्कुल सही कह रहे हैं हमें समझना चाहिए,प्रज्वल गौतम जी आप बिल्कुल सही कह रहे हैं हमें समझना चाहिए,devanagari,kept
अगर ये सच हो जाये तो देश का कल्याण हो जाये,अगर ये सच हो जाये तो देश का कल्याण हो जाये,devanagari,kept
मोदी जैसा ब्यक्ति कभी अपनी कुर्सी नही छोडे गे इन्हें प्रधानमंत्री की कुर्सी अपनी जान सेभी प्यारी है,मोदी जैसा ब्यक्ति कभी अपनी कुर्सी नही छोडे गे इन्हें प्रधानमंत्री की कुर्सी अपनी जान सेभी प्यारी है,devanagari,kept
Chalo logo ko rahat mil jayegi,Chalo logo ko rahat mil jayegi,roman,kept
अभी नितिन गडकरी का हाल हुवा हे उसको देख कर ये गडकरी का सपना ही रहेगा अभी इसके लालच ने इसकी फैक्ट्री को बर्बाद करवा दिया हे अब इसकी मुसीबत भी बनाएगा अब ये भी इस घटना से ध्यान भटकाना हे अभी इस को कोई भी चेनल नहीं दिखा रहा हे,अभी नितिन गडकरी का हाल हुवा हे उसको देख कर ये गडकरी का सपना ही रहेगा अभी इसके लालच ने इसकी फैक्ट्री को बर्बाद करवा दिया हे अब इसकी मुसीबत भी बनाएगा अब ये भी इस घटना से ध्यान भटकाना हे अभी इस को कोई भी चेनल नहीं दिखा रहा हे,devanagari,kept
જય સંવિધાનન ખુબ ખુબ અભિનંદન ને ધન્યવાદ,,,dropped:not_valid
सभी मोदी के जाने की बात कर रहे हैं लेकिन अब मोदी सरकार खत्म होगा। केवल तारीख पर तारीख आ रहा है लेकिन मोदी सरकार गिर नहीं रहा है।,सभी मोदी के जाने की बात कर रहे हैं लेकिन अब मोदी सरकार खत्म होगा. केवल तारीख पर तारीख आ रहा है लेकिन मोदी सरकार गिर नहीं रहा है.,devanagari,kept
👌🇮🇳🇮🇳🇮🇳,,,dropped:too_short
SIR में जन्म प्रमाण पत्र मांगना बंद हो हमारे दादा के दादा इस देश में पैदा हुआ तो हमें जन्म प्रमाण क्यों देना पढ़ेगा 🎉🎉,SIR में जन्म प्रमाण पत्र मांगना बंद हो हमारे दादा के दादा इस देश में पैदा हुआ तो हमें जन्म प्रमाण क्यों देना पढ़ेगा,devanagari,kept
Bilkul right 👍👍👍,,,dropped:not_valid
Yahi baat USA ye UK mein kaho na Zara fir dekhna.,Yahi baat USA ye UK mein kaho na Zara fir dekhna.,roman,kept
Agar sabkuchh theek h to kyon hawa tight ho rhi h aap logo ki.. proofs hain to Darr kyon rhe ho..,Agar sabkuchh theek h to kyon hawa tight ho rhi h aap logo ki.. proofs hain to Darr kyon rhe ho..,roman,kept
Masha Allah  Good news,Masha Allah Good news,roman,kept
NKorCBN ki phl Kursi utarna chayetha.,NKorCBN ki phl Kursi utarna chayetha.,roman,kept
Plz rumors ko news banakar naa dikhaye.,Plz rumors ko news banakar naa dikhaye.,roman,kept
Gautam bhai ap ko dil se Salam karta hai ap ka ye bhai jai hind,Gautam bhai ap ko dil se Salam karta hai ap ka ye bhai jai hind,roman,kept
जाना चाहिए।,जाना चाहिए.,devanagari,kept
Waw  prajwal kya my e sahi sun rahi hoon,Waw prajwal kya my e sahi sun rahi hoon,roman,kept
Jai shree Ram,Jai shree Ram,roman,kept
Sach me sir hoga sir,Sach me sir hoga sir,roman,kept
Best journalist prajjwal Gautam Jo Main abhi tak dekha Hai YouTube vagaira per sabse badhiya Lage Mujhe aage ka pata nahin lekin video chhoti hoti hai aur detail bahut sari hoti hai yah bahut acchi chij hai,Best journalist prajjwal Gautam Jo Main abhi tak dekha Hai YouTube vagaira per sabse badhiya Lage Mujhe aage ka pata nahin lekin video chhoti hoti hai aur detail bahut sari hoti hai yah bahut acchi chij hai,roman,kept
LEGENDS which made India great: Mahaatma Gandhi JawaharLal Nehru Sunil Gavaskar  Amitabh Bachchan Indra Gandhi Sachin Tendulkar Shah Rukh Khan Rajiv Gandhi Salmaan Khan Rahul Dravid APJ Kalaam Dr ManMohan Singh Raj Kapoor Dilip Kumar Kapil Dev P T Usha Major DhyaanChand Zafar Iqbaal Mohinder Amarnaath  🙄🤔 - Fenku Taripaar  spoiled all the good work done and earned India 's respect around the WORLD by above great LEGENDS. - Purkhö ki kamaayee - Fenku Taripaar nay mitti mein milaayee,LEGENDS which made India great: Mahaatma Gandhi JawaharLal Nehru Sunil Gavaskar Amitabh Bachchan Indra Gandhi Sachin Tendulkar Shah Rukh Khan Rajiv Gandhi Salmaan Khan Rahul Dravid APJ Kalaam Dr ManMohan Singh Raj Kapoor Dilip Kumar Kapil Dev P T Usha Major DhyaanChand Zafar Iqbaal Mohinder Amarnaath - Fenku Taripaar spoiled all the good work done and earned India 's respect around the WORLD by above great LEGENDS. - Purkhö ki kamaayee - Fenku Taripaar nay mitti mein milaayee,roman,kept
👍🏻👍🏻👍🏻👍🏻👍🏻👍🏻👍🏻,,,dropped:too_short
Hamara Desh America ki gulami kar raha hai aur America hamesha Pakistan ki tarafdari karta hai,Hamara Desh America ki gulami kar raha hai aur America hamesha Pakistan ki tarafdari karta hai,roman,kept
Bhart.me.srilanka.hona.chahiyesab.tklif Banbh..,Bhart.me.srilanka.hona.chahiyesab.tklif Banbh..,roman,kept
BENGALURU ❤,,,dropped:too_short
Waiting to See 😅😅,Waiting to See,roman,kept
Prajwal gautam،، aapki sachhi khabron ko mera salam,Prajwal gautam،، aapki sachhi khabron ko mera salam,roman,kept
"Be Patient, Let's see 🙏🙏",,,dropped:not_valid
Bhai g sehmat... Mahol ko dekhna chahiye,Bhai g sehmat. Mahol ko dekhna chahiye,roman,kept
Photo...dekhai...nahi...deta,,,dropped:not_valid
Nitin gadkari ko banado Ya shivraj ko,Nitin gadkari ko banado Ya shivraj ko,roman,kept
ऐसा होगा तो देश बच जाये गा,ऐसा होगा तो देश बच जाये गा,devanagari,kept
❤❤❤❤🎉🎉🎉,,,dropped:too_short
Mthai jarur bate gi. Magar sapna sapna he hota hai.   sapna,Mthai jarur bate gi. Magar sapna sapna he hota hai. sapna,roman,kept
"Remember that story read in childhood times""sher aya sher aya"". Same is the situation here. It, s atory of a liar.","Remember that story read in childhood times""sher aya sher aya"". Same is the situation here. It, s atory of a liar.",roman,kept
Impossible ........,,,dropped:not_valid
❤🎉❤🎉❤🎉❤,,,dropped:too_short
Kursi aaj nahin to kay jayegahi,Kursi aaj nahin to kay jayegahi,roman,kept
अमेरिका खुलासा करने जा रहा है हमें डर है कहीं मोदी जी आसाराम न बन जाए,अमेरिका खुलासा करने जा रहा है हमें डर है कहीं मोदी जी आसाराम न बन जाए,devanagari,kept
Kaash ke ye sach hota,Kaash ke ye sach hota,roman,kept
Hum Maharasht Ke Logo Ko Badihi Khushi Hogi,Hum Maharasht Ke Logo Ko Badihi Khushi Hogi,roman,kept
Manas bhai ko Pata he,Manas bhai ko Pata he,roman,kept
E apps download Kiya tha Lekin open nehi ho raha,,,dropped:spam
Nice ❤🎉❤🎉,,,dropped:too_short
EVM Hatao Hindustan Bachao jai Hind Hindustan jendabad,EVM Hatao Hindustan Bachao jai Hind Hindustan jendabad,roman,kept
Great news channel,Great news channel,roman,kept
Very good ropter man,Very good ropter man,roman,kept
कांग्रेस की विचार मोदी जैसीहै😂😂😂😂😂😂😂😂😂😂😂 ने,,,dropped:not_valid
वोट चोरों को भगवान बने का भारत का जनता को सजा मिल रहा है भारत का जनता इसी लायक है आगे चलकर जनता खून का आंसू रोएगा ये गारंटी है जो धर्म का चूर्ण खाकर यह लोग बैठा हुआ है और धर्म में उलझा हुआ है,वोट चोरों को भगवान बने का भारत का जनता को सजा मिल रहा है भारत का जनता इसी लायक है आगे चलकर जनता खून का आंसू रोएगा ये गारंटी है जो धर्म का चूर्ण खाकर यह लोग बैठा हुआ है और धर्म में उलझा हुआ है,devanagari,kept
Kursi ki lath itni lagi hai  chahe is aadmi ki beijathi kyoun na ho,Kursi ki lath itni lagi hai chahe is aadmi ki beijathi kyoun na ho,roman,kept
Bhai kab hoga sirf kaihne ki bat hai,Bhai kab hoga sirf kaihne ki bat hai,roman,kept
Charitarhin Aur Choro ko bhagavo Desh ko Bachana hai Roshanlal garg hisar,Charitarhin Aur Choro ko bhagavo Desh ko Bachana hai Roshanlal garg hisar,roman,kept
10000 ke upar byaaj Laga kar lena chahie Sarkar ko tab jakar logon baat samajh mein aaegi,100 ke upar byaaj Laga kar lena chahie Sarkar ko tab jakar logon baat samajh mein aaegi,roman,kept
Aglaa noitesh rane hai bhaiya,Aglaa noitesh rane hai bhaiya,roman,kept
Insa Allah Chouhan ji ke baat sachi ho jay,Insa Allah Chouhan ji ke baat sachi ho jay,roman,kept
Hhhhh majak nahi,Hhh majak nahi,roman,kept
😅😅😅😅😅sapne lena achhi baat h lekin din mai nhi😅😅😅😅,,,dropped:not_valid
Kab se sun rahe hain jatahi nahin he😂,Kab se sun rahe hain jatahi nahin he,roman,kept
❤❤❤❤❤❤❤🎉🎉🎉🎉🎉🎉🎉🎉,,,dropped:too_short
Jaldi,,,dropped:too_short
Kitna rupia lagana padta hia,Kitna rupia lagana padta hia,roman,kept
भाजपा की जितनी भी गरीब कल्याण योजना है गरीब कल्याण योजना के नाम पर बड़े बड़े का कल्याण हो रहा है और उनको ही प्रधानमंत्री आवास और कपिलधारा के तहत कुआं दिया जा रहा है एक किसी गरीब व्यक्ति को 4 बीघा जमीन पर अगर एक कुआं दिया जाए तो उसमें भी 40 40 50 50000 किसी से 80000 सरपंच मंत्री लेते हैं जिसके बाद में उसको कुआं देते हैं उसके कुएं के पैसे भी टाइम से नहीं आते हैं ऐसे तो उसे गरीब आदमी का कहां कल्याण हो रहा है गरीब कल्याण योजना में जितने भी हुए आते हैं बड़े बड़े को दे दिए जाते हैं सर क्या बताएं हमारे चार बीघा जमीन है लेकिन हमें आज तक कोई गरीब कल्याण योजना के तहत लाभ नहीं मिला है हमारी सूखी जमीन है और हमें कुएं की सख्त जरूरत है लेकिन यह सरकार गरीबों को लाभ देना ही नहीं चाहती है उनकी नीति यह है कि बड़े बड़े समाज के लोग सत्ता में बैठे हैं यह इनकी समाज को ही लाभ देने का काम कर रहे हैं,भाजपा की जितनी भी गरीब कल्याण योजना है गरीब कल्याण योजना के नाम पर बड़े बड़े का कल्याण हो रहा है और उनको ही प्रधानमंत्री आवास और कपिलधारा के तहत कुआं दिया जा रहा है एक किसी गरीब व्यक्ति को 4 बीघा जमीन पर अगर एक कुआं दिया जाए तो उसमें भी 40 40 50 500 किसी से 800 सरपंच मंत्री लेते हैं जिसके बाद में उसको कुआं देते हैं उसके कुएं के पैसे भी टाइम से नहीं आते हैं ऐसे तो उसे गरीब आदमी का कहां कल्याण हो रहा है गरीब कल्याण योजना में जितने भी हुए आते हैं बड़े बड़े को दे दिए जाते हैं सर क्या बताएं हमारे चार बीघा जमीन है लेकिन हमें आज तक कोई गरीब कल्याण योजना के तहत लाभ नहीं मिला है हमारी सूखी जमीन है और हमें कुएं की सख्त जरूरत है लेकिन यह सरकार गरीबों को लाभ देना ही नहीं चाहती है उनकी नीति यह है कि बड़े बड़े समाज के लोग सत्ता में बैठे हैं यह इनकी समाज को ही लाभ देने का काम कर रहे हैं,devanagari,kept
Istifa nahi hoga Istafa ke aad me Kutch naya ho sakta hai.,Istifa nahi hoga Istafa ke aad me Kutch naya ho sakta hai.,roman,kept
Morning  aap brother jyada videos banana ho,Morning aap brother jyada videos banana ho,roman,kept
Agar Desh Mein ballot paper se Chunav ho to BJP RSS Satta se bahar ho jayegi,Agar Desh Mein ballot paper se Chunav ho to BJP RSS Satta se bahar ho jayegi,roman,kept
Bellet pepper se vote hona chahiye🗳️🗳️🗳️,Bellet pepper se vote hona chahiye ️ ️ ️,roman,kept
Jay Bhim Jay sanvidhan,Jay Bhim Jay sanvidhan,roman,kept
Nothing Happened as per checking last incidents. 🙏🙏,Nothing Happened as per checking last incidents.,roman,kept
🎉🎉🎉🎉🎉🎉🎉🎉🎉🎉,,,dropped:too_short
Mazak tha😂😂,,,dropped:too_short
Don’t dream.,Don’t dream.,roman,kept
"Nothing to be happy. Kyun ki, 'Birds of same feather flock togather'.","Nothing to be happy. Kyun ki, 'Birds of same feather flock togather'.",roman,kept
Bhai maine 99 dala marketwolf me wo mere wallet me show nahi kar raha kyu 😮😮😢😢,,,dropped:spam
"मोदी इस्तीफा देगा तो शाह बन जायेगा जो नहीं होना चाहिए, बीजेपी सत्ता में नहीं चाहिए चाहे केंद्र हो या राज्य 🎉🎉🎉","मोदी इस्तीफा देगा तो शाह बन जायेगा जो नहीं होना चाहिए, बीजेपी सत्ता में नहीं चाहिए चाहे केंद्र हो या राज्य",devanagari,kept
Naam ram ka aur kaam raakchas ka,Naam ram ka aur kaam raakchas ka,roman,kept
online trading juaa hai or juaa haram hai,online trading juaa hai or juaa haram hai,roman,kept
भाजपा की सरकार में जितनी भी योजनाएं चल रही है उनमें सब में घोटाले हो रहे हैं और भाजपा की सरकार अपने कर्मचारियों को घुस के मामले में बढ़ावा दे रही है भर भर के खोल पैसे दिए जा रहा है घूसखोरी में बढ़ावा मिला है कर्मचारी अधिकारी जी भरकर घूसखोरी कर रहे हैं और सरपंच मंत्रियों से जब भी कोई काम देते हैं तो मनमानी घुस वसूली होती है जनपद पंचायत में उसे पर कोई रोक नहीं है कलेक्टर कार्यालय से लेकर तो जनपद पंचायत तक और जनपद पंचायत से लेकर तो मुख्यमंत्री तक घुस जाती है उनके सांसद विधायक मंत्री सुंदरी सब उसमें से घूस लेते हैं बड़ी बड़ी योजनाओं को चालू कर कर उसमें पैसा मंजूर करते हैं और अंदर के रास्ते से वापस वह पैसा घुस के मामले घुस के रूप में वसूल लेते हैं यही भारतीय जनता पार्टी की योजनाएं हैं और घोटाले बाजी की योजना है सब को उठा ले कर कर जी रहे हैं देश का धन खा रहे हैं पूरे भारत का खजाना खाली कर दिया है भाजपा के की सरकार ने और घूसखोरी जी भर कर चल रही है कर्मचारी अधिकारी पुलिस प्रशासन इतने कर हो गए हैं कि गरीब आदमी को जेल भेज देते हैं और साहूकार को घर भेज देते हैं यही नौटंकी चल रही है जब से भाजपा की सरकार बनी,भाजपा की सरकार में जितनी भी योजनाएं चल रही है उनमें सब में घोटाले हो रहे हैं और भाजपा की सरकार अपने कर्मचारियों को घुस के मामले में बढ़ावा दे रही है भर भर के खोल पैसे दिए जा रहा है घूसखोरी में बढ़ावा मिला है कर्मचारी अधिकारी जी भरकर घूसखोरी कर रहे हैं और सरपंच मंत्रियों से जब भी कोई काम देते हैं तो मनमानी घुस वसूली होती है जनपद पंचायत में उसे पर कोई रोक नहीं है कलेक्टर कार्यालय से लेकर तो जनपद पंचायत तक और जनपद पंचायत से लेकर तो मुख्यमंत्री तक घुस जाती है उनके सांसद विधायक मंत्री सुंदरी सब उसमें से घूस लेते हैं बड़ी बड़ी योजनाओं को चालू कर कर उसमें पैसा मंजूर करते हैं और अंदर के रास्ते से वापस वह पैसा घुस के मामले घुस के रूप में वसूल लेते हैं यही भारतीय जनता पार्टी की योजनाएं हैं और घोटाले बाजी की योजना है सब को उठा ले कर कर जी रहे हैं देश का धन खा रहे हैं पूरे भारत का खजाना खाली कर दिया है भाजपा के की सरकार ने और घूसखोरी जी भर कर चल रही है कर्मचारी अधिकारी पुलिस प्रशासन इतने कर हो गए हैं कि गरीब आदमी को जेल भेज देते हैं और साहूकार को घर भेज देते हैं यही नौटंकी चल रही है जब से भाजपा की सरकार बनी,devanagari,kept
Mujhe lagta hai agar aisa hota to sab se ziyada me Khush hota afsos Aisa nahi hoga,Mujhe lagta hai agar aisa hota to sab se ziyada me Khush hota afsos Aisa nahi hoga,roman,kept
Bahi sab ji je kr vot sahi me ho jae pure des me ho sakta ha bahi. Bjp ko khi se be koi be seett nhi mille ge bahi,Bahi sab ji je kr vot sahi me ho jae pure des me ho sakta ha bahi. Bjp ko khi se be koi be seett nhi mille ge bahi,roman,kept
मोदी जी को जब राजीनामा देने का वक़्त आया तो मोदी जी जाते जाते ईवीएम बंद कर के बैलेट पेपर से चुनाव कर ने का फैसला लेना चाहिए.......,मोदी जी को जब राजीनामा देने का वक़्त आया तो मोदी जी जाते जाते ईवीएम बंद कर के बैलेट पेपर से चुनाव कर ने का फैसला लेना चाहिए.,devanagari,kept
Htaoo to shi ya bolte rh ge,Htaoo to shi ya bolte rh ge,roman,kept
Please Don't Predict Market 🙏🙏.,Please Don't Predict Market .,roman,kept
मार्केट वोल्फ का मालिक कौन है ये बताओ पहले प्रज्ज्वल गौतम जी 👌,मार्केट वोल्फ का मालिक कौन है ये बताओ पहले प्रज्ज्वल गौतम जी,devanagari,kept
Ye to bilkul nahi,Ye to bilkul nahi,roman,kept
Dekho  ye  Bhagne  na  paye .,,,dropped:not_valid
BJP or RSS hai vaha tak Desh ka kuch nahi hoskta Modi ke jane se koi farak nahi padega....,BJP or RSS hai vaha tak Desh ka kuch nahi hoskta Modi ke jane se koi farak nahi padega.,roman,kept
इसकी फ्लोसीपो बताओ ये कैसे मुमकिन है,इसकी फ्लोसीपो बताओ ये कैसे मुमकिन है,devanagari,kept
Dusre lutere ayenge isme kya,Dusre lutere ayenge isme kya,roman,kept
😂😂😂😂aise hi sapne dekhte rho,aise hi sapne dekhte rho,roman,kept
BEAUTIFUL NEWS❤❤❤❤🌹🌹 SIR JI 🙏🙏🌹🌹THANKS OLL HAPPY 🇮🇳🇮🇳🇮🇳🇮🇳🇮🇳🇮🇳🇮🇳🇮🇳🇮🇳🇮🇳🇮🇳🇮🇳🇮🇳🇮🇳🇮🇳🇮🇳🇮🇳🇮🇳🇮🇳🇮🇳🇮🇳👌👍👍👍🙏🙏,,,dropped:not_valid
Metro aana hai digital India banana hai 15 15 lakh aana hai vikas ku laana hai america ku visa k liye line me lagana hai desh ku no 1 banana hai ye koun kare ka agar istefa resign pm ka hogaya toh 18 18 ghante kaam koun karega,Metro aana hai digital India banana hai 15 15 lakh aana hai vikas ku laana hai america ku visa k liye line me lagana hai desh ku no 1 banana hai ye koun kare ka agar istefa resign pm ka hogaya toh 18 18 ghante kaam koun karega,roman,kept
Bhai Market wolf me profit kat jata hai or main balance bhi Kam jata hai. Kya Karen is frod ka,,,dropped:spam
"In short, if DS is activated again, the army and intelligence agencies must work together to swiftly eliminate internal enemies.","In short, if DS is activated again, the army and intelligence agencies must work together to swiftly eliminate internal enemies.",roman,kept
Modi Amit sha jipin ada jae prksh nitin ktghri rajnath sig jaeae logo ka bicar dhara khtm kro 280 krona ka bhumi bhart daesh h 140 krona jnta rajo kae jaeshar rhsktaev ho vicar krkae agae bnho laekin aek bat ka dhian daena 1500 so krona sae jada admi nhi rh skta bhart Mae 80 sal mae 1500 so krona  ho jae gi bhart ka jnskhaea  Mae chata hu 140 krona sae jada mt bnaho jnskhae nhi to koi achi jindgi nhi ji pae ga hr admi do bca paeda kro jin kae pash do ladka Khali ho o ush jgae pae sadi krae jha do ladki ho jinkae pash sigl ladki ldaka h o sigl jg sadi krae isae na to daesh Mae jn skhae bnhae gi nhi to dubara ghr bnana pnae ga fhir bhart svdin cl skta h,Modi Amit sha jipin ada jae prksh nitin ktghri rajnath sig jaeae logo ka bicar dhara khtm kro 280 krona ka bhumi bhart daesh h 140 krona jnta rajo kae jaeshar rhsktaev ho vicar krkae agae bnho laekin aek bat ka dhian daena 1500 so krona sae jada admi nhi rh skta bhart Mae 80 sal mae 1500 so krona ho jae gi bhart ka jnskhaea Mae chata hu 140 krona sae jada mt bnaho jnskhae nhi to koi achi jindgi nhi ji pae ga hr admi do bca paeda kro jin kae pash do ladka Khali ho o ush jgae pae sadi krae jha do ladki ho jinkae pash sigl ladki ldaka h o sigl jg sadi krae isae na to daesh Mae jn skhae bnhae gi nhi to dubara ghr bnana pnae ga fhir bhart svdin cl skta h,roman,kept
PM only SC hona chahiye,PM only SC hona chahiye,roman,kept
मतलब अब मजा मारने नहीं मिलेगा  हवाई जहाज सुना पड़ जायेगा मशरूम का क्या होगा  😂😂😂😂,मतलब अब मजा मारने नहीं मिलेगा हवाई जहाज सुना पड़ जायेगा मशरूम का क्या होगा,devanagari,kept
Please it ne khus khawab na dekhao. Mera dil our bardash nahi kasake😅,Please it ne khus khawab na dekhao. Mera dil our bardash nahi kasake,roman,kept
😊😊😊😊😊😊😊😊😊,,,dropped:too_short
KHA MAA KASAM,KHA MAA KASAM,roman,kept
ye..2014..mai.bhi.E.V.M..se.aay.hai..cor.,,,dropped:not_valid
Nitin Gadkari nahi Sharad Pawar honge Pradhan Mantri agar Modi hatenge to,Nitin Gadkari nahi Sharad Pawar honge Pradhan Mantri agar Modi hatenge to,roman,kept
मोदीजी को डर लगा रहेगा हे इस्तीफा देगे तो मोदीजी भारत नहीं रहेंगे,मोदीजी को डर लगा रहेगा हे इस्तीफा देगे तो मोदीजी भारत नहीं रहेंगे,devanagari,kept
Ab evm se nahi chunav nahi hona chahiye,Ab evm se nahi chunav nahi hona chahiye,roman,kept
ऐसा होगा तो पीएम कहां के पीएम बनेंगे पा?,ऐसा होगा तो पीएम कहां के पीएम बनेंगे पा?,devanagari,kept
मन की लड्डू घी के साथ खाने में कोई बुराई नहीं,मन की लड्डू घी के साथ खाने में कोई बुराई नहीं,devanagari,kept
"Desh kaa tathakathit pradhan sewak 19 koh dictatorship lagoo kar dega ,so that kee isteepha dene kee naubat hee nahee aayegi.","Desh kaa tathakathit pradhan sewak 19 koh dictatorship lagoo kar dega ,so that kee isteepha dene kee naubat hee nahee aayegi.",roman,kept
Yeh  Mr Chauhaan sapna to  nahi dekh rahe hai.,Yeh Mr Chauhaan sapna to nahi dekh rahe hai.,roman,kept
Jay maharastra,Jay maharastra,roman,kept
Ye kya app ka sisatam st kar diya sar hum news dekhte hai apki app nhi,,,dropped:spam
Kaan pak gaye ye sunte sunte kuch nahi hoha,Kaan pak gaye ye sunte sunte kuch nahi hoha,roman,kept
They are rumours mongers.,They are rumours mongers.,roman,kept
Chalo dekh lenge. Nahi hoga.,Chalo dekh lenge. Nahi hoga.,roman,kept
Lasho pr chalkar satta me aaya h ab is hatyare ko koi nai hata sakta,Lasho pr chalkar satta me aaya h ab is hatyare ko koi nai hata sakta,roman,kept
मैंने यह ऐप डाउनलोड करा था पूरी आईडी बनाई थी पर कुछ नहीं हुआ,मैंने यह ऐप डाउनलोड करा था पूरी आईडी बनाई थी पर कुछ नहीं हुआ,devanagari,kept
😂😂😂😂 marne se pehle woh  kursi छोड़ने wala nahi hai,marne se pehle woh kursi छोड़ने wala nahi hai,roman,kept
Dhrm rksha ke Naam pr Hindu Bhai log ne mhngai bhukhmari berojgari Apne bacho ka bhavishya sab dav pr laga diya jabki dhrm inshan ki rksha karta he,Dhrm rksha ke Naam pr Hindu Bhai log ne mhngai bhukhmari berojgari Apne bacho ka bhavishya sab dav pr laga diya jabki dhrm inshan ki rksha karta he,roman,kept
Sir iski photo mat lgae kije hme iski shakal ashi nhi lgti,Sir iski photo mat lgae kije hme iski shakal ashi nhi lgti,roman,kept
मोदी को हटाना बहुत जरूरी हैं।,मोदी को हटाना बहुत जरूरी हैं.,devanagari,kept
अंत में आपको ऐड मिल गया।,अंत में आपको ऐड मिल गया.,devanagari,kept
99से 9 रह जाएंगी.,,,dropped:not_valid
"ModiJi,is,a,Good,Person,Great,Person","ModiJi,is,a,Good,Person,Great,Person",roman,kept
"अभी चुनाव हो जाए तो कॉंग्रेस २०० से ज्यादा सीटें जीत सकती है इस बात पर एंकर मानक गुप्ता की हंसी बाहर निकली। अगर देखा जाए तो मानक गुप्ता की हंसी निकलना वाजीब है। सच बात तो ये है की जनता का मेंडेट ना भाजपा को मिलता है, ना कॉंग्रेस को दोनों को अगर जनता का मेंडेट मिला भी तो वो ईव्हीएम से मिलता है। ये बात मानक गुप्ता को भी मालूम है इसलिए हंसी बाहर निकली।😂","अभी चुनाव हो जाए तो कॉंग्रेस २०० से ज्यादा सीटें जीत सकती है इस बात पर एंकर मानक गुप्ता की हंसी बाहर निकली. अगर देखा जाए तो मानक गुप्ता की हंसी निकलना वाजीब है. सच बात तो ये है की जनता का मेंडेट ना भाजपा को मिलता है, ना कॉंग्रेस को दोनों को अगर जनता का मेंडेट मिला भी तो वो ईव्हीएम से मिलता है. ये बात मानक गुप्ता को भी मालूम है इसलिए हंसी बाहर निकली.",devanagari,kept
"Agar muje rohit nahai huaa tu ,,,,","Agar muje rohit nahai huaa tu ,",roman,kept
MODI TO GAYO BHAYA,MODI TO GAYO BHAYA,roman,kept
KHELLA HO BHEE SAKTA HAI,KHELLA HO BHEE SAKTA HAI,roman,kept
Khush ho jao sab Par hoga nhi kuch,Khush ho jao sab Par hoga nhi kuch,roman,kept
EVM hatana chahie,EVM hatana chahie,roman,kept
Hatoo yaar bahut paaka raha hi  congress lao,Hatoo yaar bahut paaka raha hi congress lao,roman,kept
Kuchh nahi hoga 2019 se yahi sunta aa raha hu,Kuchh nahi hoga 2019 se yahi sunta aa raha hu,roman,kept
Nhi abhi desh pura barbaad kaha hua hai  Abhii nhi,Nhi abhi desh pura barbaad kaha hua hai Abhii nhi,roman,kept
"Bhai gi aisa samachar sunne ke liye 15 saal se wait kar raha hu. Lekin BJP aaj bhi bani huwi h. Aur bani rahegi. Jb tak EVM h, koi hila nahi sakta BJP ko yahi succhayi h. Hamari desh ki janta hi jb bewakuf h to kuch kiya nahi ja sakta. Hm sub lage huwe h ek dusre ko marne ke liye lekin koi desh ke bare koi nahi sonchta. Hm sabhi janta desh premi nahi desh ka bedagark karne wale h. Aur hamare desh ka haal hamari wajah se h. Jai hind..","Bhai gi aisa samachar sunne ke liye 15 saal se wait kar raha hu. Lekin BJP aaj bhi bani huwi h. Aur bani rahegi. Jb tak EVM h, koi hila nahi sakta BJP ko yahi succhayi h. Hamari desh ki janta hi jb bewakuf h to kuch kiya nahi ja sakta. Hm sub lage huwe h ek dusre ko marne ke liye lekin koi desh ke bare koi nahi sonchta. Hm sabhi janta desh premi nahi desh ka bedagark karne wale h. Aur hamare desh ka haal hamari wajah se h. Jai hind..",roman,kept
Ab uske baad 60 se kam umar vaali mahilaayon ki baari,Ab uske baad 60 se kam umar vaali mahilaayon ki baari,roman,kept
पुरी आईडी बनाई थी पूरी केवाईसी करी थी पर हमारा कुछ नहीं होगा,पुरी आईडी बनाई थी पूरी केवाईसी करी थी पर हमारा कुछ नहीं होगा,devanagari,kept
E v m ho ya bailat pepar ho chor chori karna nahi bhulta hai bhai dimmag hona chahiye,E v m ho ya bailat pepar ho chor chori karna nahi bhulta hai bhai dimmag hona chahiye,roman,kept
इस वास्ते  कुछ तो दे के मामला  मिटlणा होगा बlहार गये है न साहेब,इस वास्ते कुछ तो दे के मामला मिटlणा होगा बlहार गये है न साहेब,devanagari,kept
पर कुछ नहीं होना,पर कुछ नहीं होना,devanagari,kept
दूसरी पार्टी से आये सभी नेता बी जे पी में दाग़ी लोग हैं,दूसरी पार्टी से आये सभी नेता बी जे पी में दाग़ी लोग हैं,devanagari,kept
❤😂😂🎉,,,dropped:too_short
Ballet paper se hoga  tabhi jit ml paygi kayuki evm kishi aur ne patent kara rakha hai,Ballet paper se hoga tabhi jit ml paygi kayuki evm kishi aur ne patent kara rakha hai,roman,kept
"Desh. Es. Sarkar. Ko .nhi. Chaita  hai,  kuki. En. Logo. Ki. Befaltu. Ki. Baato.  Ko. Koi. Bhi. Nhi. Pasand.  Karta. Hai,",,,dropped:not_valid
Hm uppar cast ko vot nhi dege,Hm uppar cast ko vot nhi dege,roman,kept
EVM bann karo,EVM bann karo,roman,kept
جب تک ای وی ایم ہے۔کانگریس سوسے اوپر نہیں جائے گی۔ھاں بلیٹ پیپر سے الیکشن ہوتودوسو ممکن ہے۔,,,dropped:not_valid
Ye galat lkha he chole waleki galti he,Ye galat lkha he chole waleki galti he,roman,kept
Modi to age puri hone pe PM ki seat se hatne wala tha kiya  Rules ko apne liye change kar liya shayad,Modi to age puri hone pe PM ki seat se hatne wala tha kiya Rules ko apne liye change kar liya shayad,roman,kept
Kuch bhi nahi hoga likh lo,Kuch bhi nahi hoga likh lo,roman,kept
Paper balet se election karwaye ❤,Paper balet se election karwaye,roman,kept
अगर नितिन गडकरी उसका बेटे का अचानक अरबो खरबो अपना बैंक बेलेन्स हो गया है तो वो कौन सा सही है सही देखा जाय रिजिजू है,अगर नितिन गडकरी उसका बेटे का अचानक अरबो खरबो अपना बैंक बेलेन्स हो गया है तो वो कौन सा सही है सही देखा जाय रिजिजू है,devanagari,kept
Main abhi Sahi kah de raha hun ki kuchh Bhi nahin Hoga jisko shart lagani Hai shart Laga Lo Modi hi Pradhanmantri rahenge Koi nahin hata payega Kisi Ki aukat nahin Hai 2029 mein ho sakta hai lekin abhi nahin hoga,Main abhi Sahi kah de raha hun ki kuchh Bhi nahin Hoga jisko shart lagani Hai shart Laga Lo Modi hi Pradhanmantri rahenge Koi nahin hata payega Kisi Ki aukat nahin Hai 2029 mein ho sakta hai lekin abhi nahin hoga,roman,kept
Pm mr modi ji ne poora desh karje se bhar poor lad ke rakh dia ab desh main ane wale dino main do sal bad bhukha mari ayegi tab andh bhakat kahenge ab kaha jay tabhi kahenge pm modi ji ko turant badlo.,Pm mr modi ji ne poora desh karje se bhar poor lad ke rakh dia ab desh main ane wale dino main do sal bad bhukha mari ayegi tab andh bhakat kahenge ab kaha jay tabhi kahenge pm modi ji ko turant badlo.,roman,kept
Kuch nahi hoga tension mat lo.,Kuch nahi hoga tension mat lo.,roman,kept
"सर कई 19निकल गई, खुद का बनाया कानून फिर भी 75साल के मोदी पीएम बने हुए आगे भी बने रहेंगे, न ज्ञानेश का कुछ बिगाड़ सके न मोदी तडीपार का कुछ नहीं बिगड़ा न कोई बिगाड़ सकता क्यों की को बिगाड़ सकते है वही मोदिकी चापलूसी कर रहे अब कोन सी संस्था मोदी को हटाएगी कई फाइल खुली सुब्रमण्यम स्वामी ने सात सालो से सबूत के साथ सब बता🎉 दिए क्या हुआ कोन सुन रहा","सर कई 19निकल गई, खुद का बनाया कानून फिर भी 75साल के मोदी पीएम बने हुए आगे भी बने रहेंगे, न ज्ञानेश का कुछ बिगाड़ सके न मोदी तडीपार का कुछ नहीं बिगड़ा न कोई बिगाड़ सकता क्यों की को बिगाड़ सकते है वही मोदिकी चापलूसी कर रहे अब कोन सी संस्था मोदी को हटाएगी कई फाइल खुली सुब्रमण्यम स्वामी ने सात सालो से सबूत के साथ सब बता दिए क्या हुआ कोन सुन रहा",devanagari,kept
E.C and along with BJP fight.,E.C and along with BJP fight.,roman,kept
MODI ISTIFA DO,MODI ISTIFA DO,roman,kept
Agar  baelet pepar se chunao  hoga  to 280 seet kangres ki hogi,Agar baelet pepar se chunao hoga to 280 seet kangres ki hogi,roman,kept
Jail jaaye to acha hai...umar bhar ke liye.. Or desh ko dubaara sahi bhi to karna hai.. Jitna desh ko barbad kiyaa..,Jail jaaye to acha hai.umar bhar ke liye.. Or desh ko dubaara sahi bhi to karna hai.. Jitna desh ko barbad kiyaa..,roman,kept
Pankaj Chaudhari up ke new CM I love Pankaj Chaudhari❤❤❤❤❤❤❤❤❤💯🌹🌹🌹🙏🙏🙏👌❤️❤️❤️❤️❤️❤️❤️🌹🌹🌹🌹🌹🌹,,,dropped:not_valid
झूठा छली आदमी कभी भी स्तीफा नहीं दे सकता है,झूठा छली आदमी कभी भी स्तीफा नहीं दे सकता है,devanagari,kept
Sahi kaha aise news 2019 se chal rahe hai kya modi denge istifa 😂😂😂lekin wo kbhi nhi denga wo besharam chor kursi kaise chhorenga jaisi kursi gyi waise 80% bjp walo ko jel hojayengi,Sahi kaha aise news 2019 se chal rahe hai kya modi denge istifa lekin wo kbhi nhi denga wo besharam chor kursi kaise chhorenga jaisi kursi gyi waise 80% bjp walo ko jel hojayengi,roman,kept
😂😂😂😂😂😂😂😂 tum lok sapna dek te raho 😂😂😂😂😂😂😂,,,dropped:not_valid
Evm hatawo Modi Yogi Amit Shah hatawo bharat desh bachawo,Evm hatawo Modi Yogi Amit Shah hatawo bharat desh bachawo,roman,kept
Nitin gadkari ji perfect for this chair,Nitin gadkari ji perfect for this chair,roman,kept
Hme muslim hone pe fakr hai Allah hu Akbar,Hme muslim hone pe fakr hai Allah hu Akbar,roman,kept
झूठी हेडलाइंस क्यों डालते हो,झूठी हेडलाइंस क्यों डालते हो,devanagari,kept
कुछ नहीं होगा 👍,कुछ नहीं होगा,devanagari,kept
फेसले ई बि एम हटाओ बाद में देखो,फेसले ई बि एम हटाओ बाद में देखो,devanagari,kept
मोदी नहीं जाएगा अंत तक ऐसे ही चलता rahega,मोदी नहीं जाएगा अंत तक ऐसे ही चलता rahega,devanagari,kept
EVM hataye,EVM hataye,roman,kept
Aayega to modi hi 😂,Aayega to modi hi,roman,kept
Modi istifa do,Modi istifa do,roman,kept
"EVM PE BAAT KARO, KAISE NIKALA JAA SAKTA HAI?  BAKI SAAB BAATE TIME KI BARBADI HAI.","EVM PE BAAT KARO, KAISE NIKALA JAA SAKTA HAI? BAKI SAAB BAATE TIME KI BARBADI HAI.",roman,kept
Evm के रहते कांग्रेस कभी नहीं जीत सकती,Evm के रहते कांग्रेस कभी नहीं जीत सकती,devanagari,kept
अगर आज चुनाव हो जाये तो क्या होगा? यह तो मोदीजी और शहंशाह शाह साहब के चहेते चुनाव आयोग के मुख्य आयुक्त ज्ञानेश कुमार अच्छी तरह से बतायेंगे। यह भी बताया जाना चाहिए कि चुनाव बैलेट से होगा या ई वी एम से।,अगर आज चुनाव हो जाये तो क्या होगा? यह तो मोदीजी और शहंशाह शाह साहब के चहेते चुनाव आयोग के मुख्य आयुक्त ज्ञानेश कुमार अच्छी तरह से बतायेंगे. यह भी बताया जाना चाहिए कि चुनाव बैलेट से होगा या ई वी एम से.,devanagari,kept
Modi ji ka Istifa bahut jaroori h desh k liye,Modi ji ka Istifa bahut jaroori h desh k liye,roman,kept
Kuch bhi ho Jaye modi istifa kabhi nehi dega.,Kuch bhi ho Jaye modi istifa kabhi nehi dega.,roman,kept
Me istifa nhi chahta . Ase to modi ji currupt hoke bhi India ke dusre Gandhi ho jayenge . Modiji jb tk nhi htne chahiye jb tk vo khud istifa na dede,Me istifa nhi chahta . Ase to modi ji currupt hoke bhi India ke dusre Gandhi ho jayenge . Modiji jb tk nhi htne chahiye jb tk vo khud istifa na dede,roman,kept
Rahul ke sath poora desh..Modi ke sath sirf GYANESH..,Rahul ke sath poora desh..Modi ke sath sirf GYANESH..,roman,kept
AGAR ISTIFA NAHI HUA TO TERA KYA HOGA,AGAR ISTIFA NAHI HUA TO TERA KYA HOGA,roman,kept
Modi ka estafa jaruri hai,Modi ka estafa jaruri hai,roman,kept
Sab jhooti baten hai bhai,Sab jhooti baten hai bhai,roman,kept
यह आप गलत जानकारी दे रहे हो सबको,यह आप गलत जानकारी दे रहे हो सबको,devanagari,kept
Amit sah ko jail me daalo,Amit sah ko jail me daalo,roman,kept
Koi kurci ka khatra nahi  Koi istifa nahi de ga  Jab tak Zen Z in ko nahi khadede ga jab tak nahi bhage ge,Koi kurci ka khatra nahi Koi istifa nahi de ga Jab tak Zen Z in ko nahi khadede ga jab tak nahi bhage ge,roman,kept
Bhaiya jaldi se jaldi modiya ko hatao oa des bachao,Bhaiya jaldi se jaldi modiya ko hatao oa des bachao,roman,kept
Vote chori kar ke satta me araha hai,Vote chori kar ke satta me araha hai,roman,kept
BAKWAS APP HAI 😮 MARKET WOLF,,,dropped:spam
Kuchh nahi hoga.,Kuchh nahi hoga.,roman,kept
Kai bhi nahi investment  mat Karo fraud  hay kuch nhi nahi,Kai bhi nahi investment mat Karo fraud hay kuch nhi nahi,roman,kept
Bina juta khaye nahin jayega,Bina juta khaye nahin jayega,roman,kept
नहीं देगा इस्तीफा लिखकर लेलो.... बहुत धीठ है मोदिया 😄😄😄,नहीं देगा इस्तीफा लिखकर लेलो. बहुत धीठ है मोदिया,devanagari,kept
"Modi, सहा ko हटाव, फिर EVM भी hategi. देश को बरबाद किया.","Modi, सहा ko हटाव, फिर EVM भी hategi. देश को बरबाद किया.",mixed,kept
Lag raha BJP valonka paap ka ghada jaldi bharne vala hai 😅😅😅,Lag raha BJP valonka paap ka ghada jaldi bharne vala hai,roman,kept
Desh toh abhi puri tarah se barbad nahi hua hai abhi toh kewal uttar pradesh haryana madhya pradesh delhi utrakhand bihar hi hua hai abhi pura desh barbad hona baki hai uske baad bhi modi ji thehrai kar ke p.m. bane rahenge.,Desh toh abhi puri tarah se barbad nahi hua hai abhi toh kewal uttar pradesh haryana madhya pradesh delhi utrakhand bihar hi hua hai abhi pura desh barbad hona baki hai uske baad bhi modi ji thehrai kar ke p.m. bane rahenge.,roman,kept
Jitna jaldi ho sake tu jaldi se panhauti khatam ho jaye.,Jitna jaldi ho sake tu jaldi se panhauti khatam ho jaye.,roman,kept
आज चुनाव हो तो बिहार में RJD जैसा हश्र कांग्रेस का हो जाएगा।क्योंकि भाजपा व ज्ञानेश गठबंधन बड़ा मजबूत है। सुप्रीम कोर्ट की आंखें बंद है।चुनाव आयुक्तों की नियुक्ति व SIR के जरिए बड़ी साज़िश को अंजाम दिया जा चुका है 😮,आज चुनाव हो तो बिहार में RJD जैसा हश्र कांग्रेस का हो जाएगा.क्योंकि भाजपा व ज्ञानेश गठबंधन बड़ा मजबूत है. सुप्रीम कोर्ट की आंखें बंद है.चुनाव आयुक्तों की नियुक्ति व SIR के जरिए बड़ी साज़िश को अंजाम दिया जा चुका है,devanagari,kept
Bhai tu nila kabutar hai kya,Bhai tu nila kabutar hai kya,roman,kept
Ye frod hai,Ye frod hai,roman,kept
Bjp main jitne bhi nafrati gunde neta hai sabka istifa Ho,Bjp main jitne bhi nafrati gunde neta hai sabka istifa Ho,roman,kept
जो भी मनुवादी या मनुवादी मानसिकता का पीएम बनेगा वो देश को बर्बाद ही करेगा और जनता को और कंगाल बना देगा जिस प्रकार अभी तक जनता को लूटा गया है और उसे कहीं का नहीं छोड़ा है आज लोग घुट घुट कर जीने को मजबूर हैं सब कुछ लूट लिया लुटेरों ने,जो भी मनुवादी या मनुवादी मानसिकता का पीएम बनेगा वो देश को बर्बाद ही करेगा और जनता को और कंगाल बना देगा जिस प्रकार अभी तक जनता को लूटा गया है और उसे कहीं का नहीं छोड़ा है आज लोग घुट घुट कर जीने को मजबूर हैं सब कुछ लूट लिया लुटेरों ने,devanagari,kept
भाजपा की सरकार ने संविधान को बिल्कुल तात्पर्य रखकर काम किया है और मानववाद को बढ़ाया है मानवादी लोग इस सरकार में खूब उछल कूद कर रहे हैं नंगी तलवार लहराते हैं बंदूक लहराते हैं भले ले रहते हैं उन पर कोई फिर नहीं होती है और कोई गरीब दाल का व्यक्ति अगर कोई ऐसा काम कर दे तो उसे पर तुरंत फिर देशद्रोह का कानून लगाकर जेल भेज देते हैं फिर वह अदालत के चक्कर लगाते रहता है गरीब लोगों के परिवार को सताया जा रहा है प्रधानमंत्री आवास की किस्त 6 महीने में डाल रही है उसमें कैसे गरीब आदमी घर बनाए,भाजपा की सरकार ने संविधान को बिल्कुल तात्पर्य रखकर काम किया है और मानववाद को बढ़ाया है मानवादी लोग इस सरकार में खूब उछल कूद कर रहे हैं नंगी तलवार लहराते हैं बंदूक लहराते हैं भले ले रहते हैं उन पर कोई फिर नहीं होती है और कोई गरीब दाल का व्यक्ति अगर कोई ऐसा काम कर दे तो उसे पर तुरंत फिर देशद्रोह का कानून लगाकर जेल भेज देते हैं फिर वह अदालत के चक्कर लगाते रहता है गरीब लोगों के परिवार को सताया जा रहा है प्रधानमंत्री आवास की किस्त 6 महीने में डाल रही है उसमें कैसे गरीब आदमी घर बनाए,devanagari,kept
Modi Ka Jane Ka Sapna Dekho  Wo Kabhi nhi jayenge,Modi Ka Jane Ka Sapna Dekho Wo Kabhi nhi jayenge,roman,kept
भाजपा सरकार हटाओ महंगाई खुद हट     जाएगी❤❤❤,,,dropped:not_valid
"बीजेपी अवर चुनाव आयोग की सेटिंग से बीजेपी के नेता जीते है जनता ने नहीं जिताया, लुक तंत्र खत्म किया है बीजेपी ने","बीजेपी अवर चुनाव आयोग की सेटिंग से बीजेपी के नेता जीते है जनता ने नहीं जिताया, लुक तंत्र खत्म किया है बीजेपी ने",devanagari,kept
Evm Hatega Tabhi Desh Bachega,Evm Hatega Tabhi Desh Bachega,roman,kept
Modi hatao Desh bachao Chauthi pass ko Kuchh Samajh Mein Nahin a raha hai khali galat ko galat Karva raha hai,Modi hatao Desh bachao Chauthi pass ko Kuchh Samajh Mein Nahin a raha hai khali galat ko galat Karva raha hai,roman,kept
Yaaah sub   SIR karaaanay kaaa hi najitaaa hai.   Moootiji naaay hudbadahat mai SIR laaaa diya lekin sirf Gujarat mai hi uuunki jooo joooo seat par jeeet hui thi uuuunkaa figure bhuut hi kum hooo raha hai. Joooo vote kaaa margin thaaa wooh sub vote hi nahi nikal paaa rahay hai.  Tu bhi tooou tin time abhi ruuko dus time sir ki date extend karnaaa padegi.  Adjustment karnay kaay liyeee. 😂😂😂😂😂😂,Yaah sub SIR karaanay kaa hi najitaa hai. Mootiji naay hudbadahat mai SIR laa diya lekin sirf Gujarat mai hi uunki joo joo seat par jeet hui thi uunkaa figure bhuut hi kum hoo raha hai. Joo vote kaa margin thaa wooh sub vote hi nahi nikal paa rahay hai. Tu bhi toou tin time abhi ruuko dus time sir ki date extend karnaa padegi. Adjustment karnay kaay liyee.,roman,kept
Epstein me modi ka name bhi hai ek aur b j p ke neta ka name bhi hi,Epstein me modi ka name bhi hai ek aur b j p ke neta ka name bhi hi,roman,kept
2027 tak modi  he rayga,,,dropped:not_valid
Agar modi estifa nhi dega tab esko bahut ham gali dege aisa news wale ko  Ham  bahut  es news ke sunte hai,Agar modi estifa nhi dega tab esko bahut ham gali dege aisa news wale ko Ham bahut es news ke sunte hai,roman,kept
Modiji is not going anywhere take it for Granted.  He will rule Bharat for the next 50 years.,Modiji is not going anywhere take it for Granted. He will rule Bharat for the next 50 years.,roman,kept
Desh bach jayega agar modi hat jaye toh,Desh bach jayega agar modi hat jaye toh,roman,kept
Hawa me baate mat karo yeh Ranga.Billa itni aasani se kursi nahi chhodege EkDin janta hi i dono koukhad fekegi,Hawa me baate mat karo yeh Ranga.Billa itni aasani se kursi nahi chhodege EkDin janta hi i dono koukhad fekegi,roman,kept
Bharat ko Pakistan bana hai congress ko lakar😂😂😂😂😂,Bharat ko Pakistan bana hai congress ko lakar,roman,kept
Hatao bjp rss ko,Hatao bjp rss ko,roman,kept
Aaj 19 hai btawo kya huaa 😊tumlog bahut jhut bolte ho tumse achha to modi hai jo kbhi kbhi sach bhi bol lete hai,Aaj 19 hai btawo kya huaa tumlog bahut jhut bolte ho tumse achha to modi hai jo kbhi kbhi sach bhi bol lete hai,roman,kept
Congres sapna dekhti rahe gyanesh kumar chahega vahi hoga,Congres sapna dekhti rahe gyanesh kumar chahega vahi hoga,roman,kept
Evm hatao.bjp.rssku bhagao. Jute.parteku bhagao.,Evm hatao.bjp.rssku bhagao. Jute.parteku bhagao.,roman,kept
"Evm hatao desh bacho,or evm hatega to modi apne aap hat jayega","Evm hatao desh bacho,or evm hatega to modi apne aap hat jayega",roman,kept
"This is certainly BJP's and RSS leaders and cadres language..... Not by the Congress. This group should be investigated. On second thoughts ""kaber kodhna"" is an idiom . It doesn't mean wishing PM's funeral. It means the end of Modi's Dictatorship ☝️","This is certainly BJP's and RSS leaders and cadres language. Not by the Congress. This group should be investigated. On second thoughts ""kaber kodhna"" is an idiom . It doesn't mean wishing PM's funeral. It means the end of Modi's Dictatorship ️",roman,kept
मोदी को इस्तीफा देने के बाद फिर जोगी बन जाएंगे प्रधानमंत्री कुछ चल रहा होगा मामला,मोदी को इस्तीफा देने के बाद फिर जोगी बन जाएंगे प्रधानमंत्री कुछ चल रहा होगा मामला,devanagari,kept
जनता को मूर्ख बना रहा है बनावटी बाते घड़ घड़ के सुना रहा है।,जनता को मूर्ख बना रहा है बनावटी बाते घड़ घड़ के सुना रहा है.,devanagari,kept
Western power right wing thanking dakshin pannthi communist party by Neto 32 country saporter BJP's government,Western power right wing thanking dakshin pannthi communist party by Neto 32 country saporter BJP's government,roman,kept
False,,,dropped:too_short
Ganja mat pio.sir jada,Ganja mat pio.sir jada,roman,kept
Dream on̈ĺÿ,,,dropped:not_valid
CONGRESS 230 TO NAHI BUT 130 +5 MUST OBTAIN SURELY,,,dropped:not_valid
Bharat barbadi..nd dange fasad hone ki kagar pe halaat aap sab ke samne hai,Bharat barbadi..nd dange fasad hone ki kagar pe halaat aap sab ke samne hai,roman,kept
कुछ नहीं गुजरात फाइल खुलने वाली है 2000 से 2025 तक कि इससे फर्क़ सिर्फ पनौती और तड़ीपार को पड़ेगा सीट तो गई इनकी जैल का पता नहीं अमरिका चाइना रूस इनके पास इन दोनों की सारी फाइल है 😂😂😂😂,कुछ नहीं गुजरात फाइल खुलने वाली है 200 से 2025 तक कि इससे फर्क़ सिर्फ पनौती और तड़ीपार को पड़ेगा सीट तो गई इनकी जैल का पता नहीं अमरिका चाइना रूस इनके पास इन दोनों की सारी फाइल है,devanagari,kept
"बीजेपी का कोई भी नेता pm के पद पर सत्ता मे नहीं होगा। राहुल जी गाँधी, प्रियांका वाड्रा या तो उद्धव जी ठाकरे होंगे प्रधानमन्त्री। अन्य कोई हितेषी नहीं है,  काबिल नहीं है","बीजेपी का कोई भी नेता pm के पद पर सत्ता मे नहीं होगा. राहुल जी गाँधी, प्रियांका वाड्रा या तो उद्धव जी ठाकरे होंगे प्रधानमन्त्री. अन्य कोई हितेषी नहीं है, काबिल नहीं है",devanagari,kept
Ballet papar se election karake dekh lo BJP hi jitegi  fhir kya bahana lagayenge vipakshi party,Ballet papar se election karake dekh lo BJP hi jitegi fhir kya bahana lagayenge vipakshi party,roman,kept
Fake news,,,dropped:too_short
यह वोट डकैती से और अमेरिका वाली सीडी से ध्यान भटकाने के लिए प्रोपेगेंडा किया जा रहा है धीरे धीरे लोकतंत्र की हत्या करके वोट डकैती की सारी पोल पट्टी खुल रही है,यह वोट डकैती से और अमेरिका वाली सीडी से ध्यान भटकाने के लिए प्रोपेगेंडा किया जा रहा है धीरे धीरे लोकतंत्र की हत्या करके वोट डकैती की सारी पोल पट्टी खुल रही है,devanagari,kept
Modi  ka  jana  tay  to  nahi  hai  lekin  jhoot  bolne  k liye  tum  logon   ka jail  jana  tay  hi  hai !,,,dropped:not_valid
Evm ke rahte bjp hi jeetegi,Evm ke rahte bjp hi jeetegi,roman,kept
Pm giro pls,Pm giro pls,roman,kept
"Modi EK Ghar Nahi Chala Paya, DES kaese chaljaega, Aaj Dunia ka sabse bara bhik manga manadea DES KO, r Pakistan se 3 ghanta ke Jang modi hargaya Trump ka paer pakarlia, godi media Nahi bataya lekin sach yahi hae","Modi EK Ghar Nahi Chala Paya, DES kaese chaljaega, Aaj Dunia ka sabse bara bhik manga manadea DES KO, r Pakistan se 3 ghanta ke Jang modi hargaya Trump ka paer pakarlia, godi media Nahi bataya lekin sach yahi hae",roman,kept
Nitin gadkari modi 2.0 hoga bacha kucha sab bech dega😂,Nitin gadkari modi 2.0 hoga bacha kucha sab bech dega,roman,kept
देस में कांग्रेस ही जरूरी है नहीं तो देस तबाह हो जाएगा जंगल काट देगा और सब मरेंगे अभी भी सुधर जाओ नहीं तो ये सब गरीब लोग मारे जाएंगे,देस में कांग्रेस ही जरूरी है नहीं तो देस तबाह हो जाएगा जंगल काट देगा और सब मरेंगे अभी भी सुधर जाओ नहीं तो ये सब गरीब लोग मारे जाएंगे,devanagari,kept
Modi hatao desh bachao,Modi hatao desh bachao,roman,kept
BJP ka koi v aayega barbadi hi layega PM toh sirf Rahul Gandhi ko hi banna chahiye,BJP ka koi v aayega barbadi hi layega PM toh sirf Rahul Gandhi ko hi banna chahiye,roman,kept
Bjp hatao desh bachao yogi hatao up bachao jago bharat jago jago ekjut ho jao bjp ka takhta palat do 😢😢😢kab tak atyachar sahoge bjp ka,Bjp hatao desh bachao yogi hatao up bachao jago bharat jago jago ekjut ho jao bjp ka takhta palat do kab tak atyachar sahoge bjp ka,roman,kept
Evm hatao desh bachao,Evm hatao desh bachao,roman,kept
बकवास है,,,dropped:too_short
BAKWAAS,,,dropped:too_short
Farzi report hoti hai tumhari sab bihar chunav me bhi tumne bola tha Modi harega 😂😂 pahale research kr lia kro jo dusre ne bola hai woi mat dikha dia kro tum,Farzi report hoti hai tumhari sab bihar chunav me bhi tumne bola tha Modi harega pahale research kr lia kro jo dusre ne bola hai woi mat dikha dia kro tum,roman,kept
Yogi  pm,,,dropped:too_short
"झूठी खबर है, मोदी जी महामानव हैं।","झूठी खबर है, मोदी जी महामानव हैं.",devanagari,kept
Bjp murda baad In bjp walo ki bhook kabhi nahi mitegi. Garibi nahi garib ko mitao,Bjp murda baad In bjp walo ki bhook kabhi nahi mitegi. Garibi nahi garib ko mitao,roman,kept
"Modi ji has done an irreversible damage to the country , which will take decades to construct the country .... Please NDA bhagao desh bachao","Modi ji has done an irreversible damage to the country , which will take decades to construct the country . Please NDA bhagao desh bachao",roman,kept
झूठा,,,dropped:too_short
Sub ek khab hai congres ka,Sub ek khab hai congres ka,roman,kept
Or agar pappu PM bna do to do din me america se aage le jayega,Or agar pappu PM bna do to do din me america se aage le jayega,roman,kept
"This is true Rahul Gandhiji  is very popular among Indian people , Congress is still facing RSS sleeper cell inside the party like Shashi Tharoor.","This is true Rahul Gandhiji is very popular among Indian people , Congress is still facing RSS sleeper cell inside the party like Shashi Tharoor.",roman,kept
Not only modii but whole rss bjp tesm who stolen constitutional posts power and destroying states and country.  Modi shah fadtus gadakari including corrupt all team must be banned from politics,Not only modii but whole rss bjp tesm who stolen constitutional posts power and destroying states and country. Modi shah fadtus gadakari including corrupt all team must be banned from politics,roman,kept
Yogi Bhi Lafanga Hain Aur Modi Bhi Kuch Kam Nahi,Yogi Bhi Lafanga Hain Aur Modi Bhi Kuch Kam Nahi,roman,kept
Why you are telling lie no one can do anything Modi because andhbhakt Long Live ،one village of bihar voters total quantity is 11000 and BJP get 18000vote only ۔what a fine joke is here,Why you are telling lie no one can do anything Modi because andhbhakt Long Live ،one village of bihar voters total quantity is 1100 and BJP get 1800vote only ۔what a fine joke is here,roman,kept
Piche saal bhi badal rahe the,Piche saal bhi badal rahe the,roman,kept
Your promotional content has forced me to block your channel.,Your promotional content has forced me to block your channel.,roman,kept
चल भाग,,,dropped:too_short
Sub ka baap bjp hay,Sub ka baap bjp hay,roman,kept
Fake news bolte hue Sharm nahi aati ya tumhaara dhandha hai.?,Fake news bolte hue Sharm nahi aati ya tumhaara dhandha hai.?,roman,kept
Time pass channel,Time pass channel,roman,kept
राहुल गांधी जिन्दाबाद,राहुल गांधी जिन्दाबाद,devanagari,kept
200से ज्यादा सीट जीतेगा कांग्रेस 👌👌👌,,,dropped:not_valid
सभी भाजपा शासित राज्यों में यानी जिन-जिन राज्यों में भाजपा शासन कर रही है उन राज्यों में स्थित भाजपा प्रशासन के सभी आला अधिकारियों के साथ-साथ सभी पुलिसकर्मी पर जो की बेटियों के सम्मान में घटिया सोच वाले जितने भी IAS IPS के खिलाफ पूरे देश भर में धरना प्रदर्शन होना ही चाहिए😡😡🙏🙏,सभी भाजपा शासित राज्यों में यानी जिन-जिन राज्यों में भाजपा शासन कर रही है उन राज्यों में स्थित भाजपा प्रशासन के सभी आला अधिकारियों के साथ-साथ सभी पुलिसकर्मी पर जो की बेटियों के सम्मान में घटिया सोच वाले जितने भी IAS IPS के खिलाफ पूरे देश भर में धरना प्रदर्शन होना ही चाहिए,devanagari,kept
"पी,एम, ग्रह मंत्री,दोनो हटाव देश बचाओ","पी,एम, ग्रह मंत्री,दोनो हटाव देश बचाओ",devanagari,kept
Kash yeh baat sach ho jaaye,Kash yeh baat sach ho jaaye,roman,kept
योगी जितना जल्दी पद से हटेगा उतनी ही जल्दी यूपी मे साम्प्रदायिकता कम होगी,योगी जितना जल्दी पद से हटेगा उतनी ही जल्दी यूपी मे साम्प्रदायिकता कम होगी,devanagari,kept
Kuch bhi thumbnail lga dia??  Ye chor mar jyga pr kursi ni chhodega,Kuch bhi thumbnail lga dia?? Ye chor mar jyga pr kursi ni chhodega,roman,kept
fake news padder,fake news padder,roman,kept
"मोदी ,और इस्तीफा,ये तो नामुमकिन बात है।","मोदी ,और इस्तीफा,ये तो नामुमकिन बात है.",devanagari,kept
अगर अभी भी चुनाव होगा तो भारतीय जनता पार्टी पहले से ज्यादा मतों बहुमत में💯 आयेगी 🪔🪔🪔🪔🪔🪔🪔⚔️🚩🚩🚩🚩🚩🚩,,,dropped:not_valid
जब तक मोदी के अंध भक्त हैं तब तक मोदी को मरते दम तक कोई हटाने वाला नहीं है,जब तक मोदी के अंध भक्त हैं तब तक मोदी को मरते दम तक कोई हटाने वाला नहीं है,devanagari,kept
मोदी जी इस्तीफा कभी नहीं देंगे,मोदी जी इस्तीफा कभी नहीं देंगे,devanagari,kept
Modi will never resigned,Modi will never resigned,roman,kept
"Have the Lok Sabha elections again by dissolving the House as soon as he resigns through Ballot paper,Changing the present EC and then see the fun.BJP will never cross the two digit figure,mark my word.","Have the Lok Sabha elections again by dissolving the House as soon as he resigns through Ballot paper,Changing the present EC and then see the fun.BJP will never cross the two digit figure,mark my word.",roman,kept
मोदी जी इस्तीफा दे दें तो मैं हनुमान जी को प्रसाद चढ़ाऊंगा,मोदी जी इस्तीफा दे दें तो मैं हनुमान जी को प्रसाद चढ़ाऊंगा,devanagari,kept
MODI------ FRAUD------- HATAO---------- DESH-------- BACHAO,,,dropped:not_valid
भाई   लोक  सभा   पहेले  का  ये  ख़बर   आ रहा है । कुछ  होने वाला नही है भाई।,,,dropped:not_valid
​ @DineshPandya-em6mz ri8 kursi satta power paisa sab hai  Ab der ho gaya kuch na hone wala,,,dropped:spam
नितिन गडकरी जी।वाह मज़ा आ जाएगा।बीजेपी का ये कदम सराहनीय होगा।,नितिन गडकरी जी.वाह मज़ा आ जाएगा.बीजेपी का ये कदम सराहनीय होगा.,devanagari,kept
नितिन गडकरी को प्रधान मंत्री बनाया जाए,नितिन गडकरी को प्रधान मंत्री बनाया जाए,devanagari,kept
"Kuchh nhi hoga, Modi, Amit sah jab tak mrenge nhi tab tak kursi nhi chhodega","Kuchh nhi hoga, Modi, Amit sah jab tak mrenge nhi tab tak kursi nhi chhodega",roman,kept
Bilkul sehi baat aisiraniti abtak huaa naahi,Bilkul sehi baat aisiraniti abtak huaa naahi,roman,kept
Rite 👍,,,dropped:too_short
💯💯💯💯💯💯💯💯,,,dropped:too_short
Ek no,,,dropped:too_short
Right 💯,,,dropped:too_short
India public chain ki saas legi,India public chain ki saas legi,roman,kept
ये पागल बनते है और तुम बन जाते हो 😂,ये पागल बनते है और तुम बन जाते हो,devanagari,kept
Very good job Sir ❤ Very good news ❤,Very good job Sir Very good news,roman,kept
मोदी की ट्रम्प के पास कोई कमजोरी जरूर है l नहीं तो ट्रम्प 60 बार ये नहीं कहता कि सीजफायर मैंने करवाया l भारतीयों के हाथ में हथकड़ी पहनाकर नहीं भेजता l चव्हाण सही कह रहे है l,मोदी की ट्रम्प के पास कोई कमजोरी जरूर है l नहीं तो ट्रम्प 60 बार ये नहीं कहता कि सीजफायर मैंने करवाया l भारतीयों के हाथ में हथकड़ी पहनाकर नहीं भेजता l चव्हाण सही कह रहे है l,devanagari,kept
"मोदी को इस्तीफा देना चाहिए, उनकी उम्र को ध्यान में रखते हुए ।","मोदी को इस्तीफा देना चाहिए, उनकी उम्र को ध्यान में रखते हुए .",devanagari,kept
"नितिन गडकरी होंगे, अगर ऐसा हुआ तो 👍","नितिन गडकरी होंगे, अगर ऐसा हुआ तो",devanagari,kept
ऐ खबर खुशहाली लायेगी 👌🙏,ऐ खबर खुशहाली लायेगी,devanagari,kept
Mujhe lagta hai ye log sahi me ulta chasma lgate hain😂😂😂😂,Mujhe lagta hai ye log sahi me ulta chasma lgate hain,roman,kept
"Ashok chavan nahi sir, prithiraj chavan correct karo","Ashok chavan nahi sir, prithiraj chavan correct karo",roman,kept
Nice video sir ji❤❤❤,Nice video sir ji,roman,kept
ईव्हीएम फ्राॅड.वोट चोरी. ईडी.सीबीआय. इन्कम टॅक्स. विरोधीपक्षो कि तोड मोड. विरोधीपक्ष के मंत्री का घोडे बाजार. गोदी मिडीया.सुप्रीम कोर्ट ईन सब का ईस्तेमाल. करके अगर कोई  लोकप्रिय नेता बन जाये .या विश्वगुरू बन  जाये. छी थू लानत है,ईव्हीएम फ्राॅड.वोट चोरी. ईडी.सीबीआय. इन्कम टॅक्स. विरोधीपक्षो कि तोड मोड. विरोधीपक्ष के मंत्री का घोडे बाजार. गोदी मिडीया.सुप्रीम कोर्ट ईन सब का ईस्तेमाल. करके अगर कोई लोकप्रिय नेता बन जाये .या विश्वगुरू बन जाये. छी थू लानत है,devanagari,kept
Yes modi ka name hai,Yes modi ka name hai,roman,kept
Nitin gadkari बनेगा,Nitin gadkari बनेगा,roman,kept
Great 👍🏻 ABSOLUTELY CORRECT 💯 PERCENT,Great ABSOLUTELY CORRECT PERCENT,roman,kept
"जितने भी क़ानून बनालो,, मोदी सब कानूनों से ऊपर है,","जितने भी क़ानून बनालो,, मोदी सब कानूनों से ऊपर है,",devanagari,kept
Nice,,,dropped:too_short
He says ho sakta hai 😂😂mind ut,He says ho sakta hai mind ut,roman,kept
"Avisvass parastaw aana hai pm chanj hoga ,,","Avisvass parastaw aana hai pm chanj hoga ,,",roman,kept
Kash sach ho jaye 😂😂😂,,,dropped:not_valid
Yeah Kuch zada hogaye fake news hain,Yeah Kuch zada hogaye fake news hain,roman,kept
Chandrakant Jee & Bharat Jee viral video is the main debackle in the politics,Chandrakant Jee & Bharat Jee viral video is the main debackle in the politics,roman,kept
Very good news.👍🏿,Very good news.,roman,kept
Good news ❤❤❤❤❤,,,dropped:too_short
Upar wala kre ye sach hojaye...,Upar wala kre ye sach hojaye.,roman,kept
Ham to fakir Aadmi Hai jhola uthakar chal rahe dain gaye,Ham to fakir Aadmi Hai jhola uthakar chal rahe dain gaye,roman,kept
THIS LEADER IS WITHOUT ANY BRAIN...LET HIM COME AFTER TWO MONTHS AND CONFIRM ..HIS STATEMENT. OKAY,THIS LEADER IS WITHOUT ANY BRAIN.LET HIM COME AFTER TWO MONTHS AND CONFIRM ..HIS STATEMENT. OKAY,roman,kept
News to acha mila है,News to acha mila है,roman,kept
If it will true it will be good for nation,If it will true it will be good for nation,roman,kept
२०१४ से कया हो रहा है?😮,,,dropped:not_valid
"If there is an element of truth, why did Modi ji went to visit 3 countries today for 3 days??","If there is an element of truth, why did Modi ji went to visit 3 countries today for 3 days??",roman,kept
Bhart sir ham tu pimpari chichwad se app ku sun rhe hai. Pune,,,dropped:spam
❤❤❤❤❤❤❤❤❤❤❤❤❤❤❤❤❤❤❤,,,dropped:too_short
what if nothing happens?,what if nothing happens?,roman,kept
यदि ऐसा हुआ तो झूठे वादे से निजात मिलेगी 😂😂,यदि ऐसा हुआ तो झूठे वादे से निजात मिलेगी,devanagari,kept
Yogi Adityanath baba ji ko pm hona chahiye 😊,Yogi Adityanath baba ji ko pm hona chahiye,roman,kept
Bharat ji kuch v bolte hain😂😂🎉,Bharat ji kuch v bolte hain,roman,kept
Kas ye khabr such ho jai,Kas ye khabr such ho jai,roman,kept
Ulta chasma ki ab tak ek bhi news  sahi nahi huwi hai. Baate banane me ek number hai. Sirf ek headline ko lekar baat karte hai. Sab me bari baat hai inki unhone ye bola is ka kay matlab ye famous hai.,Ulta chasma ki ab tak ek bhi news sahi nahi huwi hai. Baate banane me ek number hai. Sirf ek headline ko lekar baat karte hai. Sab me bari baat hai inki unhone ye bola is ka kay matlab ye famous hai.,roman,kept
kya ye possible hai????,,,dropped:not_valid
जेपी क्रांति ऑफिसियल यूट्यूब चैनल,जेपी क्रांति ऑफिसियल यूट्यूब चैनल,devanagari,kept
💯ye sach bolrha.Credit PRC ko jata hai.RSS bhi bola hai PM bdlega.Bsakhi bhi htadega,ye sach bolrha.Credit PRC ko jata hai.RSS bhi bola hai PM bdlega.Bsakhi bhi htadega,roman,kept
"He is Prithviraj Chauhan, former Chief Minister of Maharashtra.","He is Prithviraj Chauhan, former Chief Minister of Maharashtra.",roman,kept
Aur aap log kahate to bahut kuchh aur hota to nahin Hai Aisa Kya dikkat Hai,Aur aap log kahate to bahut kuchh aur hota to nahin Hai Aisa Kya dikkat Hai,roman,kept
Achcha shamachar,Achcha shamachar,roman,kept
Age is 75 retirement kanoon ke hisab se,Age is 75 retirement kanoon ke hisab se,roman,kept
India chain ku saas lagi india ranga birla sa dash Azad ho jayga,India chain ku saas lagi india ranga birla sa dash Azad ho jayga,roman,kept
Bhai yh veaws ke liye news hi,Bhai yh veaws ke liye news hi,roman,kept
Abhi to aap keshav maurya ji ko cm bna diya tha up k,Abhi to aap keshav maurya ji ko cm bna diya tha up k,roman,kept
"मोदी कभी इस्तीफा नहीं देगा, चाहे जो भी कहो या जो भी कर लो, कुर्सी जाते ही मोदी बेहोश हो जाएगा","मोदी कभी इस्तीफा नहीं देगा, चाहे जो भी कहो या जो भी कर लो, कुर्सी जाते ही मोदी बेहोश हो जाएगा",devanagari,kept
Kabhinahi hospital 😅,Kabhinahi hospital,roman,kept
بہت دنوں سے دیش واشیوں کو اس دن کا شدت سے انتظار ہے,,,dropped:not_valid
Sir 19bdec 2049,,,dropped:not_valid
😂😂😂jhut bole kvva kate😂😂😂,,,dropped:not_valid
Sab khoosh hai Bhart bdlega.Takla bhi UP sai horha.sachi khb hai.,Sab khoosh hai Bhart bdlega.Takla bhi UP sai horha.sachi khb hai.,roman,kept
MODI JI KI ISTOFA HONE SE DESH KA BHALA HOGA !,MODI JI KI ISTOFA HONE SE DESH KA BHALA HOGA !,roman,kept
"If there is any change, Nitin Gakari will have chances since he is acceptable to all political parties OR Fadnavis, relatively younger person","If there is any change, Nitin Gakari will have chances since he is acceptable to all political parties OR Fadnavis, relatively younger person",roman,kept
The great Rahul jee❤,The great Rahul jee,roman,kept
Pm badal jayga modi foranma rah aga,Pm badal jayga modi foranma rah aga,roman,kept
Modi ji ki kursi jana tay h khaila hobe modi ji to gayo,Modi ji ki kursi jana tay h khaila hobe modi ji to gayo,roman,kept
Prithvi Raj Chauhan,Prithvi Raj Chauhan,roman,kept
786 ba like maine kya,,,dropped:not_valid
That will be a good day for India. Let’s celebrate. Thank God save India. Not only Modi BJP should go out of power.,That will be a good day for India. Let’s celebrate. Thank God save India. Not only Modi BJP should go out of power.,roman,kept
Aaj nahe tokl Takhta plt jarur hoga.Desh mai Neta irPM orAdani sab BDesh bhagega.,Aaj nahe tokl Takhta plt jarur hoga.Desh mai Neta irPM orAdani sab BDesh bhagega.,roman,kept
"Baba laptop band karke bat karo,,,, bhi","Baba laptop band karke bat karo, bhi",roman,kept
Kya hua???,,,dropped:not_valid
Epstein file ka naam kyun nhi le pa rhe ho tum,Epstein file ka naam kyun nhi le pa rhe ho tum,roman,kept
Suraj purab ke bajay paschhim me ug sakata hai Magar ye mahasa kursi nahi tyag sakta hai,Suraj purab ke bajay paschhim me ug sakata hai Magar ye mahasa kursi nahi tyag sakta hai,roman,kept
PM jitna Saal rha uska List hath mai dena Chaye.Nag pur sai tay hogaya.,PM jitna Saal rha uska List hath mai dena Chaye.Nag pur sai tay hogaya.,roman,kept
2026  Lgta Achedun Aane wale hai.asa hoga to .Happy New year .Next PM NK.RG.NG.SP.MK. lgta Desh Mai Zalza ya Tofan.Pr hoga jarur.,2026 Lgta Achedun Aane wale hai.asa hoga to .Happy New year .Next PM NK.RG.NG.SP.MK. lgta Desh Mai Zalza ya Tofan.Pr hoga jarur.,roman,kept
Bhai yeah log bhagna ki tahyari ma hai,Bhai yeah log bhagna ki tahyari ma hai,roman,kept
SHARAD CHANDRA PAWAR...NXT PM,SHARAD CHANDRA PAWAR.NXT PM,roman,kept
Ho nahi skta ... Modi will not resign 😂,,,dropped:not_valid
Narendra  despiting parliament season hd left for foreign tour. What it by means? Which is more important?. Ye hai bjp ke kam.,Narendra despiting parliament season hd left for foreign tour. What it by means? Which is more important?. Ye hai bjp ke kam.,roman,kept
Pure Bihar chunav me TRP k chakkar me sab galat dikhye ab fir vahi kam suru kar diya. Thoda ground pe kam karo ji.,Pure Bihar chunav me TRP k chakkar me sab galat dikhye ab fir vahi kam suru kar diya. Thoda ground pe kam karo ji.,roman,kept
"भारत बोलो,सँविधान में भी भारत थेट इंडिया और इंडिया दैट भारत ही लिखा है तो आप भी न्यूज चैनलों पर भारत ही बोले!!:-बी एस आजाद दिल्ली","भारत बोलो,सँविधान में भी भारत थेट इंडिया और इंडिया दैट भारत ही लिखा है तो आप भी न्यूज चैनलों पर भारत ही बोले!-बी एस आजाद दिल्ली",devanagari,kept
अगर ऐसा होता है तो देश और जनता संविधान के पक्ष में mazbut कदम है,अगर ऐसा होता है तो देश और जनता संविधान के पक्ष में mazbut कदम है,devanagari,kept
Bihar wala sirf 5 kg rashan chahiye 😂😂,Bihar wala sirf 5 kg rashan chahiye,roman,kept
"मेरे हिसाब से नितिन गडकरी जी होंगे पीएम,","मेरे हिसाब से नितिन गडकरी जी होंगे पीएम,",devanagari,kept
"Jannayak, educated and visionary leader Rahul Gandhi ji should be PM soon ❤❤❤pura desh unke sath hai ❤❤❤ india alliance 243+ seats hai, naidu ji india alliance ke sath aaye aur india alliance ki govt banao","Jannayak, educated and visionary leader Rahul Gandhi ji should be PM soon pura desh unke sath hai india alliance 243+ seats hai, naidu ji india alliance ke sath aaye aur india alliance ki govt banao",roman,kept
Yar tumhari sari news fake Hoti h yar ... Tumne to Bihar chunav result k Baad bhi tejasvi Ko cm bna diya tha,Yar tumhari sari news fake Hoti h yar . Tumne to Bihar chunav result k Baad bhi tejasvi Ko cm bna diya tha,roman,kept
Or 19 tarik ko koi update nhi aygi or sb bhul jayge ye drama h or kch nhi,Or 19 tarik ko koi update nhi aygi or sb bhul jayge ye drama h or kch nhi,roman,kept
Khuda kare modi pm badal jaye  lekin aisa ho ga nahi   modi pm desh ko jab tak aadani ambani ke hawale na ho jaye,Khuda kare modi pm badal jaye lekin aisa ho ga nahi modi pm desh ko jab tak aadani ambani ke hawale na ho jaye,roman,kept
No one can touch Moti 😅,No one can touch Moti,roman,kept
Bhai yah Priya Mishra ho rahi hai kya bolate Hain Bharat Yadav Khali jhuthi jhuthi baat bolata hai jo bhi bolata hai iska ek Vishwas nahin hota Hai kabhi,Bhai yah Priya Mishra ho rahi hai kya bolate Hain Bharat Yadav Khali jhuthi jhuthi baat bolata hai jo bhi bolata hai iska ek Vishwas nahin hota Hai kabhi,roman,kept
Amit Shah ko ye baat  pata bhi he?????😂,,,dropped:not_valid
Faltu news time kharab,Faltu news time kharab,roman,kept
Aapki news fake lagti hain ab wajah aap bihar rujhan sab news say pichay chala rahay thay isleay,Aapki news fake lagti hain ab wajah aap bihar rujhan sab news say pichay chala rahay thay isleay,roman,kept
ये तारीख को लिखकर रख लो और झूठ जब होगा तो इसकी 😅😅😅जरूर करना चाहिए तुमलोग झूठ बोलकर पब्लिक को व्यू के लिए क्या क्या करोगे ये मीडिया मे हाय लाइट मे आने के लिए बोल रहे हैं,ये तारीख को लिखकर रख लो और झूठ जब होगा तो इसकी जरूर करना चाहिए तुमलोग झूठ बोलकर पब्लिक को व्यू के लिए क्या क्या करोगे ये मीडिया मे हाय लाइट मे आने के लिए बोल रहे हैं,devanagari,kept
Kaha se bakwas news le aate ho,Kaha se bakwas news le aate ho,roman,kept
"Kai bhi chapein , wartha tho karn priya hai. Kano mei misri gholi hai. 11 sal se dhesh ko jakad dhimak ka keeda panouthi se dhesh ko milthi. Aisi khudh khabri pl hoole nahi samaraha hai. 19 tharkh Diwali . Welcome Gadkari ji!","Kai bhi chapein , wartha tho karn priya hai. Kano mei misri gholi hai. 11 sal se dhesh ko jakad dhimak ka keeda panouthi se dhesh ko milthi. Aisi khudh khabri pl hoole nahi samaraha hai. 19 tharkh Diwali . Welcome Gadkari ji!",roman,kept
Kuch bhi,,,dropped:too_short
बीजेपी को हटाओ देश बचाओ,बीजेपी को हटाओ देश बचाओ,devanagari,kept
is liye pm videsh chale Jane vale hey kyu ??,is liye pm videsh chale Jane vale hey kyu ??,roman,kept
Sharad pawar ya Sanjay Raut hoga kya?,Sharad pawar ya Sanjay Raut hoga kya?,roman,kept
Nahi. Gadkari possible,Nahi. Gadkari possible,roman,kept
रहने दो 😆😆😆😆,,,dropped:too_short
Kahi wo weqti gadkari g to nhi.,Kahi wo weqti gadkari g to nhi.,roman,kept
Ghanta Yar kuch nahi hoo ga,Ghanta Yar kuch nahi hoo ga,roman,kept
it is intentionally propoganda,it is intentionally propoganda,roman,kept
Aur pm Nitin gadgari banenge brahmand ka decision hai,Aur pm Nitin gadgari banenge brahmand ka decision hai,roman,kept
Sab bekar bat hei.congres ka Pm jindagi me  nahi ban sakata.,Sab bekar bat hei.congres ka Pm jindagi me nahi ban sakata.,roman,kept
Jaldi BJP k sbhi neta mar jaye hey bholenath pure desh ko khtm kr diya paani air forest desh maoney sbhi kuch khtm kr diya inhone,Jaldi BJP k sbhi neta mar jaye hey bholenath pure desh ko khtm kr diya paani air forest desh maoney sbhi kuch khtm kr diya inhone,roman,kept
Epstein files khul jayegi.,Epstein files khul jayegi.,roman,kept
"Are pandu log kuch aur kaam karo,Faltu ka news dikhte ho","Are pandu log kuch aur kaam karo,Faltu ka news dikhte ho",roman,kept
Kuchh nhi hoga ulta ye mlm ki bik jayega,Kuchh nhi hoga ulta ye mlm ki bik jayega,roman,kept
What fools are we.....he will never leave his chair......which is very important to him....he did all this for the chair....in the current BJP government no responsibility no resignation....only righteous person will resign. ..😊,What fools are we.he will never leave his chair.which is very important to him.he did all this for the chair.in the current BJP government no responsibility no resignation.only righteous person will resign. ..,roman,kept
Kot.force.midiya.bjp.ka.hai.istifa.kaise.dega.ghutha.news.mt.dekhawo,Kot.force.midiya.bjp.ka.hai.istifa.kaise.dega.ghutha.news.mt.dekhawo,roman,kept
Ho gaye sahab nitin gadkari plantpradhan are kuch sach batao feke news hai,Ho gaye sahab nitin gadkari plantpradhan are kuch sach batao feke news hai,roman,kept
Nitin gadakri is new PM of india,Nitin gadakri is new PM of india,roman,kept
Modi ze EVM lete jayega vrna baad mai jailno bail,Modi ze EVM lete jayega vrna baad mai jailno bail,roman,kept
Modi ze Ganesh Kumar kitna Bizzati krwakr bhar nikalega.Tadipar ka kiya hoga.,Modi ze Ganesh Kumar kitna Bizzati krwakr bhar nikalega.Tadipar ka kiya hoga.,roman,kept
2029 me yogi,,,dropped:not_valid
Jab Tak Feku Baba ke pass sarkar banane ke Liye sabse badi Takat Paisa Paisa EVM ED CBI or chunav Aayog ka Pawar he kuchh nahi hone vala kyoki Harne ka koi Daar hi nahi he chahe kitna bhi Virodh karle Janta or Vipax,Jab Tak Feku Baba ke pass sarkar banane ke Liye sabse badi Takat Paisa Paisa EVM ED CBI or chunav Aayog ka Pawar he kuchh nahi hone vala kyoki Harne ka koi Daar hi nahi he chahe kitna bhi Virodh karle Janta or Vipax,roman,kept
😅😅😅😅 सब फेक है,,,dropped:too_short
"Desh mein jitne vote chori huye hai ye to anti national act hai aur Rahul Gandhi ji ke pass sabut hai, sangsad ke time hi PM Modi ji kyu bidesh chale jate hai?","Desh mein jitne vote chori huye hai ye to anti national act hai aur Rahul Gandhi ji ke pass sabut hai, sangsad ke time hi PM Modi ji kyu bidesh chale jate hai?",roman,kept
Aurangajeb ka cover kab khodai hoga????????????????Batao jara,,,dropped:not_valid
साथ हि मुरमु जी भी इसतेफा देंगी और मोदि जी राष्ट्रपति बनेंगे।,साथ हि मुरमु जी भी इसतेफा देंगी और मोदि जी राष्ट्रपति बनेंगे.,devanagari,kept
Kuch ni hoga news channel apni trp k liye news today marodkar pesh karte hai,Kuch ni hoga news channel apni trp k liye news today marodkar pesh karte hai,roman,kept
FALSE NEWS HAI 😂😂😂😂,,,dropped:not_valid
Bakwas,,,dropped:too_short
Kyu fake news failate ho,Kyu fake news failate ho,roman,kept
Bakwas hah only modi😮,Bakwas hah only modi,roman,kept
"भरत का लैपटाप तो हारमोनियम हो गया , बस एक ही सुर बजाते रहो","भरत का लैपटाप तो हारमोनियम हो गया , बस एक ही सुर बजाते रहो",devanagari,kept
पृथ्वीराज चव्हाण को अपणा दिमागी इलाज करने मेंटल हॉस्पिटल जाना होगा.,पृथ्वीराज चव्हाण को अपणा दिमागी इलाज करने मेंटल हॉस्पिटल जाना होगा.,devanagari,kept
गुजरात दंगा मे मोदी का नाम है कही उसी का डर तो नही है ना,गुजरात दंगा मे मोदी का नाम है कही उसी का डर तो नही है ना,devanagari,kept
Fake news.,Fake news.,roman,kept
Jooth modi martadam tak khabhi istifa nahee daagaa,Jooth modi martadam tak khabhi istifa nahee daagaa,roman,kept
Modi ne bahut raj niti kiya sab ghotale baj ko bjp me la kar wasing macinme dal kar safed bana diya  wwwa modi aap ka kya kahena tum jaisa  p.m bharat me aaj tak kohi nahi huwa ????????,Modi ne bahut raj niti kiya sab ghotale baj ko bjp me la kar wasing macinme dal kar safed bana diya wwa modi aap ka kya kahena tum jaisa p.m bharat me aaj tak kohi nahi huwa ?,roman,kept
झूठी  ख़बरें,झूठी ख़बरें,devanagari,kept
Faltu news...kuch nehi hone wala,Faltu news.kuch nehi hone wala,roman,kept
"Fake,bakwas, jhooth, shameful","Fake,bakwas, jhooth, shameful",roman,kept
Sach ho lekin modi Amit Shah maar jayega lekin istifa nhi dega,Sach ho lekin modi Amit Shah maar jayega lekin istifa nhi dega,roman,kept
Modi hai to India hai Modi ki Sunami lahar pure Desh me word me hai Modi Desh ke Vikas ke liye gariboke liye Modi ki jarurat hai Modi bina Bharat nahi chalega Modi Vishv Guru kohinoor Hira Maha Manav Vishv Ratna Bharat Ratan Vikas Purush hai Modi ne Doller Majbut kiya Sona Chief kiya Mahagai jamin par layi Congress me Mahagai Asaman CHHU Rahi thi Petro Disel Chief kiya 5 kg Ration diya shetkari Amadani 5 pat Keli Bharatachar band kela Mahagai khupach kami Keli  Janta Modi bina Jinada nahi rahegi ye Modi ki Guarantee hai Modi 1000 Sal PM Rahe ye jantaki mang hai Jai Shah next PM hoge ye Modi ki Guarantee hai Jumala hai Modi jindabad Amar Rahe kayam Janta ke Dil me Rahe 142 cr janta Modi ko hi Amuly Vote denge ye Modi ki Guarantee hai Modi Vikas purush hai 1000 sal bad Vikas dekho Modi ka,Modi hai to India hai Modi ki Sunami lahar pure Desh me word me hai Modi Desh ke Vikas ke liye gariboke liye Modi ki jarurat hai Modi bina Bharat nahi chalega Modi Vishv Guru kohinoor Hira Maha Manav Vishv Ratna Bharat Ratan Vikas Purush hai Modi ne Doller Majbut kiya Sona Chief kiya Mahagai jamin par layi Congress me Mahagai Asaman CHHU Rahi thi Petro Disel Chief kiya 5 kg Ration diya shetkari Amadani 5 pat Keli Bharatachar band kela Mahagai khupach kami Keli Janta Modi bina Jinada nahi rahegi ye Modi ki Guarantee hai Modi 100 Sal PM Rahe ye jantaki mang hai Jai Shah next PM hoge ye Modi ki Guarantee hai Jumala hai Modi jindabad Amar Rahe kayam Janta ke Dil me Rahe 142 cr janta Modi ko hi Amuly Vote denge ye Modi ki Guarantee hai Modi Vikas purush hai 100 sal bad Vikas dekho Modi ka,roman,kept
आप लोगों की कोई भी न्यूज कभी सही साबित नहीं हुई है😂,आप लोगों की कोई भी न्यूज कभी सही साबित नहीं हुई है,devanagari,kept
इस चैनल का एक भी विश्लेषण सही नहीं होता है 😅😅😅😂😂,,,dropped:not_valid
भरत जी का कोई भी दावा सही नहीं होता है ये 100% सत्य है,,,dropped:not_valid
"Ji haan, teen din baad Modiji change ho jayega.....Modiji teen aur din se budda ho jayega...baat khatam! 🤣🤣🤣🤣","Ji haan, teen din baad Modiji change ho jayega.Modiji teen aur din se budda ho jayega.baat khatam!",roman,kept
Yrr tumhari koi bt smjh me hi aati tum bolne se jyada padke bolte ho jo bilkul smjh me nhi aata,Yrr tumhari koi bt smjh me hi aati tum bolne se jyada padke bolte ho jo bilkul smjh me nhi aata,roman,kept
यहा के सब नेता गुंडा है और पुरे देश  मे एड्स  फैलवा रहा है गाँव गाँव  मे एड्स  फैलवा दिया है,यहा के सब नेता गुंडा है और पुरे देश मे एड्स फैलवा रहा है गाँव गाँव मे एड्स फैलवा दिया है,devanagari,kept
यें खबर अगर सच्चा है या क्या हें 19 तारीख को पता चलेगा । लेकिन खबर आते ही देश में खुशी की लहर चलने लगा। नितिन गदकारी को प्रधान मंत्री कीं रूप में मिलनें से हर वर्ग के लोग खुश होगी ।,यें खबर अगर सच्चा है या क्या हें 19 तारीख को पता चलेगा . लेकिन खबर आते ही देश में खुशी की लहर चलने लगा. नितिन गदकारी को प्रधान मंत्री कीं रूप में मिलनें से हर वर्ग के लोग खुश होगी .,devanagari,kept
भरत चंदकनत भाई मोदी को हटाना सब फालतू बकवास बात है फिर मोदी इज्जत से हटने वाले नहीं ये बेशर्म लोग पूरी दुनया पूरे देश मे इतनी बे इज्जती हो रही अगर थोड़ी शर्म होती तो पहले इस्तीफा दे के कुर्सी छोड़ देते,भरत चंदकनत भाई मोदी को हटाना सब फालतू बकवास बात है फिर मोदी इज्जत से हटने वाले नहीं ये बेशर्म लोग पूरी दुनया पूरे देश मे इतनी बे इज्जती हो रही अगर थोड़ी शर्म होती तो पहले इस्तीफा दे के कुर्सी छोड़ देते,devanagari,kept
कुछ नहीं होगा आप ऐसे ही खुश मत करो आपके फॉलोवर्स को  जब तक evm हैं तब तक यही रहेंगे 100%,कुछ नहीं होगा आप ऐसे ही खुश मत करो आपके फॉलोवर्स को जब तक evm हैं तब तक यही रहेंगे 100%,devanagari,kept
"अब देश की नागपुर राजधानी बनेगी 😂 शायद इसीलिये दिल्ली के प्रदुषन पर बार-बार न्युज आ रही है। छत्रपती के दो वंशज सातारा और कोल्हापुर में गद्दी पर थे,फिर भी पेशवा पुना से कामकाज कर रहे थे।मन मर्जी चलाने 😂","अब देश की नागपुर राजधानी बनेगी शायद इसीलिये दिल्ली के प्रदुषन पर बार-बार न्युज आ रही है. छत्रपती के दो वंशज सातारा और कोल्हापुर में गद्दी पर थे,फिर भी पेशवा पुना से कामकाज कर रहे थे.मन मर्जी चलाने",devanagari,kept
"Phli baat aap logo ki jo dawa h n wo sab fake hi rhta hai,aur agar nhi badla to apna channel band kr dena bhai log.","Phli baat aap logo ki jo dawa h n wo sab fake hi rhta hai,aur agar nhi badla to apna channel band kr dena bhai log.",roman,kept
Jisne garibo ko chus liya sarkari property bech diya  Ek se ek blatkari murdered gunda ko bharti karliya apne team pe  Wo ab power full hai . Nahi hoga kuch Paisa bolta hai ye proof kar diya in logo ne ab kabhi nahi hoga aisa inka jgah lene wala or bhi shaitan list me hai,Jisne garibo ko chus liya sarkari property bech diya Ek se ek blatkari murdered gunda ko bharti karliya apne team pe Wo ab power full hai . Nahi hoga kuch Paisa bolta hai ye proof kar diya in logo ne ab kabhi nahi hoga aisa inka jgah lene wala or bhi shaitan list me hai,roman,kept
Aap logo ka kam fack speech dene ka kam hi,Aap logo ka kam fack speech dene ka kam hi,roman,kept
Din bhar ye bakwas karte rahte ek bhi news inka sahi nhi hota,Din bhar ye bakwas karte rahte ek bhi news inka sahi nhi hota,roman,kept
"अशोक चव्हाण नहीं पृथ्वीराज चव्हाण हैं। अशोक चव्हाण पहले कांग्रेस में थे, अभी बीजेपी में हैं। दोनों ही महाराष्ट्र के मुख्यमंत्री रहे थे।","अशोक चव्हाण नहीं पृथ्वीराज चव्हाण हैं. अशोक चव्हाण पहले कांग्रेस में थे, अभी बीजेपी में हैं. दोनों ही महाराष्ट्र के मुख्यमंत्री रहे थे.",devanagari,kept
आप झूठ बोल रहे हैं,आप झूठ बोल रहे हैं,devanagari,kept
Rahul Gandhi jindabad next pm of india honest leader in india,Rahul Gandhi jindabad next pm of india honest leader in india,roman,kept
Aap log bakar ho jhuthi khabar failate Ho makkari karte ho,Aap log bakar ho jhuthi khabar failate Ho makkari karte ho,roman,kept
"*कभी बौद्ध मठ में मन्दिर, मुस्लिम काल में मन्दिर को मस्जिद बनाये तथा आजादी के बाद उसी मस्जिद में मन्दिर का विवाद लाकर राजनीति की खेती करने वाले यूरेशियन राजपूत ब्राह्मण ‌की साज़िश को समझने के बाद ही न्याय व सत्य का नियम भारत में आ सकेगा*         आर एस एस भाजपा विदेशी मूल के लोग हैं जो भारत के प्रचलित धर्म जैन बौद्ध के काट में हिन्दू लाये और उसमें राजपूत ब्राह्मण भूमिहार ब्राह्मण आदि बन गये। देवी देवता गंगा नदी ईश्वर यूरेशियन शंकराचार्य के महत्व व धन्धा के लिये चार धाम यात्रा को पाप काटने का माध्यम बता कर गोरख धन्धा की व्यवस्था किये। विदेशी यूरेशियन हिन्दू मुस्लिम के सगे भाई है जो अरब तुगलक मंगोल के मुस्लिम आक्रमणकारी से आक्रमण करायें और भितरघात से भारत रक्षक नेक मूल निवासी क्षत्रिय को लुटकर संपत्ति पर काबिज हो गये तथा नष्ट समाज का शोषण मनु स्मृति जैसा ग्रन्थ लाकर किये। अंग्रेज के समय में ब्राह्मण नीति बंद होता देख तिवारी पांडेय आदि यूरेशियन ब्राह्मण व राजपूत अंग्रेज के खिलाफ विदेशी का मुद्दा लाकर नाटकीय ढंग से अंग्रेज को वापस जाने के लिये मजबूर किये। अंग्रेज के जाने के बाद सवर्ण खासकर यूरेशियन राजपूत ब्राह्मण भूमिहार ब्राह्मण सक्सेना लाला मध्येशिया बनिया आजादी के समय से लेकर 60-70 के दशक में चुप रहे, लेकिन 80-90 के दशक में जब दलित पिछड़े अपने हक के लिये संघर्ष किये तो फूट डालने संस्थान बेचने आरक्षण पर रोक करने का काम चालू कर दिये हैं। दलित पिछड़ों को सिद्धांत पर आना चाहिए और अपनी सत्ता के लिये अभियान चलाना चाहिए। सत्ता मिलने पर जिसकी जितनी आबादी उतनी भागीदारी तथा न्याय व सत्य के नियम पर शासन करना चाहिए। एक प्रश्न पूछता हूं कि अंग्रेज विदेशी थे तो यूरेशियन राजपूत ब्राह्मण भूमिहार ब्राह्मण आदि तथा शेख पठान सैय्यद विदेशी नहीं है। 1206 से 1857 तक मुस्लिम शासन क्या यूरेशियन सवर्ण के रिश्तेदार का था। यूरेशियन जब हिन्दू का पाखंड लाये तो पहले बौद्ध मठ को मन्दिर बना रहे थे। मुस्लिम के समय मन्दिर में मस्जिद बनाया जा रहा था। इस समय उसी मस्जिद में मन्दिर बनाया जा रहा है। सबसे बड़े समाज व भारत  विरोधी यूरेशियन अग्निकुंड ऋषिकुल के राजपूत सरजूपारी ब्राह्मण भूमिहार ब्राह्मण, सक्सेना लाला मध्येशिया बनिया हैं। इनके भ्रम में जो देशी रोटी बेटी का रिश्ता करके इनकी बात में हां में हां कर रहे हैं, उन्हें देश विरोधी ताकत को समझना चाहिए।","*कभी बौद्ध मठ में मन्दिर, मुस्लिम काल में मन्दिर को मस्जिद बनाये तथा आजादी के बाद उसी मस्जिद में मन्दिर का विवाद लाकर राजनीति की खेती करने वाले यूरेशियन राजपूत ब्राह्मण ‌की साज़िश को समझने के बाद ही न्याय व सत्य का नियम भारत में आ सकेगा* आर एस एस भाजपा विदेशी मूल के लोग हैं जो भारत के प्रचलित धर्म जैन बौद्ध के काट में हिन्दू लाये और उसमें राजपूत ब्राह्मण भूमिहार ब्राह्मण आदि बन गये. देवी देवता गंगा नदी ईश्वर यूरेशियन शंकराचार्य के महत्व व धन्धा के लिये चार धाम यात्रा को पाप काटने का माध्यम बता कर गोरख धन्धा की व्यवस्था किये. विदेशी यूरेशियन हिन्दू मुस्लिम के सगे भाई है जो अरब तुगलक मंगोल के मुस्लिम आक्रमणकारी से आक्रमण करायें और भितरघात से भारत रक्षक नेक मूल निवासी क्षत्रिय को लुटकर संपत्ति पर काबिज हो गये तथा नष्ट समाज का शोषण मनु स्मृति जैसा ग्रन्थ लाकर किये. अंग्रेज के समय में ब्राह्मण नीति बंद होता देख तिवारी पांडेय आदि यूरेशियन ब्राह्मण व राजपूत अंग्रेज के खिलाफ विदेशी का मुद्दा लाकर नाटकीय ढंग से अंग्रेज को वापस जाने के लिये मजबूर किये. अंग्रेज के जाने के बाद सवर्ण खासकर यूरेशियन राजपूत ब्राह्मण भूमिहार ब्राह्मण सक्सेना लाला मध्येशिया बनिया आजादी के समय से लेकर 60-70 के दशक में चुप रहे, लेकिन 80-90 के दशक में जब दलित पिछड़े अपने हक के लिये संघर्ष किये तो फूट डालने संस्थान बेचने आरक्षण पर रोक करने का काम चालू कर दिये हैं. दलित पिछड़ों को सिद्धांत पर आना चाहिए और अपनी सत्ता के लिये अभियान चलाना चाहिए. सत्ता मिलने पर जिसकी जितनी आबादी उतनी भागीदारी तथा न्याय व सत्य के नियम पर शासन करना चाहिए. एक प्रश्न पूछता हूं कि अंग्रेज विदेशी थे तो यूरेशियन राजपूत ब्राह्मण भूमिहार ब्राह्मण आदि तथा शेख पठान सैय्यद विदेशी नहीं है. 1206 से 1857 तक मुस्लिम शासन क्या यूरेशियन सवर्ण के रिश्तेदार का था. यूरेशियन जब हिन्दू का पाखंड लाये तो पहले बौद्ध मठ को मन्दिर बना रहे थे. मुस्लिम के समय मन्दिर में मस्जिद बनाया जा रहा था. इस समय उसी मस्जिद में मन्दिर बनाया जा रहा है. सबसे बड़े समाज व भारत विरोधी यूरेशियन अग्निकुंड ऋषिकुल के राजपूत सरजूपारी ब्राह्मण भूमिहार ब्राह्मण, सक्सेना लाला मध्येशिया बनिया हैं. इनके भ्रम में जो देशी रोटी बेटी का रिश्ता करके इनकी बात में हां में हां कर रहे हैं, उन्हें देश विरोधी ताकत को समझना चाहिए.",devanagari,kept
It's waste of bloody time showing and playing clips on lap top. Irritating and extremely annoying.  Please doing that otherwise you are going to lose your viewers and subscribers.  These two presenters are idiots.,It's waste of bloody time showing and playing clips on lap top. Irritating and extremely annoying. Please doing that otherwise you are going to lose your viewers and subscribers. These two presenters are idiots.,roman,kept
बकवास न्यूज,बकवास न्यूज,devanagari,kept
😂😂fake news,,,dropped:too_short
Modi hatavo desh bachavo,Modi hatavo desh bachavo,roman,kept
झूठ महाझूठ,झूठ महाझूठ,devanagari,kept
फैंस न्यूज,फैंस न्यूज,devanagari,kept
"Tumhi ko pm banane ja rahe hain chota,kahika kabhi persisent banata hai kabhi cm kabhi pm","Tumhi ko pm banane ja rahe hain chota,kahika kabhi persisent banata hai kabhi cm kabhi pm",roman,kept
Apka news pura faltu ha,Apka news pura faltu ha,roman,kept
Yeh galat Khabar hai 19 Dec nahi 23 Feb 2026 brahmand faisla le chuki hai,,,dropped:not_valid
How  and why   23 feb 2026     please where u heard this,,,dropped:not_valid
पुरानी बात,पुरानी बात,devanagari,kept
असंभव,,,dropped:too_short
Aapka yah karykram bahut flop hota hai aap Hamesha yah bhadkao fek news chalate Hain,Aapka yah karykram bahut flop hota hai aap Hamesha yah bhadkao fek news chalate Hain,roman,kept
"Modi,Fraud,Hatao,Desh,Bachao","Modi,Fraud,Hatao,Desh,Bachao",roman,kept
फेक न्युज है,फेक न्युज है,devanagari,kept
Fek news. Modi se hi Bjp hai verna Bjp kuch nahi. Gadkari maharashtra se hai aur pandit bhi hai vo ho saktey hai.,Fek news. Modi se hi Bjp hai verna Bjp kuch nahi. Gadkari maharashtra se hai aur pandit bhi hai vo ho saktey hai.,roman,kept
Desh me pagalo ki kabhi kami nahi hogi....bina sir pair 😂😂😂,Desh me pagalo ki kabhi kami nahi hogi.bina sir pair,roman,kept
"एक टाइम था जब में इस चैनल पर बहुत ज्यादा विश्वास करता था,पर अब इस चैनल ने अपना विश्वास खो दिया है।बहुत गलत न्यूज दिखाई जा रही है।","एक टाइम था जब में इस चैनल पर बहुत ज्यादा विश्वास करता था,पर अब इस चैनल ने अपना विश्वास खो दिया है.बहुत गलत न्यूज दिखाई जा रही है.",devanagari,kept
Sab nautanki chalu hai...,Sab nautanki chalu hai.,roman,kept
Next PM rhul Gandhi g honge aur abhi honge,Next PM rhul Gandhi g honge aur abhi honge,roman,kept
Yah sab bakwas hai,Yah sab bakwas hai,roman,kept
Ulta chashma UC aap ka ye segment bilkul flop h... Bharat ji laptop le kr aate h aur dusron ki banaayi khabar padh kr sunaate h... Aur aap uska video bana kr apne channel pr chala dete h... Aur view k paise kamate h... Bharatji ki saari video Aap log khud ek baar viewer ban kr dekhiye k voh kitne haklaate h aur ek hi line tod marod k repeat kr k video lamba krte h... Aap logon ko visleshan hi Krna h to girijesh vashisht ko dekhiye khabron ka kitna a66a visleshan krte h... Jab se bharatji ka ye segment sharu huva h Maine UC dekhna 6od diya h... B'coz voh bahut pakaate h yaar... Sorry bharatji,Ulta chashma UC aap ka ye segment bilkul flop h. Bharat ji laptop le kr aate h aur dusron ki banaayi khabar padh kr sunaate h. Aur aap uska video bana kr apne channel pr chala dete h. Aur view k paise kamate h. Bharatji ki saari video Aap log khud ek baar viewer ban kr dekhiye k voh kitne haklaate h aur ek hi line tod marod k repeat kr k video lamba krte h. Aap logon ko visleshan hi Krna h to girijesh vashisht ko dekhiye khabron ka kitna a66a visleshan krte h. Jab se bharatji ka ye segment sharu huva h Maine UC dekhna 6od diya h. B'coz voh bahut pakaate h yaar. Sorry bharatji,roman,kept
"NDA ka bihar me atyachar chupane k liye aur desh k kai Asli muddon ko chupane k liye rss aise channel ko fund deti hai , jisse ye logon ka mind divert karte hain","NDA ka bihar me atyachar chupane k liye aur desh k kai Asli muddon ko chupane k liye rss aise channel ko fund deti hai , jisse ye logon ka mind divert karte hain",roman,kept
इतना आसान नहीं है,इतना आसान नहीं है,devanagari,kept
"Modi ,s last in abroad ,when Modi will come from abroad his ministry will be finish this is the right way.","Modi ,s last in abroad ,when Modi will come from abroad his ministry will be finish this is the right way.",roman,kept
No one can touch Moti becoz he's non biological 😅,No one can touch Moti becoz he's non biological,roman,kept
Bhai AAP Jayda DM nhi lgao AAP ka Gaar ft jayega,Bhai AAP Jayda DM nhi lgao AAP ka Gaar ft jayega,roman,kept
नरेंद्र मोदी जिंदाबाद 👍 चाहीए या नही वोट करो  नरेंद मोदी ❌ नरेद मोदी ✅,नरेंद्र मोदी जिंदाबाद चाहीए या नही वोट करो नरेंद मोदी नरेद मोदी,devanagari,kept
"मोदी हटेंगे या नहीं? यह तो बाद में पता चलेगा । लेकिन इससे एक बात पता चली है कि श्री पृथ्वीराज चवन ज़िंदा हैं , सकुशल हैं और अभी तक कांग्रेस पार्टी में ही हैं।","मोदी हटेंगे या नहीं? यह तो बाद में पता चलेगा . लेकिन इससे एक बात पता चली है कि श्री पृथ्वीराज चवन ज़िंदा हैं , सकुशल हैं और अभी तक कांग्रेस पार्टी में ही हैं.",devanagari,kept
Tum log jhuthe patrakaar Ho,Tum log jhuthe patrakaar Ho,roman,kept
"भाई बस करो, तुम्हारा चैनल 2024 से ही सरकार और प्रधानमंत्री बदल रहे है, बकवास न्यूज चैनल 😂😂😂😂","भाई बस करो, तुम्हारा चैनल 2024 से ही सरकार और प्रधानमंत्री बदल रहे है, बकवास न्यूज चैनल",devanagari,kept
Tum log rooj akar bekar ki batein hai ...,Tum log rooj akar bekar ki batein hai .,roman,kept
Modi  hatao kejriwal ko lao,Modi hatao kejriwal ko lao,roman,kept
Tum log jail mein jaaoge fek news faila rahe ho salon,Tum log jail mein jaaoge fek news faila rahe ho salon,roman,kept
Mungeri lal ke haseen sapne,Mungeri lal ke haseen sapne,roman,kept
😂😂😂 comedy mat kar kuch nahi hone wala hai,comedy mat kar kuch nahi hone wala hai,roman,kept
सच्ची बताओ ना तुम लोग से ज्यादा कोई झूठा होता ही नहीं पूरी भारत में पैसे कमाने के चक्कर में इतना भी झूठ मत बोलो,सच्ची बताओ ना तुम लोग से ज्यादा कोई झूठा होता ही नहीं पूरी भारत में पैसे कमाने के चक्कर में इतना भी झूठ मत बोलो,devanagari,kept
😡 Mei bahut believe karta tha ye news channel ko. Ab tow ye godi media se bhi niche chale gaye. Unsubscribe kar raha hu ab. Hum kisika andhbhakt nahi hai Kisi ka. Tumlog bhi views k chakkar mei unique banne ki kosis kar Rahe ho but wrong news😡,Mei bahut believe karta tha ye news channel ko. Ab tow ye godi media se bhi niche chale gaye. Unsubscribe kar raha hu ab. Hum kisika andhbhakt nahi hai Kisi ka. Tumlog bhi views k chakkar mei unique banne ki kosis kar Rahe ho but wrong news,roman,kept
Isko kon puchhta h,Isko kon puchhta h,roman,kept
Fake News hy😊,Fake News hy,roman,kept
Fek vido,,,dropped:too_short
"वो अशोक चव्हाण नहीं है, पृथ्वीराज चौहान है.","वो अशोक चव्हाण नहीं है, पृथ्वीराज चौहान है.",devanagari,kept
दिनांक 19.12.25 को महाराष्ट्र से पी.एम. होगा और वो भी बीजेपी से. अब वे क्या नितीन गड़करीजी होंगे?,दिनांक 19.12.25 को महाराष्ट्र से पी.एम. होगा और वो भी बीजेपी से. अब वे क्या नितीन गड़करीजी होंगे?,devanagari,kept
कुछ नहीं सब फेक न्यूज़ है यार,कुछ नहीं सब फेक न्यूज़ है यार,devanagari,kept
न्यूज में कुछ भी चल रहा है ऐसा कुछ नहीं होने वाला मोदी है और रहेंगे। मैं मोदी का सपोर्टर नहीं हु लेकिन फालतू न्यूज से मूड खराब होता है ulta chasma uc से निवेदन करता हु ऐसे न्यूज अपने चैनल पर न दिखाएं...,न्यूज में कुछ भी चल रहा है ऐसा कुछ नहीं होने वाला मोदी है और रहेंगे. मैं मोदी का सपोर्टर नहीं हु लेकिन फालतू न्यूज से मूड खराब होता है ulta chasma uc से निवेदन करता हु ऐसे न्यूज अपने चैनल पर न दिखाएं.,devanagari,kept
Faltu news,Faltu news,roman,kept
ओए झूठे पर्प कंडे मत फैलो,ओए झूठे पर्प कंडे मत फैलो,devanagari,kept
मेरे समझ में नहीं आता तुम लोग कितना झूठ बोलकर मिलता क्या है बे,मेरे समझ में नहीं आता तुम लोग कितना झूठ बोलकर मिलता क्या है बे,devanagari,kept
तुम लोग को सपोर्ट करते करते हैं भरोसा ही उड़ गया कि तुम लोगों को मैं सपोर्ट कर रहा हूं तुम् इतना झूठ बोलते हो,तुम लोग को सपोर्ट करते करते हैं भरोसा ही उड़ गया कि तुम लोगों को मैं सपोर्ट कर रहा हूं तुम् इतना झूठ बोलते हो,devanagari,kept
