video_id,video_title,comment_id,author,text,likes,timestamp,is_reply
MPALBVeaiho,Big Claims Go Viral: Modi Resignation Rumors & Epstein Files Explained | Fact Check & Analysis,Ugwy1UTXUKQJhnj4I1Z4AaABAg,@meetokaur6000,Very nice news very good jidabad ਕਾਂਗਰਸ uk 🌹🙏,0,1767484800,False
MPALBVeaiho,Big Claims Go Viral: Modi Resignation Rumors & Epstein Files Explained | Fact Check & Analysis,UgyAdllYBEA-m9FqJER4AaABAg,@DeepaRautela-ks7ls,Good,0,1767484800,False
MPALBVeaiho,Big Claims Go Viral: Modi Resignation Rumors & Epstein Files Explained | Fact Check & Analysis,UgytI6fkuE9OTYwrmox4AaABAg,@bccb_2264,Khuda pahad nikla chuha ! 🤣🤣🤣🤣🤣,0,1767484800,False
MPALBVeaiho,Big Claims Go Viral: Modi Resignation Rumors & Epstein Files Explained | Fact Check & Analysis,UgyNZrfXw8kd_fYyofh4AaABAg,@03615165,Librands ko temporary sukun milta hai ye sab kar ke aur Modi ko aur jyada desh ka support milta hai.....,2,1767484800,False
MPALBVeaiho,Big Claims Go Viral: Modi Resignation Rumors & Epstein Files Explained | Fact Check & Analysis,Ugx5f9Exh-siAjF5hHF4AaABAg,@SantoshTiwari-ec6bn,टूल kitiya गैंग सक्रिय कही भी कुछ नहीं।,0,1767484800,False
MPALBVeaiho,Big Claims Go Viral: Modi Resignation Rumors & Epstein Files Explained | Fact Check & Analysis,UgzoeKg4legHPB6RQP14AaABAg,@vijaipratap7920,"●कुछ लोगों को 11वर्ष पहले जीर्ण कृच्छ साध्य- विवन्ध (कब्ज , Cons tipation) हूआ था। एक नाडी-कुशल वैद्य ने निदान कर उन्हें औषधि बतायी। ""हर 48 घंटे पर ""मोदी इस्तीफा देने जा रहे "" या *गुजराती लाबी जेल जाने की तैयारी में"" थम्बनेल वाले पॉडकास्ट जारी करते रहो । खुलकर शौच हो जायेगा। 
 
 ¶तबसे वे यह दवा नियमित ले रहे हैं।कदाचित् भूल जायें तो दशा शोचनीय (=हालत ख़राब) हो जाती है। सभी राष्ट्रभक्तो से निवेदन है कि उनकी व्याधि को समझें और मरीज़ के प्रति सहा नुभूति प्रदर्शित करें।",0,1767484800,False
MPALBVeaiho,Big Claims Go Viral: Modi Resignation Rumors & Epstein Files Explained | Fact Check & Analysis,Ugx-FqutH8NE2TmnEU94AaABAg,@ManjuMalik-k1r,Thanks 👍👍✌️ america 😊,0,1767484800,False
MPALBVeaiho,Big Claims Go Viral: Modi Resignation Rumors & Epstein Files Explained | Fact Check & Analysis,Ugy37Air0oZCQEOSqIx4AaABAg,@ShankerSingh-zw6jk,Why Narendra Modi should resign . The electors of India shall decide who has to resign.The media person won't decide.,0,1767484800,False
MPALBVeaiho,Big Claims Go Viral: Modi Resignation Rumors & Epstein Files Explained | Fact Check & Analysis,UgwIUI6Kmwud-c_6NQ54AaABAg,@mustafa-t5l3f,Modi bhgayo Desh bchayo,0,1767484800,False
MPALBVeaiho,Big Claims Go Viral: Modi Resignation Rumors & Epstein Files Explained | Fact Check & Analysis,UgzAezuORskkA4PqRCN4AaABAg,@DaulalKanwar-f4i,Rahul Gandhi jannayak congress party jinadabad jinadabad,1,1767484800,False
MPALBVeaiho,Big Claims Go Viral: Modi Resignation Rumors & Epstein Files Explained | Fact Check & Analysis,UgzAezuORskkA4PqRCN4AaABAg.AQxCa67DmWdAQy82INI5mI,@artijha4610,🎉🎉,0,1767484800,True
MPALBVeaiho,Big Claims Go Viral: Modi Resignation Rumors & Epstein Files Explained | Fact Check & Analysis,UgwYFwwduEt61ASoDEZ4AaABAg,@devidas4006,"A NEW METHOD, WITH MORPHED PHOTOS. BHAGAVAN MURUGAN  KNOWS WHAT ISTO BE DONE.",0,1767484800,False
MPALBVeaiho,Big Claims Go Viral: Modi Resignation Rumors & Epstein Files Explained | Fact Check & Analysis,UgzS_8jG1PtUioxg1Sx4AaABAg,@MdAkramul-o9d,सच्चाई छुप नहीं सकती कभी बनावट के उसूलों से खुशबू आ नहीं सकती कभी कागज के फूलों से,0,1767484800,False
MPALBVeaiho,Big Claims Go Viral: Modi Resignation Rumors & Epstein Files Explained | Fact Check & Analysis,Ugzk2_M41RaIntDtB3x4AaABAg,@bharatshinde7772,jindabad. jindabad. congress. party next. pm rahul. gainde. jindabad. ❤❤❤🎉🎉🎉,1,1767484800,False
MPALBVeaiho,Big Claims Go Viral: Modi Resignation Rumors & Epstein Files Explained | Fact Check & Analysis,Ugzk2_M41RaIntDtB3x4AaABAg.AQxiTciNaxQAQy80f1QFWz,@artijha4610,🎉🎉,1,1767484800,True
xhGwYrE0ezc,PM Modi Resignation: PM Modi ने दिया इस्तीफा | Lok Sabha Election Result 2024 | Oath Ceremony,UgwynT1mQ6AW4RBh3B54AaABAg,@sharveshdeviyadav,यह तो बहुत खुशी की बात है धन्यवाद शुक्रिया प्रभु सद्बुद्धि आएगी प्रधानमंत्री निष्ठा का दे दिया बहुत खुशी की बात है राधे राधे,14,1762214400,False
xhGwYrE0ezc,PM Modi Resignation: PM Modi ने दिया इस्तीफा | Lok Sabha Election Result 2024 | Oath Ceremony,UgwTh3RlYZOfSbsJozl4AaABAg,@shantkolhapure5677,इसतिफा दिया तो अच्छे दिन जरूर आयेंगे,167,1746316800,False
xhGwYrE0ezc,PM Modi Resignation: PM Modi ने दिया इस्तीफा | Lok Sabha Election Result 2024 | Oath Ceremony,UgwTh3RlYZOfSbsJozl4AaABAg.A9SpmVD5DtgAO2_NcNmX0b,@vinodgupta4715,😂,5,1762214400,True
xhGwYrE0ezc,PM Modi Resignation: PM Modi ने दिया इस्तीफा | Lok Sabha Election Result 2024 | Oath Ceremony,UgzgrdQ6L4ZSrxDL8th4AaABAg,@surendrateshwar5429,"आज कौन सी तारीख है,ये समाचार कब का है शर्म करो कौन सा महीना चल रहा है",15,1762214400,False
xhGwYrE0ezc,PM Modi Resignation: PM Modi ने दिया इस्तीफा | Lok Sabha Election Result 2024 | Oath Ceremony,UgzYL4XuObXs-3f9m4B4AaABAg,@rajindersinghsingh6725,Bhut khusi ki bat hai ab des aur ਸਵਿਧਾਨ ਦੋਨੋਂ bach jaenge,15,1754265600,False
xhGwYrE0ezc,PM Modi Resignation: PM Modi ने दिया इस्तीफा | Lok Sabha Election Result 2024 | Oath Ceremony,UgzYL4XuObXs-3f9m4B4AaABAg.AKTuTHukVLuAU_wYTam1pY,@DevaRamnagvancegavandarajrlace,D r c सिरोही जिला राजस्थान से यह सब कुछ सस है तो देश बस गया,0,1775260800,True
xhGwYrE0ezc,PM Modi Resignation: PM Modi ने दिया इस्तीफा | Lok Sabha Election Result 2024 | Oath Ceremony,UgxdKRUlvXZuoizf4Md4AaABAg,@anshumanbiswal2095,17th loksabha resign karega tabhi new lok sabha banega,202,1746316800,False
xhGwYrE0ezc,PM Modi Resignation: PM Modi ने दिया इस्तीफा | Lok Sabha Election Result 2024 | Oath Ceremony,UgxAQz1pjPdzK8iMbdV4AaABAg,@pappusahu-ut6wh,अभी 1 साल पुराना बात है,4,1762214400,False
xhGwYrE0ezc,PM Modi Resignation: PM Modi ने दिया इस्तीफा | Lok Sabha Election Result 2024 | Oath Ceremony,Ugznw9E_mK2KlT8GlTR4AaABAg,@virendramishra9575,बिलकुल ताज़ा खबर के लिएबधाई,0,1776902400,False
xhGwYrE0ezc,PM Modi Resignation: PM Modi ने दिया इस्तीफा | Lok Sabha Election Result 2024 | Oath Ceremony,UgxXFcpCB5zEBDZKdVZ4AaABAg,@HarpalSingh-eq6ep,"Very good, 👍👍👍👍👍👍👍👍👍👍💯💯",2,1759536000,False
xhGwYrE0ezc,PM Modi Resignation: PM Modi ने दिया इस्तीफा | Lok Sabha Election Result 2024 | Oath Ceremony,Ugx-GoRkgA3YMKDLaKB4AaABAg,@chest7575,DHRUB RAHTEE IMPACT PLAYER OF INDIA 2024 ELECTION 🥲🥲,261,1746316800,False
xhGwYrE0ezc,PM Modi Resignation: PM Modi ने दिया इस्तीफा | Lok Sabha Election Result 2024 | Oath Ceremony,Ugx-GoRkgA3YMKDLaKB4AaABAg.A4IcVI5lvvkA4IqAE2cUO8,@DHANANJAYSINGH-dc6ez,Deemak ko kamjor nhi samjhhna chahiye ek deemak gussa andur to pura khokhla bana sakta h desh ko,1,1746316800,True
xhGwYrE0ezc,PM Modi Resignation: PM Modi ने दिया इस्तीफा | Lok Sabha Election Result 2024 | Oath Ceremony,Ugx-GoRkgA3YMKDLaKB4AaABAg.A4IcVI5lvvkA4Iy73zIJ-P,@Rocky-tv9op,Hmm uska baap keju  jail chala gya delhi me sopda saaf ho gya Aur congress 99 seat😂 kya impact hai,1,1746316800,True
xhGwYrE0ezc,PM Modi Resignation: PM Modi ने दिया इस्तीफा | Lok Sabha Election Result 2024 | Oath Ceremony,Ugx-GoRkgA3YMKDLaKB4AaABAg.A4IcVI5lvvkA4Lr1uAUD7t,@faiz7680,Dhruve rathee ne 30 seat kaat di b jp ki 😂,0,1746316800,True
xhGwYrE0ezc,PM Modi Resignation: PM Modi ने दिया इस्तीफा | Lok Sabha Election Result 2024 | Oath Ceremony,Ugx-GoRkgA3YMKDLaKB4AaABAg.A4IcVI5lvvkA4xQOuh7N2L,@lakhihore-vo3db,German shepherd 😂😂😂,0,1746316800,True
xhGwYrE0ezc,PM Modi Resignation: PM Modi ने दिया इस्तीफा | Lok Sabha Election Result 2024 | Oath Ceremony,Ugx-GoRkgA3YMKDLaKB4AaABAg.A4IcVI5lvvkA4Ii9yI0xvW,@Diya-c9h5t,😂😂 ipact player 2024 indian Congress team 200 poin dream 11 (C) winner 🏆,7,1746316800,True
xhGwYrE0ezc,PM Modi Resignation: PM Modi ने दिया इस्तीफा | Lok Sabha Election Result 2024 | Oath Ceremony,Ugx-GoRkgA3YMKDLaKB4AaABAg.A4IcVI5lvvkA4InhAU4ReW,@abhishekyadav65655,​ @Diya-c9h5t with 99 seat😅😅😅😅😅,9,1746316800,True
xhGwYrE0ezc,PM Modi Resignation: PM Modi ने दिया इस्तीफा | Lok Sabha Election Result 2024 | Oath Ceremony,Ugx-GoRkgA3YMKDLaKB4AaABAg.A4IcVI5lvvkA4Ij6tZiQx2,@shomendutta1680,😂 ​ @Diya-c9h5t  😂,2,1746316800,True
xhGwYrE0ezc,PM Modi Resignation: PM Modi ने दिया इस्तीफा | Lok Sabha Election Result 2024 | Oath Ceremony,UgyXRXzEib6aLAfwIyx4AaABAg,@susovanchatterjee2754,Sapath le ne ke pahale istifa dena parta hai.,187,1746316800,False
xhGwYrE0ezc,PM Modi Resignation: PM Modi ने दिया इस्तीफा | Lok Sabha Election Result 2024 | Oath Ceremony,UgyXRXzEib6aLAfwIyx4AaABAg.A4I_dwkeMRNA4IkK_gBmP9,@Suyash.0777,Dena nahi Lena padta hai President se,1,1746316800,True
xhGwYrE0ezc,PM Modi Resignation: PM Modi ने दिया इस्तीफा | Lok Sabha Election Result 2024 | Oath Ceremony,UgyXRXzEib6aLAfwIyx4AaABAg.A4I_dwkeMRNA4J2JOjLfiV,@AshokYadav-oi8ut,ये किसने कह दिया कि फिर शपथ लेंगे?,0,1746316800,True
xhGwYrE0ezc,PM Modi Resignation: PM Modi ने दिया इस्तीफा | Lok Sabha Election Result 2024 | Oath Ceremony,UgyXRXzEib6aLAfwIyx4AaABAg.A4I_dwkeMRNA4NB0jiIlud,@renukamaamsstudyzone3850,Toh phr ye news Wale aise ku dikha re h,0,1746316800,True
xhGwYrE0ezc,PM Modi Resignation: PM Modi ने दिया इस्तीफा | Lok Sabha Election Result 2024 | Oath Ceremony,UgyXRXzEib6aLAfwIyx4AaABAg.A4I_dwkeMRNA4anUXLnFLi,@anshgaming8975,2019 mein estifa nahi diya tha,0,1746316800,True
xhGwYrE0ezc,PM Modi Resignation: PM Modi ने दिया इस्तीफा | Lok Sabha Election Result 2024 | Oath Ceremony,UgyXRXzEib6aLAfwIyx4AaABAg.A4I_dwkeMRNA4IblyVTIGn,@CHRISdiary77264,Ji ji Bhai Pehle BJP ka PRIME MINISTER hai na abhi NDA sab alliance party milke jeeta Yaha iska PRIME MINISTER...new ly hoga isiliye bro 😅😅😊😊,8,1746316800,True
xhGwYrE0ezc,PM Modi Resignation: PM Modi ने दिया इस्तीफा | Lok Sabha Election Result 2024 | Oath Ceremony,UgyXRXzEib6aLAfwIyx4AaABAg.A4I_dwkeMRNA4IhPsd3mhN,@gamechanger8473,"​ @CHRISdiary77264 jab kuch pta nhi to kyu gyan baat rahe ho PM BJP ya kisi bhi party ka nhi hota PM sirf desh ka hota hai agr aisa hota to rahul gandhi congress party ka PM ban jata.
17th loksabha ko bhang krke 18 loksabha ka karyakal suru krna hai isliye PM ne resign kiya hai.
Party ya allaince ke MP apna leader chunenge jaise NDA sarvsammati se apna leader Modi ji ko chunenge wahi parliamentary leader PM ki sapath lega.",13,1746316800,True
xhGwYrE0ezc,PM Modi Resignation: PM Modi ने दिया इस्तीफा | Lok Sabha Election Result 2024 | Oath Ceremony,UgyXRXzEib6aLAfwIyx4AaABAg.A4I_dwkeMRNA4IqLWmHZvA,@gamechanger8473,swatiyoutubelife_  kaun PM ban sakte hai Modi ji ya Rahul Gandhi??,1,1746316800,True
xhGwYrE0ezc,PM Modi Resignation: PM Modi ने दिया इस्तीफा | Lok Sabha Election Result 2024 | Oath Ceremony,UgyXRXzEib6aLAfwIyx4AaABAg.A4I_dwkeMRNA4Is0n1IVHf,@gamechanger8473,"swatiyoutubelife_  Isme bura manne wali kya baat hai desh ki janta hai woh kabhi khulkar pyar deti bhi to kabhi gussa bhi hoti hai ,politics me utar chadhav hota rahta hai.
Bharat ek democratic country hai isliye sabke vichar bhi alag alag hai isliye Modi ji ko iss baar kam seat mili hai Jaise aapke ghar me jab aap kuch achha kaam krti hai to mummy papa zyda khus hote hai thik waise hi desh bhi chalta hai but don't worry Modi ji 3rd time PM bnne jaa rahe hai so be happy and cheer our PM for 3rd tenure.",2,1746316800,True
xhGwYrE0ezc,PM Modi Resignation: PM Modi ने दिया इस्तीफा | Lok Sabha Election Result 2024 | Oath Ceremony,UgyXRXzEib6aLAfwIyx4AaABAg.A4I_dwkeMRNA4ItKStCB6j,@gamechanger8473,swatiyoutubelife_  8 June ko sapath grahan samaroh hoga aur PM Modi sapath lenge.,0,1746316800,True
xhGwYrE0ezc,PM Modi Resignation: PM Modi ने दिया इस्तीफा | Lok Sabha Election Result 2024 | Oath Ceremony,UgyXRXzEib6aLAfwIyx4AaABAg.A4I_dwkeMRNA4It_OXQBkx,@Horrifyingspace,"​ @gamechanger8473 
Shayad Pm to modi hi banege par pehle jitni power nhi hogi unke pas",1,1746316800,True
xhGwYrE0ezc,PM Modi Resignation: PM Modi ने दिया इस्तीफा | Lok Sabha Election Result 2024 | Oath Ceremony,UgyXRXzEib6aLAfwIyx4AaABAg.A4I_dwkeMRNA4Iv_mU5D0l,@Nasir_hussain_khan,​ @gamechanger8473 koi baat nahin bro abhi INDIA democratic country hai aap aane do BJP ki sarkar bohat jaldi dictatorship,0,1746316800,True
xhGwYrE0ezc,PM Modi Resignation: PM Modi ने दिया इस्तीफा | Lok Sabha Election Result 2024 | Oath Ceremony,UgyXRXzEib6aLAfwIyx4AaABAg.A4I_dwkeMRNA4Izb4gUEdZ,@gamechanger8473,"@Nasir_hussain_khan  mere bhai sabse pahle aap khud tay kar lo ki desh democratic hai ya dictatorship hai sabse pahle to aap khud confuse ho.
Dusri baat agr yeh desh dictatorship hota to India allaince 232 seat kaise jeet jati ?
Kya jo dictator 240 seat jeet sakta hai woh 32 seat nhi jeet sakta BJP kyo full majority se chook gyi kuch to socho janadesh ka samman hona chahiye paksh vipaksh vaad vivad chalta rahta hai yahi ek healthy democracy ki khubsurti hai.
Khud apne hi desh ke election commission, evm aur judiciary ke baare me galat bolkar duniya me khud apna mazak banwate ho.
Mei to kah raha hu India allaince ke paas number hai to sarkar bna le kaun rok raha hai ??",1,1746316800,True
xhGwYrE0ezc,PM Modi Resignation: PM Modi ने दिया इस्तीफा | Lok Sabha Election Result 2024 | Oath Ceremony,UgyXRXzEib6aLAfwIyx4AaABAg.A4I_dwkeMRNA4J77h9GSsf,@deepakjena3628,"​ swatiyoutubelife_ political science nahin padhe hon kya, how prime minister is elected in India",0,1746316800,True
xhGwYrE0ezc,PM Modi Resignation: PM Modi ने दिया इस्तीफा | Lok Sabha Election Result 2024 | Oath Ceremony,UgyXRXzEib6aLAfwIyx4AaABAg.A4I_dwkeMRNA4KQ1Y5bPRk,@LuckySingh-tj9ij,Same here 🌹​ swatiyoutubelife_,0,1746316800,True
xhGwYrE0ezc,PM Modi Resignation: PM Modi ने दिया इस्तीफा | Lok Sabha Election Result 2024 | Oath Ceremony,UgyXRXzEib6aLAfwIyx4AaABAg.A4I_dwkeMRNA4IcrY0BRXJ,@pradeeptudu9072,Oh bhai pm dusra ho skta hai kyunki bjp akela sarkar nhi bna skti,7,1746316800,True
xhGwYrE0ezc,PM Modi Resignation: PM Modi ने दिया इस्तीफा | Lok Sabha Election Result 2024 | Oath Ceremony,UgyoIXj58gWIrK_5cqd4AaABAg,@AHarjitSingh,"V Good  News 
V Nice.",2,1746316800,False
xhGwYrE0ezc,PM Modi Resignation: PM Modi ने दिया इस्तीफा | Lok Sabha Election Result 2024 | Oath Ceremony,Ugx3s6zRAKCV7iaXI-B4AaABAg,@SumanLata-y2d,Bht khusi ki baat h y to bht din s chah rhe the❤❤,0,1756944000,False
xhGwYrE0ezc,PM Modi Resignation: PM Modi ने दिया इस्तीफा | Lok Sabha Election Result 2024 | Oath Ceremony,Ugx20NiB2mj34v8L4SR4AaABAg,@walloffame2314,"Are mere pyare murkhon, dusre term ka istifa Dena padta hai , tabhi to tisre term ki shapath le payenge",4,1746316800,False
xhGwYrE0ezc,PM Modi Resignation: PM Modi ने दिया इस्तीफा | Lok Sabha Election Result 2024 | Oath Ceremony,Ugy01S65iP4xGjXsHdp4AaABAg,@KaranSinghsenger,बहुत खूब अब खेल शुरू होगा समय का,23,1746316800,False
xhGwYrE0ezc,PM Modi Resignation: PM Modi ने दिया इस्तीफा | Lok Sabha Election Result 2024 | Oath Ceremony,UgxyCvjpFtYgkkeKosl4AaABAg,@sandipkumardandapat5767,Please regular all contractual and out sourcing employees in across the country,1,1746316800,False
xhGwYrE0ezc,PM Modi Resignation: PM Modi ने दिया इस्तीफा | Lok Sabha Election Result 2024 | Oath Ceremony,Ugw9qpsVpf8sntjzyGx4AaABAg,@DalipSinghparmar,Great   je    majaa  aa  gaa  haa  je,0,1746316800,False
xhGwYrE0ezc,PM Modi Resignation: PM Modi ने दिया इस्तीफा | Lok Sabha Election Result 2024 | Oath Ceremony,UgyoJSFJ3fre-uK_5hR4AaABAg,@RonaldKinny,very good,2,1746316800,False
xhGwYrE0ezc,PM Modi Resignation: PM Modi ने दिया इस्तीफा | Lok Sabha Election Result 2024 | Oath Ceremony,Ugx6zo2Wa4BTG0UFLkl4AaABAg,@AbdulWahid-yx3up,Bahut accha laga Dil se...,1,1762214400,False
xhGwYrE0ezc,PM Modi Resignation: PM Modi ने दिया इस्तीफा | Lok Sabha Election Result 2024 | Oath Ceremony,UgxyPaS7upbLXqhRrZZ4AaABAg,@swarupsingh3069,Bahut badiya,1,1746316800,False
xhGwYrE0ezc,PM Modi Resignation: PM Modi ने दिया इस्तीफा | Lok Sabha Election Result 2024 | Oath Ceremony,UgxfZ1e6P_lloOYVJNV4AaABAg,@vvv9740,"Bahut achhi khabar hai,",3,1759536000,False
xhGwYrE0ezc,PM Modi Resignation: PM Modi ने दिया इस्तीफा | Lok Sabha Election Result 2024 | Oath Ceremony,Ugwhjs7fNB_SY4VflZ54AaABAg,@AbhishekKanojia-n7d,Very good 👍,1,1746316800,False
xhGwYrE0ezc,PM Modi Resignation: PM Modi ने दिया इस्तीफा | Lok Sabha Election Result 2024 | Oath Ceremony,UgxQc0FSh2yiEfpBd-B4AaABAg,@AliyaKhan-uc1qq,❤❤❤❤ very nice,0,1748995200,False
xhGwYrE0ezc,PM Modi Resignation: PM Modi ने दिया इस्तीफा | Lok Sabha Election Result 2024 | Oath Ceremony,UgzinU7PbvKBkK3_8ZN4AaABAg,@HarjinderSingh-mq5ps,ਝੋਲਾ ਸਿਲਵਾ ਲਿਆ ਪਹਿਲਾਂ 😂😂😂😂😂,2,1746316800,False
xhGwYrE0ezc,PM Modi Resignation: PM Modi ने दिया इस्तीफा | Lok Sabha Election Result 2024 | Oath Ceremony,UgyKnT2qktg46EexcRB4AaABAg,@ShamshadKhan-t5y,Good 👍👍👍,1,1746316800,False
xhGwYrE0ezc,PM Modi Resignation: PM Modi ने दिया इस्तीफा | Lok Sabha Election Result 2024 | Oath Ceremony,UgwWgzNyA5QhjBdcBOB4AaABAg,@ashokzote,अच्छी बात है जो होता है अच्छे के लिए होता है किसी के लिए कर ना शक तो उसको भोगना पड़ेगा,0,1772582400,False
xhGwYrE0ezc,PM Modi Resignation: PM Modi ने दिया इस्तीफा | Lok Sabha Election Result 2024 | Oath Ceremony,UgwM196qAm265Ix8T8Z4AaABAg,@SunnySandhu-m1z,Such hai 😮😮,1,1746316800,False
xhGwYrE0ezc,PM Modi Resignation: PM Modi ने दिया इस्तीफा | Lok Sabha Election Result 2024 | Oath Ceremony,Ugwj1jn4MuP9ux7_QDJ4AaABAg,@missyongmo,Ab agli baar sariya paar .. congratulations sabhi hinduon ko,15,1746316800,False
xhGwYrE0ezc,PM Modi Resignation: PM Modi ने दिया इस्तीफा | Lok Sabha Election Result 2024 | Oath Ceremony,Ugwj1jn4MuP9ux7_QDJ4AaABAg.A4IgbeS1kz8A4IhfgPxR_6,@Amitshrivastava644,Aapko bhi congratulations bhai,0,1746316800,True
xhGwYrE0ezc,PM Modi Resignation: PM Modi ने दिया इस्तीफा | Lok Sabha Election Result 2024 | Oath Ceremony,Ugwj1jn4MuP9ux7_QDJ4AaABAg.A4IgbeS1kz8A4KQk_-KBHq,@LuckySingh-tj9ij,I love you ji🌹,0,1746316800,True
xhGwYrE0ezc,PM Modi Resignation: PM Modi ने दिया इस्तीफा | Lok Sabha Election Result 2024 | Oath Ceremony,UgyrlkNGZseahvYtHGZ4AaABAg,@NandlalPrasadGupta-xy8qt,मैने सोचा की अच्छे दिन आ गए,1,1746316800,False
xhGwYrE0ezc,PM Modi Resignation: PM Modi ने दिया इस्तीफा | Lok Sabha Election Result 2024 | Oath Ceremony,Ugy0JT4KG28t1Qt2oKB4AaABAg,@VinodYadav-s9t,❤❤❤❤❤ good,0,1748995200,False
xhGwYrE0ezc,PM Modi Resignation: PM Modi ने दिया इस्तीफा | Lok Sabha Election Result 2024 | Oath Ceremony,UgzPfKW_ULe8ApVLJCp4AaABAg,@mirzafarhadbaigmirza4331,Thinks modi g,1,1746316800,False
xhGwYrE0ezc,PM Modi Resignation: PM Modi ने दिया इस्तीफा | Lok Sabha Election Result 2024 | Oath Ceremony,Ugzqp-MuD773yS0weAN4AaABAg,@anandsaxena9857,Sahi bat hai,0,1746316800,False
xhGwYrE0ezc,PM Modi Resignation: PM Modi ने दिया इस्तीफा | Lok Sabha Election Result 2024 | Oath Ceremony,Ugz6PPMrZ70mTE-r9s54AaABAg,@anupamkharod2729,Ek varsh pahela no video,1,1759536000,False
xhGwYrE0ezc,PM Modi Resignation: PM Modi ने दिया इस्तीफा | Lok Sabha Election Result 2024 | Oath Ceremony,UgyRR9x1e8Imcj2ylZJ4AaABAg,@ajica555,We r waiting,0,1775260800,False
xhGwYrE0ezc,PM Modi Resignation: PM Modi ने दिया इस्तीफा | Lok Sabha Election Result 2024 | Oath Ceremony,Ugyd6cVZbOUlLqahMqR4AaABAg,@SadhanaPandey-ko8hj,Bahut achha,0,1775260800,False
xhGwYrE0ezc,PM Modi Resignation: PM Modi ने दिया इस्तीफा | Lok Sabha Election Result 2024 | Oath Ceremony,UgxeVrlAz5vEBPaJLlZ4AaABAg,@amodyadav9509,Bahut bdhiya 😂😂,0,1772582400,False
xhGwYrE0ezc,PM Modi Resignation: PM Modi ने दिया इस्तीफा | Lok Sabha Election Result 2024 | Oath Ceremony,UgwZPrsxPk9FHgN115J4AaABAg,@SubhashYadav-g2o3z,Bahut Sundar,0,1759536000,False
xhGwYrE0ezc,PM Modi Resignation: PM Modi ने दिया इस्तीफा | Lok Sabha Election Result 2024 | Oath Ceremony,Ugz2m5qFA2kn7uhpXip4AaABAg,@Heera.baudh.4725,Jay....ho🎉🎉🎉🎉🎉🎉🎉🎉,0,1756944000,False
xhGwYrE0ezc,PM Modi Resignation: PM Modi ने दिया इस्तीफा | Lok Sabha Election Result 2024 | Oath Ceremony,UgxBB_DDaBbb8aRmhP54AaABAg,@Eertniment,❤❤❤❤❤❤,0,1746316800,False
xhGwYrE0ezc,PM Modi Resignation: PM Modi ने दिया इस्तीफा | Lok Sabha Election Result 2024 | Oath Ceremony,UgwKIyZBztQ6-1GD3o94AaABAg,@JitendarBhagat-o1f,Weldone,0,1777161600,False
xhGwYrE0ezc,PM Modi Resignation: PM Modi ने दिया इस्तीफा | Lok Sabha Election Result 2024 | Oath Ceremony,UgyKPdYzbiQL6XVB5rF4AaABAg,@Smallinvestor-d3r,ओडिशा में पांडु कहां गायब हो गए? क्या कोई जानकारी दे सकता है?😭😭😭😭😭😭😭😭,15,1746316800,False
xhGwYrE0ezc,PM Modi Resignation: PM Modi ने दिया इस्तीफा | Lok Sabha Election Result 2024 | Oath Ceremony,UgyKPdYzbiQL6XVB5rF4AaABAg.A4IeIPKLYbYA4JEODE6ahc,@santoshofficial7037,Wo tamilnadu chalagaya 😂😂😂,1,1746316800,True
xhGwYrE0ezc,PM Modi Resignation: PM Modi ने दिया इस्तीफा | Lok Sabha Election Result 2024 | Oath Ceremony,UgyKPdYzbiQL6XVB5rF4AaABAg.A4IeIPKLYbYA4Ieq8mZAgm,@EarnWithaju-qs7jp,O apne Laxmi bus se uske chala gaya,0,1746316800,True
xhGwYrE0ezc,PM Modi Resignation: PM Modi ने दिया इस्तीफा | Lok Sabha Election Result 2024 | Oath Ceremony,Ugwd83cbqs8hOnMIRwx4AaABAg,@rajatbhanu2974,Aaj 3 September 2024 ko inflation(mahangaayi) ko high stage par le gya hai modi ji,2,1746316800,False
xhGwYrE0ezc,PM Modi Resignation: PM Modi ने दिया इस्तीफा | Lok Sabha Election Result 2024 | Oath Ceremony,Ugz_NGnh27cjel6UPe14AaABAg,@Mohittechnical95,Ye to खुश खबरी सुना दी,0,1772582400,False
xhGwYrE0ezc,PM Modi Resignation: PM Modi ने दिया इस्तीफा | Lok Sabha Election Result 2024 | Oath Ceremony,UgwoLk0GazDa4YQS8Nd4AaABAg,@suhanasheikh3490,Dhruv rathee ❤❤❤🎉🎉🎉 thank you,2,1746316800,False
xhGwYrE0ezc,PM Modi Resignation: PM Modi ने दिया इस्तीफा | Lok Sabha Election Result 2024 | Oath Ceremony,UgxVwkknJ9zvQPYCuF94AaABAg,@Bineshkindo15,बहुत सुन्दर,0,1762214400,False
xhGwYrE0ezc,PM Modi Resignation: PM Modi ने दिया इस्तीफा | Lok Sabha Election Result 2024 | Oath Ceremony,UgyTmG7o1vXtFyWE6zx4AaABAg,@wasiyasamreen1168,Bht sahi hua,0,1746316800,False
xhGwYrE0ezc,PM Modi Resignation: PM Modi ने दिया इस्तीफा | Lok Sabha Election Result 2024 | Oath Ceremony,UgzfmBSc77A4uuD_uld4AaABAg,@kishansinghtanwar133,Good news thanks.,0,1772582400,False
xhGwYrE0ezc,PM Modi Resignation: PM Modi ने दिया इस्तीफा | Lok Sabha Election Result 2024 | Oath Ceremony,Ugzl6gM7nN2vCunQrzh4AaABAg,@BhruguNandanRath,New freedom day today.,0,1759536000,False
xhGwYrE0ezc,PM Modi Resignation: PM Modi ने दिया इस्तीफा | Lok Sabha Election Result 2024 | Oath Ceremony,Ugzxbprx1CCsbkw7-BR4AaABAg,@ranasandhu4816,Bahut badhiya,0,1759536000,False
xhGwYrE0ezc,PM Modi Resignation: PM Modi ने दिया इस्तीफा | Lok Sabha Election Result 2024 | Oath Ceremony,UgwDCPHnJI9KKmsbT754AaABAg,@LastStrings-ej7ey,🇮🇳🇮🇳🇮🇳❤️❤️❤️❤️,1,1746316800,False
xhGwYrE0ezc,PM Modi Resignation: PM Modi ने दिया इस्तीफा | Lok Sabha Election Result 2024 | Oath Ceremony,UgyzdY5racW97iTjuDN4AaABAg,@JitendraAhiwale-h3k,👏👏👏👏👏👏👏,0,1751587200,False
xhGwYrE0ezc,PM Modi Resignation: PM Modi ने दिया इस्तीफा | Lok Sabha Election Result 2024 | Oath Ceremony,Ugzn3B0I0J1QslL_2cl4AaABAg,@BrarSaab.001,Jai jawan jai kisaan,2,1746316800,False
xhGwYrE0ezc,PM Modi Resignation: PM Modi ने दिया इस्तीफा | Lok Sabha Election Result 2024 | Oath Ceremony,UgxcPTOQb2FJWO4cg6N4AaABAg,@tofiktai4589,Fakir Babu jola kaha he    😂😂😂,15,1746316800,False
xhGwYrE0ezc,PM Modi Resignation: PM Modi ने दिया इस्तीफा | Lok Sabha Election Result 2024 | Oath Ceremony,UgxcPTOQb2FJWO4cg6N4AaABAg.A4IgUBTS1UhA4IsF1X03DE,@kanishksingh7048,Fakir admi jhola utha ke chal pada 😂😂😂,0,1746316800,True
xhGwYrE0ezc,PM Modi Resignation: PM Modi ने दिया इस्तीफा | Lok Sabha Election Result 2024 | Oath Ceremony,UgxcPTOQb2FJWO4cg6N4AaABAg.A4IgUBTS1UhA4IsIb_nc3-,@kanishksingh7048,Fakir admi jhola utha ke chal pada desh ko chuna laga ke,0,1746316800,True
xhGwYrE0ezc,PM Modi Resignation: PM Modi ने दिया इस्तीफा | Lok Sabha Election Result 2024 | Oath Ceremony,Ugxd5z5Tb1vFOPKr7XF4AaABAg,@mehulshah6950,cool,1,1746316800,False
xhGwYrE0ezc,PM Modi Resignation: PM Modi ने दिया इस्तीफा | Lok Sabha Election Result 2024 | Oath Ceremony,UgznJ_VJo2Z6zQvnXOJ4AaABAg,@theroyalsparty9432,Jai Ho,1,1746316800,False
xhGwYrE0ezc,PM Modi Resignation: PM Modi ने दिया इस्तीफा | Lok Sabha Election Result 2024 | Oath Ceremony,Ugz4m2AC-qXNw-6lPcN4AaABAg,@arunbhalerao4616,👍👍,0,1764806400,False
xhGwYrE0ezc,PM Modi Resignation: PM Modi ने दिया इस्तीफा | Lok Sabha Election Result 2024 | Oath Ceremony,Ugz4_0EHCMSZ4kpPRWl4AaABAg,@Vishnu-rs2mw,❤,0,1746316800,False
xhGwYrE0ezc,PM Modi Resignation: PM Modi ने दिया इस्तीफा | Lok Sabha Election Result 2024 | Oath Ceremony,Ugz7qid5lbMz7QXqnPB4AaABAg,@jabeensultana4805,Good,0,1746316800,False
xhGwYrE0ezc,PM Modi Resignation: PM Modi ने दिया इस्तीफा | Lok Sabha Election Result 2024 | Oath Ceremony,UgzZK6v6kGdFvwl0TVh4AaABAg,@UmarShaikh-wc2ph,Good.,0,1759536000,False
xhGwYrE0ezc,PM Modi Resignation: PM Modi ने दिया इस्तीफा | Lok Sabha Election Result 2024 | Oath Ceremony,Ugyn7aNRHI2Xf3HWxZV4AaABAg,@SanjayDatwani-s3h,Acchi baat hai,0,1772582400,False
xhGwYrE0ezc,PM Modi Resignation: PM Modi ने दिया इस्तीफा | Lok Sabha Election Result 2024 | Oath Ceremony,Ugwq2hIynQDnB-phb_p4AaABAg,@PrinceKumar-cf7ek,🙏🏻💐💐💐🙏🏻,1,1746316800,False
xhGwYrE0ezc,PM Modi Resignation: PM Modi ने दिया इस्तीफा | Lok Sabha Election Result 2024 | Oath Ceremony,UgxigcbNNk_akRfWFt94AaABAg,@Nehaprityrohit87,❤❤❤,0,1772582400,False
xhGwYrE0ezc,PM Modi Resignation: PM Modi ने दिया इस्तीफा | Lok Sabha Election Result 2024 | Oath Ceremony,UgzwhoCM-r162knWcCN4AaABAg,@kumarsingh5634,😊😊😊😊good बुरे दिन जायेगे,1,1746316800,False
xhGwYrE0ezc,PM Modi Resignation: PM Modi ने दिया इस्तीफा | Lok Sabha Election Result 2024 | Oath Ceremony,UgxnTV84WvKTkb-wSJ14AaABAg,@VishalPatel-si5yq,Modi is desh ko chahia❤❤,1,1746316800,False
xhGwYrE0ezc,PM Modi Resignation: PM Modi ने दिया इस्तीफा | Lok Sabha Election Result 2024 | Oath Ceremony,UgzF5dPaFqxleZTN6-J4AaABAg,@rajatbhanu2974,Permanent resignation deta tho jyda achha hota,3,1746316800,False
xhGwYrE0ezc,PM Modi Resignation: PM Modi ने दिया इस्तीफा | Lok Sabha Election Result 2024 | Oath Ceremony,Ugwe9Ck5-pVaY9oBpmB4AaABAg,@Journeywith_Vishal,Kya sach mai,0,1746316800,False
xhGwYrE0ezc,PM Modi Resignation: PM Modi ने दिया इस्तीफा | Lok Sabha Election Result 2024 | Oath Ceremony,Ugy_zrlaUfkUEJx2Tr94AaABAg,@rajeevkushwaha2912,बहुत खुशी की बात है,0,1759536000,False
xhGwYrE0ezc,PM Modi Resignation: PM Modi ने दिया इस्तीफा | Lok Sabha Election Result 2024 | Oath Ceremony,Ugw0VlAsz_NSd8gx7xh4AaABAg,@sanjeevyadav2089,खुशी की बात है,54,1748995200,False
xhGwYrE0ezc,PM Modi Resignation: PM Modi ने दिया इस्तीफा | Lok Sabha Election Result 2024 | Oath Ceremony,Ugxktx0PLpTaxVveyrd4AaABAg,@jasmailsingh7717,ਸ਼ੁਕਰ ਆ ਪ੍ਰਮਾਤਮਾ ਤੇਰਾਂ,0,1762214400,False
xhGwYrE0ezc,PM Modi Resignation: PM Modi ने दिया इस्तीफा | Lok Sabha Election Result 2024 | Oath Ceremony,UgwdTYJO5vp067FRwxl4AaABAg,@mahabirsingh8939,सत्यमेव जयते,0,1772582400,False
xhGwYrE0ezc,PM Modi Resignation: PM Modi ने दिया इस्तीफा | Lok Sabha Election Result 2024 | Oath Ceremony,UgxyuD0ULOLeWn-9swl4AaABAg,@rukhsanabano1353,Well-done,0,1746316800,False
xhGwYrE0ezc,PM Modi Resignation: PM Modi ने दिया इस्तीफा | Lok Sabha Election Result 2024 | Oath Ceremony,UgwhmcZSzz_wg5IGlc94AaABAg,@nagi652002,Wow,1,1746316800,False
xhGwYrE0ezc,PM Modi Resignation: PM Modi ने दिया इस्तीफा | Lok Sabha Election Result 2024 | Oath Ceremony,UgyFA_V2mdxRl7EHj7p4AaABAg,@shakelkhanshakelkhan639,अब तो बारिस बंद हो जाएगी हवा बंद हो जाएगी अब देश कैसे जियेगा,1,1751587200,False
xhGwYrE0ezc,PM Modi Resignation: PM Modi ने दिया इस्तीफा | Lok Sabha Election Result 2024 | Oath Ceremony,Ugy8vdHo_Ir5vhO1KDx4AaABAg,@shadmahussain2129,True,0,1746316800,False
xhGwYrE0ezc,PM Modi Resignation: PM Modi ने दिया इस्तीफा | Lok Sabha Election Result 2024 | Oath Ceremony,UgyV8DdmSFfWyuR1cyt4AaABAg,@imamhussain1759,Bahut kushi hue,0,1748995200,False
xhGwYrE0ezc,PM Modi Resignation: PM Modi ने दिया इस्तीफा | Lok Sabha Election Result 2024 | Oath Ceremony,UgxZc0tP8IbqnYrnq_54AaABAg,@MalkeetSingh-i5p,Acha huya hai,2,1746316800,False
xhGwYrE0ezc,PM Modi Resignation: PM Modi ने दिया इस्तीफा | Lok Sabha Election Result 2024 | Oath Ceremony,UgypPXGzxD5zptGKW714AaABAg,@sujitbiswas593,"8 th Jun  
कब का खबर है।",0,1751587200,False
xhGwYrE0ezc,PM Modi Resignation: PM Modi ने दिया इस्तीफा | Lok Sabha Election Result 2024 | Oath Ceremony,Ugxf7dlyqDErnxOK2Mt4AaABAg,@AmitaGurjar-qf7qj,Esai kyu 😮😢💔💔💘😔,0,1746316800,False
xhGwYrE0ezc,PM Modi Resignation: PM Modi ने दिया इस्तीफा | Lok Sabha Election Result 2024 | Oath Ceremony,Ugw8hoaJRzNtbxKiJW14AaABAg,@Vipinstar143,Good good good good good good good good good good,0,1746316800,False
xhGwYrE0ezc,PM Modi Resignation: PM Modi ने दिया इस्तीफा | Lok Sabha Election Result 2024 | Oath Ceremony,UgxCTzpZ6hjnVxDYE654AaABAg,@Prime_player-z2o,Ab mana sakte h log sahi mayne me utsav,0,1759536000,False
xhGwYrE0ezc,PM Modi Resignation: PM Modi ने दिया इस्तीफा | Lok Sabha Election Result 2024 | Oath Ceremony,UgxO35Fv9sZx_2nIBQl4AaABAg,@SanjeetKumar-et9sw,बहुत सही हुओ,0,1746316800,False
xhGwYrE0ezc,PM Modi Resignation: PM Modi ने दिया इस्तीफा | Lok Sabha Election Result 2024 | Oath Ceremony,UgzjiSvVnoJ6gMJ_v594AaABAg,@mohammedsaleem7891,Alhamdulilla,0,1748995200,False
xhGwYrE0ezc,PM Modi Resignation: PM Modi ने दिया इस्तीफा | Lok Sabha Election Result 2024 | Oath Ceremony,UgyEh7WjHywspo5cKSF4AaABAg,@ShabanaKhan-fl6kf,Wah good news 🎉🎉🎉,0,1759536000,False
xhGwYrE0ezc,PM Modi Resignation: PM Modi ने दिया इस्तीफा | Lok Sabha Election Result 2024 | Oath Ceremony,UgzwFpxGCB5g95uVqfJ4AaABAg,@prosong900,"I thought when pm given resignation with the recommendation for desolved ,then no option before parliament to exercise the making of further government.",0,1772582400,False
xhGwYrE0ezc,PM Modi Resignation: PM Modi ने दिया इस्तीफा | Lok Sabha Election Result 2024 | Oath Ceremony,UgxVDRuc7qKlqlKJyh14AaABAg,@nandkishorratay6164,बहुत सुन्दर किया है,0,1756944000,False
xhGwYrE0ezc,PM Modi Resignation: PM Modi ने दिया इस्तीफा | Lok Sabha Election Result 2024 | Oath Ceremony,UgwKMcSagi7oQp37Gyd4AaABAg,@BabanraoJagtap-y3y,Khuda meharban huwa,0,1767484800,False
xhGwYrE0ezc,PM Modi Resignation: PM Modi ने दिया इस्तीफा | Lok Sabha Election Result 2024 | Oath Ceremony,UgzFclkBuO7ANi017UJ4AaABAg,@Thakor_editss,Ab desh ka kuch achaa hoga 🙏👌,0,1759536000,False
xhGwYrE0ezc,PM Modi Resignation: PM Modi ने दिया इस्तीफा | Lok Sabha Election Result 2024 | Oath Ceremony,UgyxUZFCv21QvnQ7fDh4AaABAg,@hanifpathan4255,Khushiyo ki laher,0,1746316800,False
xhGwYrE0ezc,PM Modi Resignation: PM Modi ने दिया इस्तीफा | Lok Sabha Election Result 2024 | Oath Ceremony,UgzY0fTHw7yOggJk3aJ4AaABAg,@amitesh4608,Kya baar baar line bolke video Ko lamba bana dete Hain,1,1746316800,False
xhGwYrE0ezc,PM Modi Resignation: PM Modi ने दिया इस्तीफा | Lok Sabha Election Result 2024 | Oath Ceremony,UgxSDwUHKOzonZ075pR4AaABAg,@MohdSharif-u9w,Very good kabar Mubarak ho aapko,0,1746316800,False
xhGwYrE0ezc,PM Modi Resignation: PM Modi ने दिया इस्तीफा | Lok Sabha Election Result 2024 | Oath Ceremony,Ugxitha9P78xUbgrdRp4AaABAg,@FaahQureshihalim,Salute you sir Modi,0,1746316800,False
xhGwYrE0ezc,PM Modi Resignation: PM Modi ने दिया इस्तीफा | Lok Sabha Election Result 2024 | Oath Ceremony,Ugy_aoMmvzBC7awNvgd4AaABAg,@YunuskhaPathan-x3f,Puranevido na batay,0,1775260800,False
xhGwYrE0ezc,PM Modi Resignation: PM Modi ने दिया इस्तीफा | Lok Sabha Election Result 2024 | Oath Ceremony,Ugw-eEzzV6ipuXABP554AaABAg,@rajatbhanu2974,2 pal kaa resignation kaa kya fyda,2,1746316800,False
xhGwYrE0ezc,PM Modi Resignation: PM Modi ने दिया इस्तीफा | Lok Sabha Election Result 2024 | Oath Ceremony,Ugx8Yj7bQoEoARixmjl4AaABAg,@sukhdevgoutamsleepyswellne6618,Congratulations pmji,0,1746316800,False
xhGwYrE0ezc,PM Modi Resignation: PM Modi ने दिया इस्तीफा | Lok Sabha Election Result 2024 | Oath Ceremony,Ugw0DvtjkOjiA0f3cGZ4AaABAg,@AishaKureshi-im2pw,🎉🎉🎉,0,1759536000,False
xhGwYrE0ezc,PM Modi Resignation: PM Modi ने दिया इस्तीफा | Lok Sabha Election Result 2024 | Oath Ceremony,Ugz7wsV2skKffOrNfL14AaABAg,@sureshnambiar634,gaa..me bambu gusa ab koi mujara nahi hoga.😮😮,12,1746316800,False
xhGwYrE0ezc,PM Modi Resignation: PM Modi ने दिया इस्तीफा | Lok Sabha Election Result 2024 | Oath Ceremony,UgxvCjyvfKNsMkl9Gzh4AaABAg,@ronmmugaming3139,Ek hi baat 100 baar boldi 2min ke video me,0,1746316800,False
xhGwYrE0ezc,PM Modi Resignation: PM Modi ने दिया इस्तीफा | Lok Sabha Election Result 2024 | Oath Ceremony,Ugx-lGaJw27COT0_O1h4AaABAg,@kaisaralam9733,Maja ageya,0,1775260800,False
xhGwYrE0ezc,PM Modi Resignation: PM Modi ने दिया इस्तीफा | Lok Sabha Election Result 2024 | Oath Ceremony,UgzJeCLgHZo_hIx4whN4AaABAg,@NitinChaudhari-p2t,100 istiffa dena hoga ek se nahi banega thanks by NL from village,0,1772582400,False
xhGwYrE0ezc,PM Modi Resignation: PM Modi ने दिया इस्तीफा | Lok Sabha Election Result 2024 | Oath Ceremony,Ugw_wEv4eErFABwGxm14AaABAg,@Feel_poetic,Modi ji 💞❤️,0,1746316800,False
xhGwYrE0ezc,PM Modi Resignation: PM Modi ने दिया इस्तीफा | Lok Sabha Election Result 2024 | Oath Ceremony,UgxkLQOZV4tLCXFrwcN4AaABAg,@sundarlalporwal-lh9nt,Nice ab aap PM,0,1767484800,False
xhGwYrE0ezc,PM Modi Resignation: PM Modi ने दिया इस्तीफा | Lok Sabha Election Result 2024 | Oath Ceremony,UgyYNpBiZ6rM4civwDt4AaABAg,@NareshKumar-m9n9o,"If you are calling INDI Alliance, then call ND Alliance not NDA alliance.",3,1746316800,False
xhGwYrE0ezc,PM Modi Resignation: PM Modi ने दिया इस्तीफा | Lok Sabha Election Result 2024 | Oath Ceremony,UgyYNpBiZ6rM4civwDt4AaABAg.A4IawZ92VkSA4IcBsO4XRt,@CHRISdiary77264,This our wish what we want to call we call NDA Alliance NDA KGF Alliance do you had any problems...😏😏😏😏,1,1746316800,True
xhGwYrE0ezc,PM Modi Resignation: PM Modi ने दिया इस्तीफा | Lok Sabha Election Result 2024 | Oath Ceremony,Ugxt4if2mm48ma10QGd4AaABAg,@Akram.ansari_,Agar yah Satya hai To badi Khushi Ki baat hai,0,1762214400,False
xhGwYrE0ezc,PM Modi Resignation: PM Modi ने दिया इस्तीफा | Lok Sabha Election Result 2024 | Oath Ceremony,Ugzg_CWMwKrojnK0Ucx4AaABAg,@tariqueanwar6093,What is going on 😢,0,1748995200,False
xhGwYrE0ezc,PM Modi Resignation: PM Modi ने दिया इस्तीफा | Lok Sabha Election Result 2024 | Oath Ceremony,UgzxnMobHTk_Y4WL8xd4AaABAg,@tulsibhaikhodabhaipatel-w3o,भाई साहब तो जब तक जान है तब तक मैं सता पे रहेगा,0,1775260800,False
xhGwYrE0ezc,PM Modi Resignation: PM Modi ने दिया इस्तीफा | Lok Sabha Election Result 2024 | Oath Ceremony,UgzE3_t_2LUqFqiUWr94AaABAg,@NivrutiSangare,🙏💙 Jay Bhim 💙🙏,0,1746316800,False
xhGwYrE0ezc,PM Modi Resignation: PM Modi ने दिया इस्तीफा | Lok Sabha Election Result 2024 | Oath Ceremony,UgxnXuGP2cvxF1uGjqJ4AaABAg,@MagdaliPurty-r7i,Bahut achcha samay a gaya hai,0,1759536000,False
xhGwYrE0ezc,PM Modi Resignation: PM Modi ने दिया इस्तीफा | Lok Sabha Election Result 2024 | Oath Ceremony,Ugyebapgf7SRx8UjprR4AaABAg,@viaam.ee2,"He will be reappointed.  To form a new government, pm have to resign. After new govt is formed he will be reappointed.",0,1746316800,False
xhGwYrE0ezc,PM Modi Resignation: PM Modi ने दिया इस्तीफा | Lok Sabha Election Result 2024 | Oath Ceremony,UgxnPwQU9vDx0G5pCul4AaABAg,@FarokhTd,MODIJI Has MADE OUR COUNTRY THE SUPER POWER IN THE WORLD AND SIR HAS PROVED IT ❤❤❤❤❤❤❤❤❤❤❤❤,1,1767484800,False
xhGwYrE0ezc,PM Modi Resignation: PM Modi ने दिया इस्तीफा | Lok Sabha Election Result 2024 | Oath Ceremony,UgyKEeiTzSqzvxm7f4N4AaABAg,@RajkumarGabel-k6g,❤❤❤❤❤🎉🎉🎉🎉🎉,0,1767484800,False
xhGwYrE0ezc,PM Modi Resignation: PM Modi ने दिया इस्तीफा | Lok Sabha Election Result 2024 | Oath Ceremony,UgzBK3hAdz_LuraciCd4AaABAg,@HeySRK,🌋🌋🇮🇳new pm Modi,4,1746316800,False
xhGwYrE0ezc,PM Modi Resignation: PM Modi ने दिया इस्तीफा | Lok Sabha Election Result 2024 | Oath Ceremony,UgzBK3hAdz_LuraciCd4AaABAg.A4IcVoDNpAkA4IxpR2Z0P_,@yuvraj_chadgal,Pr usne tho resign kr diya????,0,1746316800,True
xhGwYrE0ezc,PM Modi Resignation: PM Modi ने दिया इस्तीफा | Lok Sabha Election Result 2024 | Oath Ceremony,UgzBK3hAdz_LuraciCd4AaABAg.A4IcVoDNpAkA4IyZQ6rrrp,@HeySRK,@yuvraj_chadgal  are bhai this is rule new pm bnne se pehle resign krna pdta hai,1,1746316800,True
xhGwYrE0ezc,PM Modi Resignation: PM Modi ने दिया इस्तीफा | Lok Sabha Election Result 2024 | Oath Ceremony,UgzBK3hAdz_LuraciCd4AaABAg.A4IcVoDNpAkA4J0BmiMZWE,@yuvraj_chadgal,@HeySRK  ok,0,1746316800,True
xhGwYrE0ezc,PM Modi Resignation: PM Modi ने दिया इस्तीफा | Lok Sabha Election Result 2024 | Oath Ceremony,Ugzw1u9UmjjYzRg90e94AaABAg,@varunmatta1802,ACCHA HUA,3,1746316800,False
xhGwYrE0ezc,PM Modi Resignation: PM Modi ने दिया इस्तीफा | Lok Sabha Election Result 2024 | Oath Ceremony,Ugzw1u9UmjjYzRg90e94AaABAg.A4JWjtynD93A4JWl23ySqh,@varunmatta1802,GOOD DECISION,1,1746316800,True
xhGwYrE0ezc,PM Modi Resignation: PM Modi ने दिया इस्तीफा | Lok Sabha Election Result 2024 | Oath Ceremony,UgyCIFqCPGf46ZZwi9h4AaABAg,@FarokhTd,Not to MOVE MODIJI AS SIR HAS BEEN WORKING HARD FOR THE COUNTRY WELFARE AND I STAND FOR MODIJI AND OUR COUNTRY STANDS FOR MODIJI,1,1767484800,False
xhGwYrE0ezc,PM Modi Resignation: PM Modi ने दिया इस्तीफा | Lok Sabha Election Result 2024 | Oath Ceremony,UgwvKIW_NxuKWqVtDwV4AaABAg,@shivbhagwanlahoti581,after resignation post become EX.,0,1746316800,False
xhGwYrE0ezc,PM Modi Resignation: PM Modi ने दिया इस्तीफा | Lok Sabha Election Result 2024 | Oath Ceremony,UgwY1dKzzqoE66CiMPN4AaABAg,@BhimSagar-r8t,Bsp mission hai samvidhan hai BSP hamare mahapurushon ka Samman hai BSP hamare mahapurushon ka Samman hai BSP Jay,4,1746316800,False
xhGwYrE0ezc,PM Modi Resignation: PM Modi ने दिया इस्तीफा | Lok Sabha Election Result 2024 | Oath Ceremony,UgzkTCKWVhuUsLsmFBJ4AaABAg,@valendrakumar7328,Sahi kiya,0,1746316800,False
xhGwYrE0ezc,PM Modi Resignation: PM Modi ने दिया इस्तीफा | Lok Sabha Election Result 2024 | Oath Ceremony,UgzhsnLEsp18B2-V4PZ4AaABAg,@virendrajha5219,Ye Purani News hai,1,1759536000,False
xhGwYrE0ezc,PM Modi Resignation: PM Modi ने दिया इस्तीफा | Lok Sabha Election Result 2024 | Oath Ceremony,Ugy7x7GbOw_gC9oGVGx4AaABAg,@शमशादखानKhan,Jay bharat sahi hua,0,1759536000,False
xhGwYrE0ezc,PM Modi Resignation: PM Modi ने दिया इस्तीफा | Lok Sabha Election Result 2024 | Oath Ceremony,UgyL7nBtTZ155b3GZtN4AaABAg,@Elif-o1e3p,",👍👍👍👍👍👍👍👍",0,1746316800,False
xhGwYrE0ezc,PM Modi Resignation: PM Modi ने दिया इस्तीफा | Lok Sabha Election Result 2024 | Oath Ceremony,UgyezF_XSWWPU3_oyYN4AaABAg,@mohanrao7732,Good news,0,1746316800,False
xhGwYrE0ezc,PM Modi Resignation: PM Modi ने दिया इस्तीफा | Lok Sabha Election Result 2024 | Oath Ceremony,UgxvwptNxisy28itX5J4AaABAg,@indreshkumar4714,Mere 15 lakh ka hai Modi ji,1,1746316800,False
xhGwYrE0ezc,PM Modi Resignation: PM Modi ने दिया इस्तीफा | Lok Sabha Election Result 2024 | Oath Ceremony,UgyRyMCon2DGliOk_p94AaABAg,@indreshkumar4714,Mere Bhai 15 lakh dekar Jana Re,1,1746316800,False
xhGwYrE0ezc,PM Modi Resignation: PM Modi ने दिया इस्तीफा | Lok Sabha Election Result 2024 | Oath Ceremony,Ugwfk5QiaGB5KFtJRYN4AaABAg,@shashikushwaha4563,देश बच गया,0,1762214400,False
xhGwYrE0ezc,PM Modi Resignation: PM Modi ने दिया इस्तीफा | Lok Sabha Election Result 2024 | Oath Ceremony,Ugycc3qhsGTBpTgDSNR4AaABAg,@arvindshinde2789,Sach hoto bharat ke ache din aayege,0,1759536000,False
xhGwYrE0ezc,PM Modi Resignation: PM Modi ने दिया इस्तीफा | Lok Sabha Election Result 2024 | Oath Ceremony,Ugw8jreZGsTH5brXZxh4AaABAg,@rajatbhanu2974,4 June 2024 ko modi ji pradhanmantri bnaa,1,1746316800,False
xhGwYrE0ezc,PM Modi Resignation: PM Modi ने दिया इस्तीफा | Lok Sabha Election Result 2024 | Oath Ceremony,UgzDt_u71Jj5riorrzB4AaABAg,@NadeemInterior-pv3ug,Bhut achha huaa,0,1746316800,False
xhGwYrE0ezc,PM Modi Resignation: PM Modi ने दिया इस्तीफा | Lok Sabha Election Result 2024 | Oath Ceremony,UgxU6ACsMNXqfDkAp5p4AaABAg,@kunwar6207,Sabse.acha.din.ab.aaya,0,1748995200,False
xhGwYrE0ezc,PM Modi Resignation: PM Modi ने दिया इस्तीफा | Lok Sabha Election Result 2024 | Oath Ceremony,UgwV9DfvGd2K7YiMh854AaABAg,@AnitaLanghe-p3j,Achcha hua,0,1772582400,False
xhGwYrE0ezc,PM Modi Resignation: PM Modi ने दिया इस्तीफा | Lok Sabha Election Result 2024 | Oath Ceremony,UgyZhmUuMMdlVWgs3md4AaABAg,@ummedjain1442,Sensless news,0,1748995200,False
xhGwYrE0ezc,PM Modi Resignation: PM Modi ने दिया इस्तीफा | Lok Sabha Election Result 2024 | Oath Ceremony,UgxzIsawNW24uXcA4BZ4AaABAg,@CrafterAffishk21,Who's present PM after modi hey premanand ye kya hua 😮,0,1746316800,False
xhGwYrE0ezc,PM Modi Resignation: PM Modi ने दिया इस्तीफा | Lok Sabha Election Result 2024 | Oath Ceremony,Ugzh8bj1cNfji6EJimZ4AaABAg,@khaniyamanishd7581,बहुत बहुत बहुत खुशी की बात है अब देश का भला होगा 👍🏾,0,1751587200,False
xhGwYrE0ezc,PM Modi Resignation: PM Modi ने दिया इस्तीफा | Lok Sabha Election Result 2024 | Oath Ceremony,UgwUCfnnh8f4F_3-xa14AaABAg,@NareshDumbhare,Acha hua 😊😊,0,1762214400,False
xhGwYrE0ezc,PM Modi Resignation: PM Modi ने दिया इस्तीफा | Lok Sabha Election Result 2024 | Oath Ceremony,UgwG1JXX1mrRa69fJdB4AaABAg,@zeenatkhan4743,So sad,0,1746316800,False
xhGwYrE0ezc,PM Modi Resignation: PM Modi ने दिया इस्तीफा | Lok Sabha Election Result 2024 | Oath Ceremony,Ugx1Q-ZeEjY9Nt_l0ah4AaABAg,@YasinKhan-li3oh,Latest news kaha h 😮,0,1775260800,False
xhGwYrE0ezc,PM Modi Resignation: PM Modi ने दिया इस्तीफा | Lok Sabha Election Result 2024 | Oath Ceremony,Ugw-GmRFqdoVqgBCIKF4AaABAg,@gitagupta6023,Dukh ki bat h,0,1759536000,False
xhGwYrE0ezc,PM Modi Resignation: PM Modi ने दिया इस्तीफा | Lok Sabha Election Result 2024 | Oath Ceremony,Ugz3WyseBZ20yUNXfOp4AaABAg,@neelampandey8878,बहुत अच्छा हुआ ।,0,1772582400,False
xhGwYrE0ezc,PM Modi Resignation: PM Modi ने दिया इस्तीफा | Lok Sabha Election Result 2024 | Oath Ceremony,UgwsOo7rHa9wuvJ9qct4AaABAg,@atmanirbhar5654,Kya karan ho sakta hai,0,1759536000,False
xhGwYrE0ezc,PM Modi Resignation: PM Modi ने दिया इस्तीफा | Lok Sabha Election Result 2024 | Oath Ceremony,UgzFgiFRSYko7KKLLvJ4AaABAg,@prabhudasdhamecha7996,That's impossible,0,1764806400,False
xhGwYrE0ezc,PM Modi Resignation: PM Modi ने दिया इस्तीफा | Lok Sabha Election Result 2024 | Oath Ceremony,UgwU6yFlXFK4ntg-Yst4AaABAg,@NitinChaudhari-p2t,Evidence to show karo dhong bahut hua,0,1770163200,False
xhGwYrE0ezc,PM Modi Resignation: PM Modi ने दिया इस्तीफा | Lok Sabha Election Result 2024 | Oath Ceremony,UgwvecrHHvu0Id5zgpF4AaABAg,@naseebkhan8019,Yah to bahut pahle hona tha,5,1746316800,False
xhGwYrE0ezc,PM Modi Resignation: PM Modi ने दिया इस्तीफा | Lok Sabha Election Result 2024 | Oath Ceremony,UgwvecrHHvu0Id5zgpF4AaABAg.AASRvfz5QnHAT7vS5A3bOz,@SantoshKubal-g1f,Right 👍,0,1772582400,True
xhGwYrE0ezc,PM Modi Resignation: PM Modi ने दिया इस्तीफा | Lok Sabha Election Result 2024 | Oath Ceremony,Ugy46bNx-ablI9Pdayp4AaABAg,@sukhdevsingh-je6hp,डर के समाने कुछ भी हो सकता है,0,1746316800,False
xhGwYrE0ezc,PM Modi Resignation: PM Modi ने दिया इस्तीफा | Lok Sabha Election Result 2024 | Oath Ceremony,UgwlpWnC0geKGkiNx0B4AaABAg,@santoshkolpe2113,चुनाव के पहले ही मोदी जी का इस्तेमा लेना चाहिये था फिर निवडणूक लेना चाहिये था,7,1746316800,False
xhGwYrE0ezc,PM Modi Resignation: PM Modi ने दिया इस्तीफा | Lok Sabha Election Result 2024 | Oath Ceremony,Ugx7JrhE199eLhBoGgt4AaABAg,@BrarSaab.001,Indi ki jagah India bolo abb papa to gyo,2,1746316800,False
xhGwYrE0ezc,PM Modi Resignation: PM Modi ने दिया इस्तीफा | Lok Sabha Election Result 2024 | Oath Ceremony,Ugz4Zqz3ePO2gb53Lwp4AaABAg,@madhukumari7542,Jada khus hone ki jrurt nhi h esa koi perfect person h nhi jo bharat ko sambhale.....,0,1746316800,False
xhGwYrE0ezc,PM Modi Resignation: PM Modi ने दिया इस्तीफा | Lok Sabha Election Result 2024 | Oath Ceremony,Ugyms24kTt7225berXp4AaABAg,@UmarFFkin,😢,0,1746316800,False
xhGwYrE0ezc,PM Modi Resignation: PM Modi ने दिया इस्तीफा | Lok Sabha Election Result 2024 | Oath Ceremony,Ugxj0plYkQestWF8Kk14AaABAg,@krishnakant3256,Akv bat Ko kitani bar bolegi,0,1746316800,False
xhGwYrE0ezc,PM Modi Resignation: PM Modi ने दिया इस्तीफा | Lok Sabha Election Result 2024 | Oath Ceremony,Ugw5pUycqSVQvtc_l9Z4AaABAg,@abanikant5254,Chalo finally India ma kuch acha hoga. Modi na pahali baar kuch acha kaam kiya ha,0,1777813200,False
xhGwYrE0ezc,PM Modi Resignation: PM Modi ने दिया इस्तीफा | Lok Sabha Election Result 2024 | Oath Ceremony,Ugy2p52Fezq_flmMKaZ4AaABAg,@TheIndianTV-v6x,😮😮😮,0,1746316800,False
xhGwYrE0ezc,PM Modi Resignation: PM Modi ने दिया इस्तीफा | Lok Sabha Election Result 2024 | Oath Ceremony,UgyeK81Z1KEfeC3RbBx4AaABAg,@ManjuMarandi-d1e,Adi moj nelok kana kuri kanai god ko kiyon lutega dahej  orijnal boold 🆔💊 yellwo dil huna,0,1756944000,False
xhGwYrE0ezc,PM Modi Resignation: PM Modi ने दिया इस्तीफा | Lok Sabha Election Result 2024 | Oath Ceremony,UgzWjkDX35Kvrhnpg6t4AaABAg,@nikhiltambakhe25,बहुत हि मन को धक्का लगा ये सुनकर .,44,1746316800,False
xhGwYrE0ezc,PM Modi Resignation: PM Modi ने दिया इस्तीफा | Lok Sabha Election Result 2024 | Oath Ceremony,UgzWjkDX35Kvrhnpg6t4AaABAg.A4JAk8_n2ZVA4KQ_D5JKnX,@LuckySingh-tj9ij,अरे यार शपथ लेने से पहले इस्तिफा देना पड़ता है,7,1746316800,True
xhGwYrE0ezc,PM Modi Resignation: PM Modi ने दिया इस्तीफा | Lok Sabha Election Result 2024 | Oath Ceremony,UgzWjkDX35Kvrhnpg6t4AaABAg.A4JAk8_n2ZVA4T_eDAI-yB,@sayronkasayar7585,"😂😂 are yaar pahle इस्तीफा देना parta  है, फिर दोबारा Pm ka sapath lena parega",1,1746316800,True
xhGwYrE0ezc,PM Modi Resignation: PM Modi ने दिया इस्तीफा | Lok Sabha Election Result 2024 | Oath Ceremony,UgzWjkDX35Kvrhnpg6t4AaABAg.A4JAk8_n2ZVA7R6MG1V29O,@DalbirKhan-ky7fz,बहुत खुशी हुई,1,1746316800,True
xhGwYrE0ezc,PM Modi Resignation: PM Modi ने दिया इस्तीफा | Lok Sabha Election Result 2024 | Oath Ceremony,UgzWjkDX35Kvrhnpg6t4AaABAg.A4JAk8_n2ZVA9IZswpIcyS,@susantanayak9728,Purana video... Job thisri baar modi ji jite... To resign deke  tishiri baar safat lenge... Wohi hey,0,1746316800,True
xhGwYrE0ezc,PM Modi Resignation: PM Modi ने दिया इस्तीफा | Lok Sabha Election Result 2024 | Oath Ceremony,UgxDerGHRc3ZGksR_LJ4AaABAg,@ashokganage8802,एक वर्षा पूर्वीची बातमी आता कश्याला परत परत सांगता. आता राजिनामा दिला तर जनता पेढे वाटतील सगळीकडे.,0,1777248000,False
xhGwYrE0ezc,PM Modi Resignation: PM Modi ने दिया इस्तीफा | Lok Sabha Election Result 2024 | Oath Ceremony,UgxOfrtYD3Io6VhG7dx4AaABAg,@BindiyaBorkar,😊,0,1746316800,False
xhGwYrE0ezc,PM Modi Resignation: PM Modi ने दिया इस्तीफा | Lok Sabha Election Result 2024 | Oath Ceremony,UgxXOq-2ek2mjrO5-Vp4AaABAg,@sankirbagh9259,Toh kon banega pm vai,0,1746316800,False
xhGwYrE0ezc,PM Modi Resignation: PM Modi ने दिया इस्तीफा | Lok Sabha Election Result 2024 | Oath Ceremony,Ugy4o4hTtu8o8YbMJdJ4AaABAg,@MohammedIrshad-n4o,Modiji best pm our india. From irshad bsnl,0,1759536000,False
xhGwYrE0ezc,PM Modi Resignation: PM Modi ने दिया इस्तीफा | Lok Sabha Election Result 2024 | Oath Ceremony,Ugy_N5AAUZ-DFd8s1SN4AaABAg,@NandedkarHimaytnagr,🙏🙏🙏🙏🙏🙏  jay bhim jay savidhan 🙏,0,1746316800,False
xhGwYrE0ezc,PM Modi Resignation: PM Modi ने दिया इस्तीफा | Lok Sabha Election Result 2024 | Oath Ceremony,Ugy9YAI0phRDORy1DiB4AaABAg,@niranjanbrijia7689,Modi PM banege jai shree Ram ❤❤❤,0,1746316800,False
xhGwYrE0ezc,PM Modi Resignation: PM Modi ने दिया इस्तीफा | Lok Sabha Election Result 2024 | Oath Ceremony,UgxoShYbBGk8wqN8SzR4AaABAg,@GurdeepSingh-qv3yt,Asha kieea,0,1746316800,False
xhGwYrE0ezc,PM Modi Resignation: PM Modi ने दिया इस्तीफा | Lok Sabha Election Result 2024 | Oath Ceremony,Ugzbt13KSda7-t9Mxzp4AaABAg,@ChandanPandey-j4x,चंदन,0,1756944000,False
xhGwYrE0ezc,PM Modi Resignation: PM Modi ने दिया इस्तीफा | Lok Sabha Election Result 2024 | Oath Ceremony,UgzkgxctwofpmFKnmGN4AaABAg,@RinkuRkRaj,😊😊😊,0,1746316800,False
xhGwYrE0ezc,PM Modi Resignation: PM Modi ने दिया इस्तीफा | Lok Sabha Election Result 2024 | Oath Ceremony,Ugx_zIjYjsX9r9MX8sh4AaABAg,@ratilalshah151,BENGAL FILES IS THE BEST MOVIE MADE BY VIVEK AGNIHOTRI AND HIS TEAM SUPER POWER MOVIE 🎬 EVERY ONE MUST WATCH  INDIA BHARAT HINDUSTAN HISTORY,0,1762214400,False
xhGwYrE0ezc,PM Modi Resignation: PM Modi ने दिया इस्तीफा | Lok Sabha Election Result 2024 | Oath Ceremony,UgwNjmTVXlZ21aEVKDV4AaABAg,@DeepakSharma-gm8ho,PM Modi ne Diya istifa veri good veri good veri good,31,1746316800,False
xhGwYrE0ezc,PM Modi Resignation: PM Modi ने दिया इस्तीफा | Lok Sabha Election Result 2024 | Oath Ceremony,UgxnXU69i-ota7Ddz2R4AaABAg,@ZeeshanChoudhry-w2j,Ye to good news h,0,1767484800,False
xhGwYrE0ezc,PM Modi Resignation: PM Modi ने दिया इस्तीफा | Lok Sabha Election Result 2024 | Oath Ceremony,UgxsFKRCi0NMCzKrgBR4AaABAg,@VijayAgarwal-k3b,Main sok Ho gaya,0,1746316800,False
xhGwYrE0ezc,PM Modi Resignation: PM Modi ने दिया इस्तीफा | Lok Sabha Election Result 2024 | Oath Ceremony,Ugz_SjTmKK9SFTsvsuR4AaABAg,@AjaykumarYadav-mt4hd,Tik huava,0,1746316800,False
xhGwYrE0ezc,PM Modi Resignation: PM Modi ने दिया इस्तीफा | Lok Sabha Election Result 2024 | Oath Ceremony,Ugzy0rg9ns1MDxmqk6F4AaABAg,@RishiKant-l9p,बहुत अच्छा हुआ,0,1748995200,False
xhGwYrE0ezc,PM Modi Resignation: PM Modi ने दिया इस्तीफा | Lok Sabha Election Result 2024 | Oath Ceremony,Ugxv7tUiuJoJ_y7aJxp4AaABAg,@naasulagam,Modi ji ne aisa kyun kiya ...,0,1746316800,False
xhGwYrE0ezc,PM Modi Resignation: PM Modi ने दिया इस्तीफा | Lok Sabha Election Result 2024 | Oath Ceremony,Ugw3MH9vdukxHkJJSHJ4AaABAg,@ASHOKPATEL-ks2iu,Bahut achcha hua,0,1759536000,False
xhGwYrE0ezc,PM Modi Resignation: PM Modi ने दिया इस्तीफा | Lok Sabha Election Result 2024 | Oath Ceremony,UgwH1UQo-BV-_bzmUF14AaABAg,@MaheshKumar-jl8th,Jhuthe khabar,2,1746316800,False
xhGwYrE0ezc,PM Modi Resignation: PM Modi ने दिया इस्तीफा | Lok Sabha Election Result 2024 | Oath Ceremony,UgyJhBYYlsF2jcEhGP14AaABAg,@NarenBariya-w8x,🚩🙏🙏🙏🙏🙏🇮🇳✋👌,0,1756944000,False
xhGwYrE0ezc,PM Modi Resignation: PM Modi ने दिया इस्तीफा | Lok Sabha Election Result 2024 | Oath Ceremony,Ugwh-KG-yMSKT-acyYJ4AaABAg,@AbhayShah-rg4hj,PENDA VECHO BHAIO.,1,1776038400,False
xhGwYrE0ezc,PM Modi Resignation: PM Modi ने दिया इस्तीफा | Lok Sabha Election Result 2024 | Oath Ceremony,Ugw1yDFPqJWjOOvB5TZ4AaABAg,@MaheshSaud-y8x,😢😢,0,1759536000,False
xhGwYrE0ezc,PM Modi Resignation: PM Modi ने दिया इस्तीफा | Lok Sabha Election Result 2024 | Oath Ceremony,Ugx5n1JoPN9lBCI90XN4AaABAg,@brijmohangarg334,Naya p m kab bany ga,0,1776038400,False
xhGwYrE0ezc,PM Modi Resignation: PM Modi ने दिया इस्तीफा | Lok Sabha Election Result 2024 | Oath Ceremony,UgwFEXioKXP69SsPl_94AaABAg,@BabanraoJagtap-y3y,Ab aache din aa jaenge,0,1767484800,False
xhGwYrE0ezc,PM Modi Resignation: PM Modi ने दिया इस्तीफा | Lok Sabha Election Result 2024 | Oath Ceremony,UgzI-sYcgw6hD3Gl_254AaABAg,@ravipunia3366,Good news ....but all are same,0,1762214400,False
xhGwYrE0ezc,PM Modi Resignation: PM Modi ने दिया इस्तीफा | Lok Sabha Election Result 2024 | Oath Ceremony,UgwhMbw_N-3-jF4N9Nt4AaABAg,@Ranjeet4945dp,😢😢😢😢😢😢,0,1759536000,False
xhGwYrE0ezc,PM Modi Resignation: PM Modi ने दिया इस्तीफा | Lok Sabha Election Result 2024 | Oath Ceremony,UgxYDekxaTmfOlg7ZLt4AaABAg,@Visibility76,Aaj night ho gaya hai warna Aaj hi party karta par kal confirm h,0,1759536000,False
xhGwYrE0ezc,PM Modi Resignation: PM Modi ने दिया इस्तीफा | Lok Sabha Election Result 2024 | Oath Ceremony,UgwYaIvEFN5zwsdEDQF4AaABAg,@Oldagelife1950,"Hell ! One year old news,why?",0,1777334400,False
xhGwYrE0ezc,PM Modi Resignation: PM Modi ने दिया इस्तीफा | Lok Sabha Election Result 2024 | Oath Ceremony,Ugw-t-RR-RRLOBZrJOp4AaABAg,@Dipakkumarjoshi8,Modi ji ko hi pm rahana chahiye,0,1759536000,False
xhGwYrE0ezc,PM Modi Resignation: PM Modi ने दिया इस्तीफा | Lok Sabha Election Result 2024 | Oath Ceremony,UgwKEqZh1Re7mSdNFsp4AaABAg,@vijendarmeena4892,But acha ki,0,1759536000,False
xhGwYrE0ezc,PM Modi Resignation: PM Modi ने दिया इस्तीफा | Lok Sabha Election Result 2024 | Oath Ceremony,UgzxdcKqWWjdosGH1TV4AaABAg,@RAVIRANA-qm4oy,Ya phala ka ha jb chunav hua Tha,0,1762214400,False
xhGwYrE0ezc,PM Modi Resignation: PM Modi ने दिया इस्तीफा | Lok Sabha Election Result 2024 | Oath Ceremony,Ugy8Ck6BbyqGrIuGyXF4AaABAg,@AASHARAMBAIRWA-ng3lw,मज़ा आया बोहोत अच्छा हुआ,0,1748995200,False
xhGwYrE0ezc,PM Modi Resignation: PM Modi ने दिया इस्तीफा | Lok Sabha Election Result 2024 | Oath Ceremony,UgxV0SRHZOokA6GP0Sd4AaABAg,@kailashlala6537,VERY NICE SUPERB 👌 GOOD NEWS BJP MODI BHAGAO DESH BACHAO,0,1746316800,False
xhGwYrE0ezc,PM Modi Resignation: PM Modi ने दिया इस्तीफा | Lok Sabha Election Result 2024 | Oath Ceremony,UgySpqhbXMI1yd1bwB94AaABAg,@dattatraysoudagar646,गलत खबर देनेमे कुच्छ तो ........होना चाहीये!,0,1767484800,False
xhGwYrE0ezc,PM Modi Resignation: PM Modi ने दिया इस्तीफा | Lok Sabha Election Result 2024 | Oath Ceremony,UgwKARCWd13nsTQRcnp4AaABAg,@Sandeep..u11R,किसान के साथ पंगा महँगा पड़ा,87,1746316800,False
xhGwYrE0ezc,PM Modi Resignation: PM Modi ने दिया इस्तीफा | Lok Sabha Election Result 2024 | Oath Ceremony,UgwKARCWd13nsTQRcnp4AaABAg.A4IaUaZEb5hA4IfSXR67ya,@hemantpatil733,2 hajara dalte hai har mahine.....,4,1746316800,True
xhGwYrE0ezc,PM Modi Resignation: PM Modi ने दिया इस्तीफा | Lok Sabha Election Result 2024 | Oath Ceremony,UgwKARCWd13nsTQRcnp4AaABAg.A4IaUaZEb5hA4Igt33R6g0,@Sandeep..u11R,@hemantpatil733  किसान के लिए 2 हज़ार और जो भीख माँग के खाता है उसको करोड़ों का सूट चस्मा पेन वाह भाई साहब,4,1746316800,True
xhGwYrE0ezc,PM Modi Resignation: PM Modi ने दिया इस्तीफा | Lok Sabha Election Result 2024 | Oath Ceremony,UgwKARCWd13nsTQRcnp4AaABAg.A4IaUaZEb5hA4ImciyubF3,@mukeshkashyap5162,Haa bhai... ab kishan ko caroro rs milennge or ab har kishan raja ka jindagi jiyega...,2,1746316800,True
xhGwYrE0ezc,PM Modi Resignation: PM Modi ने दिया इस्तीफा | Lok Sabha Election Result 2024 | Oath Ceremony,UgwKARCWd13nsTQRcnp4AaABAg.A4IaUaZEb5hA4LFFIg9bui,@Sandeep..u11R,@mukeshkashyap5162  kishan raja hota h apni mrzi ka bhai ji,0,1746316800,True
xhGwYrE0ezc,PM Modi Resignation: PM Modi ने दिया इस्तीफा | Lok Sabha Election Result 2024 | Oath Ceremony,UgwKARCWd13nsTQRcnp4AaABAg.A4IaUaZEb5hA4ImcRuSjpE,@joydeepdeb551,"Ab Or Chinta mat karo Sab free me milega Gas, Petrol, Grocery, Sabji, Or Nokri Available hoga.",1,1746316800,True
xhGwYrE0ezc,PM Modi Resignation: PM Modi ने दिया इस्तीफा | Lok Sabha Election Result 2024 | Oath Ceremony,UgwKARCWd13nsTQRcnp4AaABAg.A4IaUaZEb5hA4LFAVeiJGm,@Sandeep..u11R,@joydeepdeb551  free ki jrurt kishan ko h b nhi ambani adani ko h kishan ko sirf fslo ka bhaav mil jaye wo hi kafi h,0,1746316800,True
xhGwYrE0ezc,PM Modi Resignation: PM Modi ने दिया इस्तीफा | Lok Sabha Election Result 2024 | Oath Ceremony,Ugx6DDxuh-hOi2Vv7T14AaABAg,@narayansingh8908,April 🎉 Bana rahe hai,0,1775260800,False
xhGwYrE0ezc,PM Modi Resignation: PM Modi ने दिया इस्तीफा | Lok Sabha Election Result 2024 | Oath Ceremony,UgytKZRS494nLl4dLel4AaABAg,@AshokYadav-oi8ut,क्यों ना फिर से आज़ादी का जश्न मनाया जाये,120,1746316800,False
xhGwYrE0ezc,PM Modi Resignation: PM Modi ने दिया इस्तीफा | Lok Sabha Election Result 2024 | Oath Ceremony,UgytKZRS494nLl4dLel4AaABAg.A4IZyebK3YvA4Ibv6fIOMJ,@rohitpatra8090,8 tarikh tak manalo 😂,7,1746316800,True
xhGwYrE0ezc,PM Modi Resignation: PM Modi ने दिया इस्तीफा | Lok Sabha Election Result 2024 | Oath Ceremony,UgytKZRS494nLl4dLel4AaABAg.A4IZyebK3YvA4Illp90Dfp,@pragatitiwari8586,Bna ek kaam kr Pakistan jaa😂,3,1746316800,True
xhGwYrE0ezc,PM Modi Resignation: PM Modi ने दिया इस्तीफा | Lok Sabha Election Result 2024 | Oath Ceremony,UgytKZRS494nLl4dLel4AaABAg.A4IZyebK3YvA4J7ZzqEFiL,@suryanarayan3026,8को फिर सफत लेगे 😂😂,0,1746316800,True
xhGwYrE0ezc,PM Modi Resignation: PM Modi ने दिया इस्तीफा | Lok Sabha Election Result 2024 | Oath Ceremony,UgytKZRS494nLl4dLel4AaABAg.A4IZyebK3YvA7Hp0IMD6wz,@rollingtwins873,Inkalab jindabad 😂😂,0,1746316800,True
xhGwYrE0ezc,PM Modi Resignation: PM Modi ने दिया इस्तीफा | Lok Sabha Election Result 2024 | Oath Ceremony,UgytKZRS494nLl4dLel4AaABAg.A4IZyebK3YvA8vsNLHlhRQ,@hanifpathan4255,🎉🎉🎉🎉,0,1746316800,True
xhGwYrE0ezc,PM Modi Resignation: PM Modi ने दिया इस्तीफा | Lok Sabha Election Result 2024 | Oath Ceremony,UgytKZRS494nLl4dLel4AaABAg.A4IZyebK3YvAJM6jLY54B-,@khaniyamanishd7581,You are right 👍🏾,0,1751587200,True
xhGwYrE0ezc,PM Modi Resignation: PM Modi ने दिया इस्तीफा | Lok Sabha Election Result 2024 | Oath Ceremony,UgytKZRS494nLl4dLel4AaABAg.A4IZyebK3YvAMo4k8O8DTh,@SunilSunil-h9s8c,Bhai pm ne tera kya bigada,0,1759536000,True
xhGwYrE0ezc,PM Modi Resignation: PM Modi ने दिया इस्तीफा | Lok Sabha Election Result 2024 | Oath Ceremony,UgytKZRS494nLl4dLel4AaABAg.A4IZyebK3YvA4IalJEwVS_,@ABGURUKUL,Jo ram ka nahi wo kisi kaam ka nahi aap logo ne jaati ke nam pe vote deke dhram ke saath gaddari ki he par ant me dhram hi jeetega jai shri ram 🙏🚩🚩🚩,25,1746316800,True
xhGwYrE0ezc,PM Modi Resignation: PM Modi ने दिया इस्तीफा | Lok Sabha Election Result 2024 | Oath Ceremony,UgytKZRS494nLl4dLel4AaABAg.A4IZyebK3YvA4IvB4E6ijx,@Mariyam-qo2di,​ @ABGURUKUL abe ram ke kehne par hi chal le unhone kab kaha ki nafrat failao unki jindgi padh aur unke tarsh chalne ki koshish kar,1,1746316800,True
xhGwYrE0ezc,PM Modi Resignation: PM Modi ने दिया इस्तीफा | Lok Sabha Election Result 2024 | Oath Ceremony,UgytKZRS494nLl4dLel4AaABAg.A4IZyebK3YvA4IapmTrK7A,@tajammulhaque2303,Wo darling bahut funny ho aap,2,1746316800,True
xhGwYrE0ezc,PM Modi Resignation: PM Modi ने दिया इस्तीफा | Lok Sabha Election Result 2024 | Oath Ceremony,UgyGEr5ay-pDTnwaiwp4AaABAg,@affangamingz2681,Kash haquiqat ha jaye,0,1746316800,False
xhGwYrE0ezc,PM Modi Resignation: PM Modi ने दिया इस्तीफा | Lok Sabha Election Result 2024 | Oath Ceremony,UgzyW5VuiEElCPv751p4AaABAg,@GovindlalYadav-yt3he,Kaha diyà.,0,1759536000,False
xhGwYrE0ezc,PM Modi Resignation: PM Modi ने दिया इस्तीफा | Lok Sabha Election Result 2024 | Oath Ceremony,Ugz_BTuG6tdy5DvZ1AV4AaABAg,@TereNaam-u3u,Ok,0,1746316800,False
xhGwYrE0ezc,PM Modi Resignation: PM Modi ने दिया इस्तीफा | Lok Sabha Election Result 2024 | Oath Ceremony,UgwAWo9Fe86pYvrw9ch4AaABAg,@ArvindVishwakarma-ij4fm,Bahut badhiya,0,1777816800,False
xhGwYrE0ezc,PM Modi Resignation: PM Modi ने दिया इस्तीफा | Lok Sabha Election Result 2024 | Oath Ceremony,UgywP7IOxSF1QgAoFuZ4AaABAg,@dayaparkashpanchal7468,Very good 👍,1,1764806400,False
xhGwYrE0ezc,PM Modi Resignation: PM Modi ने दिया इस्तीफा | Lok Sabha Election Result 2024 | Oath Ceremony,Ugzgv98lgZLhYQ7P3mR4AaABAg,@MahinderSingh-gw1fh,Good 👍👍,1,1751587200,False
xhGwYrE0ezc,PM Modi Resignation: PM Modi ने दिया इस्तीफा | Lok Sabha Election Result 2024 | Oath Ceremony,UgzaKebmwi1w2lhsGzN4AaABAg,@MdMoin-vy8xr,Very good,0,1746316800,False
xhGwYrE0ezc,PM Modi Resignation: PM Modi ने दिया इस्तीफा | Lok Sabha Election Result 2024 | Oath Ceremony,UgyfiT7vtAOqP53HyJZ4AaABAg,@walcam-g8s,❤❤❤❤❤❤❤❤,0,1759536000,False
xhGwYrE0ezc,PM Modi Resignation: PM Modi ने दिया इस्तीफा | Lok Sabha Election Result 2024 | Oath Ceremony,UgzyiQquhXGNYQ9wl5V4AaABAg,@mariephilip3950,Good,0,1746316800,False
xhGwYrE0ezc,PM Modi Resignation: PM Modi ने दिया इस्तीफा | Lok Sabha Election Result 2024 | Oath Ceremony,Ugy1pIdeEYU3D8kxMuZ4AaABAg,@shahidwarsi325,😊,0,1756944000,False
xhGwYrE0ezc,PM Modi Resignation: PM Modi ने दिया इस्तीफा | Lok Sabha Election Result 2024 | Oath Ceremony,UgzHDsg3Rz9PCfl8DWV4AaABAg,@farookahmed6841,Sahi kiya,0,1748995200,False
xhGwYrE0ezc,PM Modi Resignation: PM Modi ने दिया इस्तीफा | Lok Sabha Election Result 2024 | Oath Ceremony,Ugz37qzutbSY4pSBQ5x4AaABAg,@DharmendraYadav-r5t,Ok,0,1748995200,False
xhGwYrE0ezc,PM Modi Resignation: PM Modi ने दिया इस्तीफा | Lok Sabha Election Result 2024 | Oath Ceremony,UgxvXThoX-TGimm4M4F4AaABAg,@priyankathakur6857,😢,0,1746316800,False
xhGwYrE0ezc,PM Modi Resignation: PM Modi ने दिया इस्तीफा | Lok Sabha Election Result 2024 | Oath Ceremony,Ugwcd-yG69VJTLiliHJ4AaABAg,@rohankumarthakur1900,Bohat acha huaa,0,1748995200,False
xhGwYrE0ezc,PM Modi Resignation: PM Modi ने दिया इस्तीफा | Lok Sabha Election Result 2024 | Oath Ceremony,UgxFPY8qIrnypPnDPhZ4AaABAg,@AfsarAlam78650,❤❤❤❤❤❤❤,0,1767484800,False
xhGwYrE0ezc,PM Modi Resignation: PM Modi ने दिया इस्तीफा | Lok Sabha Election Result 2024 | Oath Ceremony,UgxkcQ_3H_XBe3jF8Hd4AaABAg,@imamhussain1759,Very good,0,1748995200,False
xhGwYrE0ezc,PM Modi Resignation: PM Modi ने दिया इस्तीफा | Lok Sabha Election Result 2024 | Oath Ceremony,UgwET7ahcnTFea8mYi54AaABAg,@lavkushrajak6772,Good,0,1746316800,False
xhGwYrE0ezc,PM Modi Resignation: PM Modi ने दिया इस्तीफा | Lok Sabha Election Result 2024 | Oath Ceremony,UgzO9PcVZxG47xVM58V4AaABAg,@AshokKulkarni-s1o,😊,0,1777075200,False
xhGwYrE0ezc,PM Modi Resignation: PM Modi ने दिया इस्तीफा | Lok Sabha Election Result 2024 | Oath Ceremony,Ugxl4HctuUtW9wXFcy94AaABAg,@bhagyabarathod8774,😢😢😢,0,1746316800,False
xhGwYrE0ezc,PM Modi Resignation: PM Modi ने दिया इस्तीफा | Lok Sabha Election Result 2024 | Oath Ceremony,UgyTjBKn52Eb8JJtQQ94AaABAg,@SanjayvalviValvi-b5p,Very good,0,1756944000,False
xhGwYrE0ezc,PM Modi Resignation: PM Modi ने दिया इस्तीफा | Lok Sabha Election Result 2024 | Oath Ceremony,UgyHw3-Hx4eMBQ_aQLh4AaABAg,@SazidHussain-pz3kh,Good,0,1746316800,False
xhGwYrE0ezc,PM Modi Resignation: PM Modi ने दिया इस्तीफा | Lok Sabha Election Result 2024 | Oath Ceremony,UgyLvqbNs971qC2hfMh4AaABAg,@ArunSingh-pf6wq,Very good,0,1759536000,False
xhGwYrE0ezc,PM Modi Resignation: PM Modi ने दिया इस्तीफा | Lok Sabha Election Result 2024 | Oath Ceremony,UgyMTD4sr7vN-Yu__dl4AaABAg,@Shreenath-bu5dz,Good,0,1762214400,False
xhGwYrE0ezc,PM Modi Resignation: PM Modi ने दिया इस्तीफा | Lok Sabha Election Result 2024 | Oath Ceremony,UgyhLDlG2FEHLtKc6ZR4AaABAg,@NehaKumari-l3z,Very good,0,1759536000,False
xhGwYrE0ezc,PM Modi Resignation: PM Modi ने दिया इस्तीफा | Lok Sabha Election Result 2024 | Oath Ceremony,UgyENznK0MEiaY2hTFt4AaABAg,@PhoolSingh-k7q,Modi ji jundabad s,0,1767484800,False
xhGwYrE0ezc,PM Modi Resignation: PM Modi ने दिया इस्तीफा | Lok Sabha Election Result 2024 | Oath Ceremony,Ugwj6kY5Ij81ZU1_mDd4AaABAg,@kailashlala6537,AB SHUBH ACCHE DIN AAYEGA,0,1746316800,False
xhGwYrE0ezc,PM Modi Resignation: PM Modi ने दिया इस्तीफा | Lok Sabha Election Result 2024 | Oath Ceremony,UgwsrG3Ec_oAlgdybvt4AaABAg,@geetaarora441,😮😎🥺,0,1746316800,False
xhGwYrE0ezc,PM Modi Resignation: PM Modi ने दिया इस्तीफा | Lok Sabha Election Result 2024 | Oath Ceremony,Ugw-al3kK1FscIZ8V7d4AaABAg,@GaneshBramhankar-t6u,", एक दिन  में",0,1759536000,False
xhGwYrE0ezc,PM Modi Resignation: PM Modi ने दिया इस्तीफा | Lok Sabha Election Result 2024 | Oath Ceremony,UgyXjoRsIONu4d3N6nR4AaABAg,@NaziyaKhan-rk9yi,Jaldi dene lagao Modi ji,0,1746316800,False
xhGwYrE0ezc,PM Modi Resignation: PM Modi ने दिया इस्तीफा | Lok Sabha Election Result 2024 | Oath Ceremony,UgwJpab9REA5nGXiZqh4AaABAg,@priyankamishra11114,😢,0,1754265600,False
xhGwYrE0ezc,PM Modi Resignation: PM Modi ने दिया इस्तीफा | Lok Sabha Election Result 2024 | Oath Ceremony,UgzItUoLheZuq937eAp4AaABAg,@RoshanKumar-ot9iv,Latest news batane ki koshish karo,0,1746316800,False
xhGwYrE0ezc,PM Modi Resignation: PM Modi ने दिया इस्तीफा | Lok Sabha Election Result 2024 | Oath Ceremony,UgyfeqCza6jjNHE-A2F4AaABAg,@SureshNayak-lu3ch,Jo bhi svidhan se khelna chahega usaka yehi harsh hoga,0,1746316800,False
xhGwYrE0ezc,PM Modi Resignation: PM Modi ने दिया इस्तीफा | Lok Sabha Election Result 2024 | Oath Ceremony,UgwRdsp3ZRKqYcEq9BF4AaABAg,@KuldeepSingh-ni9dw,"Very, good, 👍 i, like,👍",11,1746316800,False
xhGwYrE0ezc,PM Modi Resignation: PM Modi ने दिया इस्तीफा | Lok Sabha Election Result 2024 | Oath Ceremony,UgwRdsp3ZRKqYcEq9BF4AaABAg.A8gMc-MCnWdA9IZg7nwYFY,@susantanayak9728,Thoda samajhdar ho.... Kya hey  yea...,0,1746316800,True
xhGwYrE0ezc,PM Modi Resignation: PM Modi ने दिया इस्तीफा | Lok Sabha Election Result 2024 | Oath Ceremony,UgyWXEqO8R7ykLDd_gJ4AaABAg,@aratimeshram2623,A kam bahut pahele hona chahiye tha,0,1754265600,False
xhGwYrE0ezc,PM Modi Resignation: PM Modi ने दिया इस्तीफा | Lok Sabha Election Result 2024 | Oath Ceremony,UgxnDb3CJvDVCXiKrwZ4AaABAg,@shivaniavasare1994,Rashtra pathi ki chunav me part lene ke liye estipha dena padata hei,0,1759536000,False
xhGwYrE0ezc,PM Modi Resignation: PM Modi ने दिया इस्तीफा | Lok Sabha Election Result 2024 | Oath Ceremony,Ugxq1-VvbSkj7EmCOpd4AaABAg,@RAJESHkr-p2j,अब मिलेगा 50 पेट्रोल और 250 गैस सिलेंडर जल्दी है और नही मिला तो 😡,75,1746316800,False
xhGwYrE0ezc,PM Modi Resignation: PM Modi ने दिया इस्तीफा | Lok Sabha Election Result 2024 | Oath Ceremony,Ugxq1-VvbSkj7EmCOpd4AaABAg.A4IjO5ybVuqA4IwZKM8sa4,@singhsaab-cg8id,😂😂😂😂,1,1746316800,True
xhGwYrE0ezc,PM Modi Resignation: PM Modi ने दिया इस्तीफा | Lok Sabha Election Result 2024 | Oath Ceremony,Ugxq1-VvbSkj7EmCOpd4AaABAg.A4IjO5ybVuqA4IqItqSxwg,@rakeshkamble822,Jab atal Bihari Vajpayee ji ki sarkar thi tak 32 rs petrol tha aur jab congress thi tab 50 rs to fir congress ne bhi to mahenga Kiya hai petrol congress se q nhi bole 32 rs petrol do,18,1746316800,True
xhGwYrE0ezc,PM Modi Resignation: PM Modi ने दिया इस्तीफा | Lok Sabha Election Result 2024 | Oath Ceremony,Ugxq1-VvbSkj7EmCOpd4AaABAg.A4IjO5ybVuqA4J-xPjx731,@sanu838,😂😂😂,0,1746316800,True
xhGwYrE0ezc,PM Modi Resignation: PM Modi ने दिया इस्तीफा | Lok Sabha Election Result 2024 | Oath Ceremony,Ugxq1-VvbSkj7EmCOpd4AaABAg.A4IjO5ybVuqA97z67cqwAm,@rakeshtiwari6135,"कुछ सस्ता न करे , सिर्फ गरीबों का पैसा वापस कर लैते तो , अच्छा बहुमत हासिल करते,पर‌ नही, कितने ऐजेंट ने आत्महत्या कर ली,पर कोई फर्क नहीं पड़ता है",0,1746316800,True
xhGwYrE0ezc,PM Modi Resignation: PM Modi ने दिया इस्तीफा | Lok Sabha Election Result 2024 | Oath Ceremony,Ugxq1-VvbSkj7EmCOpd4AaABAg.A4IjO5ybVuqAH8Wtx4IdJr,@vipu_Shorts_Status,50 ka petrol 250 ges cileandar vo to aap bhul jaye koy bhi party aye gi to jeb bharegi,0,1746316800,True
xhGwYrE0ezc,PM Modi Resignation: PM Modi ने दिया इस्तीफा | Lok Sabha Election Result 2024 | Oath Ceremony,Ugwij4piUQPdtwI1DHN4AaABAg,@ashoksoni5908,कुछ भी कभी का कहां 😅,0,1777766400,False
xhGwYrE0ezc,PM Modi Resignation: PM Modi ने दिया इस्तीफा | Lok Sabha Election Result 2024 | Oath Ceremony,UgwidCQxbaAoFSDKjFl4AaABAg,@ArponChakraborty-jk8hq,😢😢😢😢😢😢😢😢,0,1746316800,False
xhGwYrE0ezc,PM Modi Resignation: PM Modi ने दिया इस्तीफा | Lok Sabha Election Result 2024 | Oath Ceremony,UgwbZ9YDcX03vquuCBJ4AaABAg,@gulhasankhan6860,बहुत खुशी की बात हुई है🎉🎉🎉,51,1746316800,False
xhGwYrE0ezc,PM Modi Resignation: PM Modi ने दिया इस्तीफा | Lok Sabha Election Result 2024 | Oath Ceremony,UgwbZ9YDcX03vquuCBJ4AaABAg.AAfI53x4bZqAH83lUEDEZV,@SunilKushwaha-q6u,😂😊 it,0,1746316800,True
xhGwYrE0ezc,PM Modi Resignation: PM Modi ने दिया इस्तीफा | Lok Sabha Election Result 2024 | Oath Ceremony,UgwbZ9YDcX03vquuCBJ4AaABAg.AAfI53x4bZqAI3l7pCr7Nt,@MeghnathBara,Very nice 👍 👍 👍,0,1748995200,True
xhGwYrE0ezc,PM Modi Resignation: PM Modi ने दिया इस्तीफा | Lok Sabha Election Result 2024 | Oath Ceremony,UgwbZ9YDcX03vquuCBJ4AaABAg.AAfI53x4bZqAIFxGR41Pyw,@sudhapillai1128,Swapna dekho,0,1748995200,True
xhGwYrE0ezc,PM Modi Resignation: PM Modi ने दिया इस्तीफा | Lok Sabha Election Result 2024 | Oath Ceremony,UgxDFYI95gDH6SaxSGh4AaABAg,@ManojRana-st8mb,😢😢😢😢,0,1746316800,False
xhGwYrE0ezc,PM Modi Resignation: PM Modi ने दिया इस्तीफा | Lok Sabha Election Result 2024 | Oath Ceremony,UgyuzSxWfPz-T-0pt4N4AaABAg,@padmajimed439,Agarjhout. Haito. Is. Chanalko. Karway. Hona. Chahie,0,1775260800,False
xhGwYrE0ezc,PM Modi Resignation: PM Modi ने दिया इस्तीफा | Lok Sabha Election Result 2024 | Oath Ceremony,Ugx0zvPHnJ1hRHsE7gR4AaABAg,@Rahulvaishshnav,Yogi PM BANRA HAI 🎉🎉🎉,1,1746316800,False
xhGwYrE0ezc,PM Modi Resignation: PM Modi ने दिया इस्तीफा | Lok Sabha Election Result 2024 | Oath Ceremony,UgxVEGOJB7Cqaz0xPaJ4AaABAg,@pintukumar45678,Istifa real me hai to gst ko samapt kiya jay tabhi garibo ki rahat hogi,0,1762214400,False
xhGwYrE0ezc,PM Modi Resignation: PM Modi ने दिया इस्तीफा | Lok Sabha Election Result 2024 | Oath Ceremony,Ugyu3ucyDCdOBk231id4AaABAg,@asifkhan-nm7ey,Abb desh azad huwa,0,1746316800,False
xhGwYrE0ezc,PM Modi Resignation: PM Modi ने दिया इस्तीफा | Lok Sabha Election Result 2024 | Oath Ceremony,UgzCbVEWwwGDA49oAxF4AaABAg,@hemantupadhyay8549,"🙏🙏🙏 मोदी जी आपके रहते हुए अच्छे दिन की जो उम्मीद थी वो तो नहीं आये लेकिन जो पहले दिन थे उससे bhi बदत्तर दिन आ गए,, आपका धन्यवाद जो आपने इस्तीफा दिया,, देश पर यही एहसान होगा",0,1776729600,False
xhGwYrE0ezc,PM Modi Resignation: PM Modi ने दिया इस्तीफा | Lok Sabha Election Result 2024 | Oath Ceremony,UgxjsJXnZHMeOSeip7R4AaABAg,@ManojLalwani-p3l,Sach modi gya,0,1762214400,False
xhGwYrE0ezc,PM Modi Resignation: PM Modi ने दिया इस्तीफा | Lok Sabha Election Result 2024 | Oath Ceremony,Ugwe_83OyEYpQfbdWyR4AaABAg,@azizbaig4036,1 साल पहलेकी खबर है,0,1775260800,False
xhGwYrE0ezc,PM Modi Resignation: PM Modi ने दिया इस्तीफा | Lok Sabha Election Result 2024 | Oath Ceremony,Ugw6r9_OZfrs8gkshy94AaABAg,@vikashkumargiri1264,अग्नि वीर लोग की बदुआ लगी है इनको❤❤❤❤❤❤,15,1746316800,False
xhGwYrE0ezc,PM Modi Resignation: PM Modi ने दिया इस्तीफा | Lok Sabha Election Result 2024 | Oath Ceremony,UgxVwhcPHMqdjcADzpB4AaABAg,@islamicstatus2695,sb bik gya,0,1746316800,False
xhGwYrE0ezc,PM Modi Resignation: PM Modi ने दिया इस्तीफा | Lok Sabha Election Result 2024 | Oath Ceremony,Ugxl_ObzWHvhTpIOVel4AaABAg,@pinkypal-t2v,Mujhe modi ji se koi milva di help me,0,1746316800,False
xhGwYrE0ezc,PM Modi Resignation: PM Modi ने दिया इस्तीफा | Lok Sabha Election Result 2024 | Oath Ceremony,UgyAL3nHyJ0Llx-wBuF4AaABAg,@jafarraza3604,Bahut Khushi Ki baat Hai,7,1746316800,False
xhGwYrE0ezc,PM Modi Resignation: PM Modi ने दिया इस्तीफा | Lok Sabha Election Result 2024 | Oath Ceremony,Ugz1OCYVNabjgrcbBwl4AaABAg,@BTSMembersShorts667,Sach h ya jhoot mujhe yakeen ni ho rah h koi bato na plz,0,1754265600,False
xhGwYrE0ezc,PM Modi Resignation: PM Modi ने दिया इस्तीफा | Lok Sabha Election Result 2024 | Oath Ceremony,Ugwjr3qpxpDlfrlOgvx4AaABAg,@devanandbhalerao1272,आनंदा चि बातमि,0,1777161600,False
xhGwYrE0ezc,PM Modi Resignation: PM Modi ने दिया इस्तीफा | Lok Sabha Election Result 2024 | Oath Ceremony,Ugw7bJsOJXfONQdJBoF4AaABAg,@adilsk2267,Ek sal pahele ki news dikhate ho,0,1759536000,False
xhGwYrE0ezc,PM Modi Resignation: PM Modi ने दिया इस्तीफा | Lok Sabha Election Result 2024 | Oath Ceremony,UgyThCt9nbmRHoNzhht4AaABAg,@DixitNishad,Modi hai to desh surakshit hai nahi to Muslim desh ban jata😭😭😭😭😭,0,1746316800,False
xhGwYrE0ezc,PM Modi Resignation: PM Modi ने दिया इस्तीफा | Lok Sabha Election Result 2024 | Oath Ceremony,Ugz58aUUxUTqlxtlgAl4AaABAg,@killerboy07x,Zulm ke hukumat na kese ke Rahi hai na kese ke rahegi inshallah,1,1746316800,False
xhGwYrE0ezc,PM Modi Resignation: PM Modi ने दिया इस्तीफा | Lok Sabha Election Result 2024 | Oath Ceremony,Ugz985rH74Qr3MXZWr94AaABAg,@rupalichougule7959,Camliya he,0,1746316800,False
xhGwYrE0ezc,PM Modi Resignation: PM Modi ने दिया इस्तीफा | Lok Sabha Election Result 2024 | Oath Ceremony,UgxZ9gj1FKS4GjdYerV4AaABAg,@ABDEVILLIARSGAMING,Ab bolo modi sarkar,0,1746316800,False
xhGwYrE0ezc,PM Modi Resignation: PM Modi ने दिया इस्तीफा | Lok Sabha Election Result 2024 | Oath Ceremony,UgyBWQYDr4ASw561jGV4AaABAg,@ShamshersinghVirakt,Samjh se baher ha khaber jhuthi ha ya sachi ha,0,1746316800,False
xhGwYrE0ezc,PM Modi Resignation: PM Modi ने दिया इस्तीफा | Lok Sabha Election Result 2024 | Oath Ceremony,UgzbrZK_xxZVQFHWQAZ4AaABAg,@sajidshaikh3370,Sab se achcha kaam kiya😂,0,1746316800,False
xhGwYrE0ezc,PM Modi Resignation: PM Modi ने दिया इस्तीफा | Lok Sabha Election Result 2024 | Oath Ceremony,Ugze_z_SadE2wGq7VZB4AaABAg,@gangeshwarprasaddwivedi260,Hasal humanyua k sar lekin khoi khay ke,0,1746316800,False
xhGwYrE0ezc,PM Modi Resignation: PM Modi ने दिया इस्तीफा | Lok Sabha Election Result 2024 | Oath Ceremony,UgypMjA1bLp0jdkSB494AaABAg,@LaxmanSingh-k8k2q,Eas khabar ko bar bar dekhanea ka kiya matlab ha ab tou 2025 aanea wala ha mujea tou lagata ha ki kalyug nea sab kea demag mea apna duaa jama kar deta ha,0,1746316800,False
xhGwYrE0ezc,PM Modi Resignation: PM Modi ने दिया इस्तीफा | Lok Sabha Election Result 2024 | Oath Ceremony,Ugwej5OUMvrSiEZjGFF4AaABAg,@Wasimshaikh-qi2zl,Kisan ke sath panga mahanga Pada,0,1746316800,False
xhGwYrE0ezc,PM Modi Resignation: PM Modi ने दिया इस्तीफा | Lok Sabha Election Result 2024 | Oath Ceremony,UgygHiNULQqaKgGuCRp4AaABAg,@MinuSingh-f1w,Bhai neet exam scam pr kb tmlog bat kroge,2,1746316800,False
xhGwYrE0ezc,PM Modi Resignation: PM Modi ने दिया इस्तीफा | Lok Sabha Election Result 2024 | Oath Ceremony,UgygHiNULQqaKgGuCRp4AaABAg.A4IeSNsZSXtA4J8qioncdE,@khushigupta8321,Koii nii bolega yr ...abhi casre religion ka baat hota tb na Bolte 😏,0,1746316800,True
xhGwYrE0ezc,PM Modi Resignation: PM Modi ने दिया इस्तीफा | Lok Sabha Election Result 2024 | Oath Ceremony,Ugyx9H1ZqLeoA5_a7GR4AaABAg,@lawyerbasha1660,kindly dont fool the people,0,1746316800,False
xhGwYrE0ezc,PM Modi Resignation: PM Modi ने दिया इस्तीफा | Lok Sabha Election Result 2024 | Oath Ceremony,UgxogMrYHKGjuTB7Z0F4AaABAg,@AnitaUrang-fd7sh,Jai Congress,0,1746316800,False
xhGwYrE0ezc,PM Modi Resignation: PM Modi ने दिया इस्तीफा | Lok Sabha Election Result 2024 | Oath Ceremony,UgxDQP_fEhbT-dd3bbd4AaABAg,@SantoshKubal-g1f,Best of luck Modi,0,1772582400,False
xhGwYrE0ezc,PM Modi Resignation: PM Modi ने दिया इस्तीफा | Lok Sabha Election Result 2024 | Oath Ceremony,Ugz-T02oy7ei1FkBz_F4AaABAg,@SATISHTIWARI-q3t,Ye purani khaber hai,0,1746316800,False
xhGwYrE0ezc,PM Modi Resignation: PM Modi ने दिया इस्तीफा | Lok Sabha Election Result 2024 | Oath Ceremony,Ugw7SPxjQq4tOCF5WGF4AaABAg,@SundarAlimalik,Next pm dhruv rathee ❤,0,1746316800,False
xhGwYrE0ezc,PM Modi Resignation: PM Modi ने दिया इस्तीफा | Lok Sabha Election Result 2024 | Oath Ceremony,UgzvF75sbFqoxyQx2iJ4AaABAg,@jeeshansiddiqui8586,Jhola chek kar lenaa jaane se pahle,0,1746316800,False
xhGwYrE0ezc,PM Modi Resignation: PM Modi ने दिया इस्तीफा | Lok Sabha Election Result 2024 | Oath Ceremony,Ugz9n-bb2-GXuiCTjad4AaABAg,@dixit-w7e,🎉🎉🎉🎉🎉?,0,1759536000,False
xhGwYrE0ezc,PM Modi Resignation: PM Modi ने दिया इस्तीफा | Lok Sabha Election Result 2024 | Oath Ceremony,UgzWm_Uoku7iudmhTTR4AaABAg,@ramjiyavanpatel3351,Lalu ji sahi bole the,0,1746316800,False
xhGwYrE0ezc,PM Modi Resignation: PM Modi ने दिया इस्तीफा | Lok Sabha Election Result 2024 | Oath Ceremony,Ugzd5bg3bcf1ZHPVQKZ4AaABAg,@jawedhusainhusain4574,ये भी जुमला ही होगा,0,1751587200,False
xhGwYrE0ezc,PM Modi Resignation: PM Modi ने दिया इस्तीफा | Lok Sabha Election Result 2024 | Oath Ceremony,UgxJ-Tp6AQVjoMdp9tp4AaABAg,@MonikaDayal-l6g,Modi ji plzz dobara mt aana😢😢,0,1762214400,False
xhGwYrE0ezc,PM Modi Resignation: PM Modi ने दिया इस्तीफा | Lok Sabha Election Result 2024 | Oath Ceremony,UgzHnLrwm6DxD2AuRjd4AaABAg,@laprozet3158,😭😭😭😭😭😭😭😭,0,1746316800,False
xhGwYrE0ezc,PM Modi Resignation: PM Modi ने दिया इस्तीफा | Lok Sabha Election Result 2024 | Oath Ceremony,UgyNzr52IzTXSX310_R4AaABAg,@SameerKhtree-l1p,खाओ मा कसम,0,1775260800,False
xhGwYrE0ezc,PM Modi Resignation: PM Modi ने दिया इस्तीफा | Lok Sabha Election Result 2024 | Oath Ceremony,Ugz8nxmH-ngVJB5r3CZ4AaABAg,@Abhiraj-uu7zx,Galat news kyon failate Ho bhai,0,1759536000,False
xhGwYrE0ezc,PM Modi Resignation: PM Modi ने दिया इस्तीफा | Lok Sabha Election Result 2024 | Oath Ceremony,Ugwh6BemYpKBd6ed0ep4AaABAg,@badurbhairathod3459,ખુશીકિબાતહે,0,1756944000,False
xhGwYrE0ezc,PM Modi Resignation: PM Modi ने दिया इस्तीफा | Lok Sabha Election Result 2024 | Oath Ceremony,Ugx4B_w5RTJ5a7meeW94AaABAg,@AbdeshSignh,Ab kalki avitar ka raj hoga desh ke sab sarkari karam chari par lagam kasega,0,1746316800,False
xhGwYrE0ezc,PM Modi Resignation: PM Modi ने दिया इस्तीफा | Lok Sabha Election Result 2024 | Oath Ceremony,Ugx6zpWiRYDgT03XO5d4AaABAg,@HarunRajjaq,Very good 😂,0,1746316800,False
xhGwYrE0ezc,PM Modi Resignation: PM Modi ने दिया इस्तीफा | Lok Sabha Election Result 2024 | Oath Ceremony,UgxRmuKIoN8UnKxYU694AaABAg,@EdwardDSouza-e4c,Modiji should retire and make way for others within the party.  2 terms enough for him afterall he did not get majority on his own.  He wants to create history for himself.,0,1746316800,False
xhGwYrE0ezc,PM Modi Resignation: PM Modi ने दिया इस्तीफा | Lok Sabha Election Result 2024 | Oath Ceremony,UgzKfr4G-F-Rs7it4Fd4AaABAg,@harendrayadav3085,Humko Ahir regiment chahie,0,1754265600,False
xhGwYrE0ezc,PM Modi Resignation: PM Modi ने दिया इस्तीफा | Lok Sabha Election Result 2024 | Oath Ceremony,UgwBceSPpnaBwVa3fNt4AaABAg,@Rahim-o8v,Hi sir modi ji is very popular leader.,0,1746316800,False
xhGwYrE0ezc,PM Modi Resignation: PM Modi ने दिया इस्तीफा | Lok Sabha Election Result 2024 | Oath Ceremony,Ugwnda-cSK0jm0aTsxp4AaABAg,@funbbbbb,हहह,0,1746316800,False
xhGwYrE0ezc,PM Modi Resignation: PM Modi ने दिया इस्तीफा | Lok Sabha Election Result 2024 | Oath Ceremony,UgzsYH3nGi472JtW9Jx4AaABAg,@mathandsciencedeewana,Are Bhai saphat lene se pahle estipha Diya jata hai jise modi ji ne diye hai ab ak ya do din me pradhan mantari pad ke liye phir se sapat lenge,0,1746316800,False
xhGwYrE0ezc,PM Modi Resignation: PM Modi ने दिया इस्तीफा | Lok Sabha Election Result 2024 | Oath Ceremony,UgzpVi5eRUvdSzwSS8Z4AaABAg,@RajniSingh-q2y,Modi ji Rastrpati bnenge,0,1746316800,False
xhGwYrE0ezc,PM Modi Resignation: PM Modi ने दिया इस्तीफा | Lok Sabha Election Result 2024 | Oath Ceremony,UgxOCOOLeJmCaXGoZYd4AaABAg,@ManjuMarandi-d1e,Damodar Modi ka orijnal gotra kiya hai,0,1767484800,False
xhGwYrE0ezc,PM Modi Resignation: PM Modi ने दिया इस्तीफा | Lok Sabha Election Result 2024 | Oath Ceremony,UgwG1z7a8za51PmGmE14AaABAg,@AbubakarBadruddinShaikh,I do not BELEAVE it. Do not fool public.,0,1751587200,False
xhGwYrE0ezc,PM Modi Resignation: PM Modi ने दिया इस्तीफा | Lok Sabha Election Result 2024 | Oath Ceremony,UgwVBNEfLdv_SEyVxvt4AaABAg,@skidrisali5548,Kissan our jawan ka sat panga mahinga pada😂,0,1746316800,False
xhGwYrE0ezc,PM Modi Resignation: PM Modi ने दिया इस्तीफा | Lok Sabha Election Result 2024 | Oath Ceremony,Ugw0dJEofGz8Bf2M59V4AaABAg,@sureshjajodia2833,झूठ😮 खबर है a 1साल पुराने vidio है।,0,1759536000,False
xhGwYrE0ezc,PM Modi Resignation: PM Modi ने दिया इस्तीफा | Lok Sabha Election Result 2024 | Oath Ceremony,Ugyyy6_StOvp1ReNQih4AaABAg,@YogeshGaikwad-gd2ge,Acha huaa kya suraj paschim se uga hie,0,1746316800,False
xhGwYrE0ezc,PM Modi Resignation: PM Modi ने दिया इस्तीफा | Lok Sabha Election Result 2024 | Oath Ceremony,Ugy-MlZU3iFu1Re6BOR4AaABAg,@VrinderSingh-y5m,Puraani video hai itna khus mat hon,0,1764806400,False
xhGwYrE0ezc,PM Modi Resignation: PM Modi ने दिया इस्तीफा | Lok Sabha Election Result 2024 | Oath Ceremony,UgzPNP67dyE7LJnJMbZ4AaABAg,@SundarAlimalik,Dhruv rathe jindabad❤,0,1746316800,False
xhGwYrE0ezc,PM Modi Resignation: PM Modi ने दिया इस्तीफा | Lok Sabha Election Result 2024 | Oath Ceremony,UgxM5LIy6kjSnNkTx1t4AaABAg,@champaran8521,Rast pati to already pm isre pe chata h,0,1746316800,False
xhGwYrE0ezc,PM Modi Resignation: PM Modi ने दिया इस्तीफा | Lok Sabha Election Result 2024 | Oath Ceremony,UgwadmvuDvK_gGjEfUB4AaABAg,@hoshiyarsingh1205,"जो हो रहा है, शायद सही ही हो रहा होगा।",0,1746316800,False
xhGwYrE0ezc,PM Modi Resignation: PM Modi ने दिया इस्तीफा | Lok Sabha Election Result 2024 | Oath Ceremony,UgzThJvBf6vCfQQ1FMJ4AaABAg,@karimpopatiya7355,Mode seffaa  da to 2naareyLa todu,0,1746316800,False
xhGwYrE0ezc,PM Modi Resignation: PM Modi ने दिया इस्तीफा | Lok Sabha Election Result 2024 | Oath Ceremony,UgzqYCGzbviZyWA11vJ4AaABAg,@imukhan-j9g,Ab India Rojgar Ban Jayegi pm Rahul Gandhi Rojgar banaa Denge Hindustan mei,1,1746316800,False
xhGwYrE0ezc,PM Modi Resignation: PM Modi ने दिया इस्तीफा | Lok Sabha Election Result 2024 | Oath Ceremony,UgypLC3OwBEAxC68TgF4AaABAg,@RajaBhaiya-ot9cr,Modi..he..to..mumkin..he.....vapis..fir..aayege....modi..he..to..mumkin..he😂😂😂..moj...moj😂😂😂,0,1751587200,False
xhGwYrE0ezc,PM Modi Resignation: PM Modi ने दिया इस्तीफा | Lok Sabha Election Result 2024 | Oath Ceremony,Ugy85PggTRvzILiQXG94AaABAg,@radhakishan806,Jaldi do istifa,0,1746316800,False
xhGwYrE0ezc,PM Modi Resignation: PM Modi ने दिया इस्तीफा | Lok Sabha Election Result 2024 | Oath Ceremony,Ugx9uOr6b9DigOonWvt4AaABAg,@kadam852,गयी पनौती 😊 !मानो या न मानो अच्छे दीन जरूर आयेगें  !,0,1751587200,False
xhGwYrE0ezc,PM Modi Resignation: PM Modi ने दिया इस्तीफा | Lok Sabha Election Result 2024 | Oath Ceremony,UgygeDYXS3cgBWN-4sx4AaABAg,@sudipnath4118,Avi India 🇮🇳 ma sob mor na ka time ⏲️ joldi aya ga just wait kro Tura sobbbbbbbbbb 😢,0,1746316800,False
xhGwYrE0ezc,PM Modi Resignation: PM Modi ने दिया इस्तीफा | Lok Sabha Election Result 2024 | Oath Ceremony,Ugw6KEPY20h5sIvJXM14AaABAg,@ChattruMahapatra,Agara masa ageta ehade chhadabta utuv mane bhi ghatia  karsan modi damko koi senaka bada lok amerika etyafi desko chhupakar kio bataya unkeesare sindur durbalhuaa,0,1748995200,False
xhGwYrE0ezc,PM Modi Resignation: PM Modi ने दिया इस्तीफा | Lok Sabha Election Result 2024 | Oath Ceremony,UgxR0EzKA3MPSa_ptRZ4AaABAg,@VinodKumar-t7v2z,Power of dhruv Rathee,0,1746316800,False
xhGwYrE0ezc,PM Modi Resignation: PM Modi ने दिया इस्तीफा | Lok Sabha Election Result 2024 | Oath Ceremony,UgwzZM_zo4i2puFhKEV4AaABAg,@p.keditz5590,Now the muslim are very happy,0,1746316800,False
xhGwYrE0ezc,PM Modi Resignation: PM Modi ने दिया इस्तीफा | Lok Sabha Election Result 2024 | Oath Ceremony,Ugx_QJr9wb5eWU-KoyB4AaABAg,@sujitkumar559,Apna ijajat bcha liya,0,1759536000,False
xhGwYrE0ezc,PM Modi Resignation: PM Modi ने दिया इस्तीफा | Lok Sabha Election Result 2024 | Oath Ceremony,UgwRuHlZwekLH7V2bSd4AaABAg,@ManjuMarandi-d1e,Damodar Modi India sarkari ka orijnal boold 🆔💊 ko nukiri diya,0,1756944000,False
xhGwYrE0ezc,PM Modi Resignation: PM Modi ने दिया इस्तीफा | Lok Sabha Election Result 2024 | Oath Ceremony,UgyRrp3yggT04_Yog094AaABAg,@SoniKumari-uv3ou,Respect for modi ji❤❤❤❤❤,5,1746316800,False
xhGwYrE0ezc,PM Modi Resignation: PM Modi ने दिया इस्तीफा | Lok Sabha Election Result 2024 | Oath Ceremony,Ugzbd6P21FHOpeUsdjd4AaABAg,@B_BERRY,😂😂😂😂😂,0,1746316800,False
xhGwYrE0ezc,PM Modi Resignation: PM Modi ने दिया इस्तीफा | Lok Sabha Election Result 2024 | Oath Ceremony,UgxGiAA5aFwDCD5RlPF4AaABAg,@manabdas7280,Dr. Himanta Biswa Sharma should be our prime minister,0,1746316800,False
xhGwYrE0ezc,PM Modi Resignation: PM Modi ने दिया इस्तीफा | Lok Sabha Election Result 2024 | Oath Ceremony,UgyYzt9xPrGXltkSdx54AaABAg,@businessentorpenior5856,"Ooo...yarrrr
.....yessssss.....😂😅😅😅",2,1746316800,False
xhGwYrE0ezc,PM Modi Resignation: PM Modi ने दिया इस्तीफा | Lok Sabha Election Result 2024 | Oath Ceremony,Ugw8aZbw_5xbHYXmTa94AaABAg,@baburathodrathod9941,15 lack kisse lenge,0,1746316800,False
xhGwYrE0ezc,PM Modi Resignation: PM Modi ने दिया इस्तीफा | Lok Sabha Election Result 2024 | Oath Ceremony,UgwajKInp-bE1UI4FK94AaABAg,@RizwanShaikh-jn1is,Modi jindabad,0,1751587200,False
xhGwYrE0ezc,PM Modi Resignation: PM Modi ने दिया इस्तीफा | Lok Sabha Election Result 2024 | Oath Ceremony,UgyIKAb_pMytk1i48pp4AaABAg,@VilasIngle-g9h,वलकर जमा करा,0,1759536000,False
xhGwYrE0ezc,PM Modi Resignation: PM Modi ने दिया इस्तीफा | Lok Sabha Election Result 2024 | Oath Ceremony,UgwZqGYIy1xX6p3JGpd4AaABAg,@Mrinmaydebgupta-c4c,"MODI NE P M. PAD SE  RASTROPOTI KO ISTEFA DIYA 
RASTROPOT NE. SWEEkAR KAR LIYE",2,1746316800,False
xhGwYrE0ezc,PM Modi Resignation: PM Modi ने दिया इस्तीफा | Lok Sabha Election Result 2024 | Oath Ceremony,UgzOoaaOvBzTAWYOES94AaABAg,@Cartoonkiki,Ajad mehsus kar raha hu😂😂😂😂,0,1767484800,False
xhGwYrE0ezc,PM Modi Resignation: PM Modi ने दिया इस्तीफा | Lok Sabha Election Result 2024 | Oath Ceremony,UgzFnX5EQ9qG7O67xrx4AaABAg,@cookwithme12211,We always stand with BJP.modi ji❤,0,1746316800,False
xhGwYrE0ezc,PM Modi Resignation: PM Modi ने दिया इस्तीफा | Lok Sabha Election Result 2024 | Oath Ceremony,UgxNxVStHT4GxBsREjl4AaABAg,@bhjopuriyasong,Yogi jiii ko laye,0,1746316800,False
xhGwYrE0ezc,PM Modi Resignation: PM Modi ने दिया इस्तीफा | Lok Sabha Election Result 2024 | Oath Ceremony,UgxqP7q3IuEC42-0_YJ4AaABAg,@IdreshKhan-w4l,मोदी को बोलो होला उठा ले निकल ले यहांसे चुपचाप,0,1746316800,False
xhGwYrE0ezc,PM Modi Resignation: PM Modi ने दिया इस्तीफा | Lok Sabha Election Result 2024 | Oath Ceremony,UgyyTe7BhDpF2nJ1tFJ4AaABAg,@dattatraybhatkar1935,फासी कब होगी,0,1777420800,False
xhGwYrE0ezc,PM Modi Resignation: PM Modi ने दिया इस्तीफा | Lok Sabha Election Result 2024 | Oath Ceremony,UgxVCME9x55CwfOvk0x4AaABAg,@rakeshtiwari6135,"बहुत अच्छा ,pacl company ka paisa return na करने पर गरीब लोगों की बददुआ लगी है",6,1746316800,False
xhGwYrE0ezc,PM Modi Resignation: PM Modi ने दिया इस्तीफा | Lok Sabha Election Result 2024 | Oath Ceremony,Ugz-XWDGIFwF4x9Fer54AaABAg,@ishwarthapa1778,Modi tata by by,0,1746316800,False
xhGwYrE0ezc,PM Modi Resignation: PM Modi ने दिया इस्तीफा | Lok Sabha Election Result 2024 | Oath Ceremony,UgxdVGEKPHf7GcqVK3h4AaABAg,@sajansinghchouhan.hardwork,Modi ji ager aap stifa denge to ache din aa hi jayega.,0,1759536000,False
xhGwYrE0ezc,PM Modi Resignation: PM Modi ने दिया इस्तीफा | Lok Sabha Election Result 2024 | Oath Ceremony,UgySJwvH8dw2Gxnf1Cp4AaABAg,@shivratansingh1736,Kha se mil gya bahumat hat भाखलोल,0,1746316800,False
xhGwYrE0ezc,PM Modi Resignation: PM Modi ने दिया इस्तीफा | Lok Sabha Election Result 2024 | Oath Ceremony,UgwwapvDUoDFmXzUtDp4AaABAg,@subodhjawalkar1704,Achchha हुवा पनोती गया 😂,0,1759536000,False
xhGwYrE0ezc,PM Modi Resignation: PM Modi ने दिया इस्तीफा | Lok Sabha Election Result 2024 | Oath Ceremony,UgyFGGs-3Q335j_012B4AaABAg,@sampadamane7393,परत मोदी सारखा पंतप्रधान होने नाही😢😢😢😢😢😢😢,37,1746316800,False
xhGwYrE0ezc,PM Modi Resignation: PM Modi ने दिया इस्तीफा | Lok Sabha Election Result 2024 | Oath Ceremony,Ugw2AW0aofj-Y8zz4494AaABAg,@local_gamin,नहीं नहीं ये भी उसकी चल है फिर उसकी पार्टी जीतेगी 😂,0,1759536000,False
xhGwYrE0ezc,PM Modi Resignation: PM Modi ने दिया इस्तीफा | Lok Sabha Election Result 2024 | Oath Ceremony,Ugx1-NnMmtes__ngfvd4AaABAg,@LovelyDinosaurFossils-bi7so,Do HaJar Chbis Ka  News  He,1,1759536000,False
xhGwYrE0ezc,PM Modi Resignation: PM Modi ने दिया इस्तीफा | Lok Sabha Election Result 2024 | Oath Ceremony,UgwsjNE72aDdcJ2bqOR4AaABAg,@HariDas-i8i,Eee ponhan Marella Isthifa paranju paranju daily padikkayano,0,1746316800,False
xhGwYrE0ezc,PM Modi Resignation: PM Modi ने दिया इस्तीफा | Lok Sabha Election Result 2024 | Oath Ceremony,UgzqA5TUTPVZcbCKapN4AaABAg,@abhisheksachdeva5645,Nahi dena chiye istifa agar diya h to yogi ji bne agle pm,0,1759536000,False
xhGwYrE0ezc,PM Modi Resignation: PM Modi ने दिया इस्तीफा | Lok Sabha Election Result 2024 | Oath Ceremony,UgzFm9jVMDKtyuVPlYF4AaABAg,@ManjeetKaur-cz3jd,ਵਧਾਈਆਂ ਵਧਾਈਆ ਸਭ ਕੋ ਵਧਾਈਆ,2,1759536000,False
xhGwYrE0ezc,PM Modi Resignation: PM Modi ने दिया इस्तीफा | Lok Sabha Election Result 2024 | Oath Ceremony,Ugy_dPBYw_T7QbQbdJN4AaABAg,@Abdul_malik_1m,Wha 😂😂,2,1746316800,False
xhGwYrE0ezc,PM Modi Resignation: PM Modi ने दिया इस्तीफा | Lok Sabha Election Result 2024 | Oath Ceremony,UgwD2zvzoUB-0za8M1B4AaABAg,@fannydance2029,Modi ko pm hona chaahiye tha lion 🦁 tha bahut dukh huaa Dil toot Gaya hai,0,1746316800,False
xhGwYrE0ezc,PM Modi Resignation: PM Modi ने दिया इस्तीफा | Lok Sabha Election Result 2024 | Oath Ceremony,Ugy15Xvpnr-DEL5LI6h4AaABAg,@RamkumarMalviya-y9c,कहीं ये फेंक वीडियो तो नहीं,0,1770163200,False
xhGwYrE0ezc,PM Modi Resignation: PM Modi ने दिया इस्तीफा | Lok Sabha Election Result 2024 | Oath Ceremony,UgxA8V0qXrFje9iRxzR4AaABAg,@santoshrawat9203,"Peli bar kuch achcha kaam kiya hai, ab pata nahi ye sach hai, ya ye bhi iski koi chaal ya koi, naya joomla,",0,1746316800,False
xhGwYrE0ezc,PM Modi Resignation: PM Modi ने दिया इस्तीफा | Lok Sabha Election Result 2024 | Oath Ceremony,Ugx-jdIRkdDCZlnspKB4AaABAg,@Chogleriz,Alhamdulillah,1,1746316800,False
xhGwYrE0ezc,PM Modi Resignation: PM Modi ने दिया इस्तीफा | Lok Sabha Election Result 2024 | Oath Ceremony,UgznNkKpL0HopSwla_B4AaABAg,@simmi021,Modi ko hi Banna chahiye,0,1746316800,False
xhGwYrE0ezc,PM Modi Resignation: PM Modi ने दिया इस्तीफा | Lok Sabha Election Result 2024 | Oath Ceremony,UgwKaCIoymnbpgG4RYh4AaABAg,@TenzinBeckham,Dhruv rathee impact on india 😂,0,1746316800,False
xhGwYrE0ezc,PM Modi Resignation: PM Modi ने दिया इस्तीफा | Lok Sabha Election Result 2024 | Oath Ceremony,UgyQD0GsH7viPcIU1094AaABAg,@TTBRAND-h9g,Ab ka bhar modi par,1,1746316800,False
xhGwYrE0ezc,PM Modi Resignation: PM Modi ने दिया इस्तीफा | Lok Sabha Election Result 2024 | Oath Ceremony,UgzmTBAuFbwIQrlbbSJ4AaABAg,@vijendrakumarsingh4450,Bahut sundar BJP bhagao desh bachao,1,1746316800,False
xhGwYrE0ezc,PM Modi Resignation: PM Modi ने दिया इस्तीफा | Lok Sabha Election Result 2024 | Oath Ceremony,UgyA_pPyQnksTM1Yl-x4AaABAg,@AddulJaleel-c4m,Wapas nahi ana,0,1746316800,False
xhGwYrE0ezc,PM Modi Resignation: PM Modi ने दिया इस्तीफा | Lok Sabha Election Result 2024 | Oath Ceremony,Ugx6nJ94gCNUwHmusJd4AaABAg,@MohinderSingh-qh5nl,Sabh jumla 2026,0,1775260800,False
xhGwYrE0ezc,PM Modi Resignation: PM Modi ने दिया इस्तीफा | Lok Sabha Election Result 2024 | Oath Ceremony,Ugwp5cUSTQA0qQ7nVJV4AaABAg,@Nighatjahan-f9s,झूठी खबरें क्यों देते हो,0,1746316800,False
xhGwYrE0ezc,PM Modi Resignation: PM Modi ने दिया इस्तीफा | Lok Sabha Election Result 2024 | Oath Ceremony,Ugw7NGLPU__QZRJsumN4AaABAg,@ShashiBala-z8f,Jy puranavidio hy,0,1770163200,False
xhGwYrE0ezc,PM Modi Resignation: PM Modi ने दिया इस्तीफा | Lok Sabha Election Result 2024 | Oath Ceremony,Ugw8Eyw23WF3yUXSrJ14AaABAg,@alexfernandes1306,All the stolen money???? Where is it?,0,1746316800,False
xhGwYrE0ezc,PM Modi Resignation: PM Modi ने दिया इस्तीफा | Lok Sabha Election Result 2024 | Oath Ceremony,UgwaWPXGsNix6__gFdN4AaABAg,@ManjuMarandi-d1e,G 20 greeting card ♦️♠️ hai maa beta dono ko kiyon nahi mante hai india ke log.,0,1746316800,False
xhGwYrE0ezc,PM Modi Resignation: PM Modi ने दिया इस्तीफा | Lok Sabha Election Result 2024 | Oath Ceremony,UgxkFCy8ptORyoRZ-9h4AaABAg,@NadeemInterior-pv3ug,Ab sari jindagi modi pm nhi bnega,1,1746316800,False
xhGwYrE0ezc,PM Modi Resignation: PM Modi ने दिया इस्तीफा | Lok Sabha Election Result 2024 | Oath Ceremony,UgzYHx9dv7JbzNkX2vJ4AaABAg,@Sandeep..u11R,अबी 25 में किसान सबक़ और सिखाएगा,7,1746316800,False
xhGwYrE0ezc,PM Modi Resignation: PM Modi ने दिया इस्तीफा | Lok Sabha Election Result 2024 | Oath Ceremony,UgwuCY455BasMSXnwyp4AaABAg,@Adityamahto-ih7xc,😢,5,1746316800,False
xhGwYrE0ezc,PM Modi Resignation: PM Modi ने दिया इस्तीफा | Lok Sabha Election Result 2024 | Oath Ceremony,UgyrRs2agcMdu_OFYXp4AaABAg,@gaurishankar501,Old news,0,1759536000,False
xhGwYrE0ezc,PM Modi Resignation: PM Modi ने दिया इस्तीफा | Lok Sabha Election Result 2024 | Oath Ceremony,Ugw9FByJWuon8EBXGY14AaABAg,@SoniKumari-uv3ou,I love you modi ji❤❤❤❤❤,6,1746316800,False
xhGwYrE0ezc,PM Modi Resignation: PM Modi ने दिया इस्तीफा | Lok Sabha Election Result 2024 | Oath Ceremony,UgzR2R6_cXDxz5RZqy94AaABAg,@Salman-nj1ri,😅😅😅😅😅😅😅😅😅😅,0,1746316800,False
xhGwYrE0ezc,PM Modi Resignation: PM Modi ने दिया इस्तीफा | Lok Sabha Election Result 2024 | Oath Ceremony,Ugz4Zh0hT0mHKZAxLph4AaABAg,@Jaimatadi5g,👁️👁️,0,1746316800,False
xhGwYrE0ezc,PM Modi Resignation: PM Modi ने दिया इस्तीफा | Lok Sabha Election Result 2024 | Oath Ceremony,Ugyf7IUUyFzOKD1_l194AaABAg,@abhay9634yadav,आजादी आजादी आजादी जय श्री राम जय श्री कृष्णा,2,1746316800,False
xhGwYrE0ezc,PM Modi Resignation: PM Modi ने दिया इस्तीफा | Lok Sabha Election Result 2024 | Oath Ceremony,Ugx-Mf1VNDhQMDPvFNl4AaABAg,@SundarAlimalik,😅😅😅😅,0,1746316800,False
xhGwYrE0ezc,PM Modi Resignation: PM Modi ने दिया इस्तीफा | Lok Sabha Election Result 2024 | Oath Ceremony,UgwTnb5bAKl8BvXwMS94AaABAg,@terangwangno7506,Purana news ko kyun dikhate rahte ho bakwas hai.,0,1746316800,False
xhGwYrE0ezc,PM Modi Resignation: PM Modi ने दिया इस्तीफा | Lok Sabha Election Result 2024 | Oath Ceremony,UgwFa1IYxckpiuzm2CZ4AaABAg,@bhaihakeemayurvedic,Modi ji ab kbhe pm na bane,0,1746316800,False
xhGwYrE0ezc,PM Modi Resignation: PM Modi ने दिया इस्तीफा | Lok Sabha Election Result 2024 | Oath Ceremony,UgzuOJrI_38Aac4TAzt4AaABAg,@pippyshah3478,આ કઇ ચેનલ છે...????,0,1754265600,False
xhGwYrE0ezc,PM Modi Resignation: PM Modi ने दिया इस्तीफा | Lok Sabha Election Result 2024 | Oath Ceremony,Ugzzs5duzd7yE1Ac2_V4AaABAg,@AkhlakAhmed-d3m,Bangla or gadian.kab.sopenge,0,1762214400,False
xhGwYrE0ezc,PM Modi Resignation: PM Modi ने दिया इस्तीफा | Lok Sabha Election Result 2024 | Oath Ceremony,UgzNtgOQVX0Be9r1bjR4AaABAg,@DarbarNH,Feq vidiyo old vidiyo bandha kar,0,1754265600,False
xhGwYrE0ezc,PM Modi Resignation: PM Modi ने दिया इस्तीफा | Lok Sabha Election Result 2024 | Oath Ceremony,UgwT502S3koo6EEjPdJ4AaABAg,@tokirmalek6733,Dhruv rathi long live,0,1746316800,False
xhGwYrE0ezc,PM Modi Resignation: PM Modi ने दिया इस्तीफा | Lok Sabha Election Result 2024 | Oath Ceremony,UgwzB_GOIEzF4Vcr2G54AaABAg,@maheshbhaipatel4660,गलत समाचार दिखा कर क्या दिखाना चाहते है।,0,1746316800,False
xhGwYrE0ezc,PM Modi Resignation: PM Modi ने दिया इस्तीफा | Lok Sabha Election Result 2024 | Oath Ceremony,UgxwA7gerRM0ZKsVfdR4AaABAg,@TaimoorBashir-x3o,Ye galiya ye chobara yaha aana na dubara modi kabhi bi ab PM bann ne ka sochna 😊,0,1748995200,False
xhGwYrE0ezc,PM Modi Resignation: PM Modi ने दिया इस्तीफा | Lok Sabha Election Result 2024 | Oath Ceremony,UgyKOJo5g40F7Ehrumt4AaABAg,@SunilSingh-rn4wx,ऐसे समाचार मत दिखाओ,0,1746316800,False
xhGwYrE0ezc,PM Modi Resignation: PM Modi ने दिया इस्तीफा | Lok Sabha Election Result 2024 | Oath Ceremony,UgwCjDXQgn6l-OEzmvd4AaABAg,@tahseenilyas6734,Thanku modi jii,15,1746316800,False
xhGwYrE0ezc,PM Modi Resignation: PM Modi ने दिया इस्तीफा | Lok Sabha Election Result 2024 | Oath Ceremony,UgwCjDXQgn6l-OEzmvd4AaABAg.A4I_eq8NImdA4Iav7MaUBT,@tajammulhaque2303,Thank you for what,0,1746316800,True
xhGwYrE0ezc,PM Modi Resignation: PM Modi ने दिया इस्तीफा | Lok Sabha Election Result 2024 | Oath Ceremony,UgwCjDXQgn6l-OEzmvd4AaABAg.A4I_eq8NImdA4JFETQMeSm,@tahseenilyas6734,Modi ji estifa ya resign Dene ki liye thanku,0,1746316800,True
xhGwYrE0ezc,PM Modi Resignation: PM Modi ने दिया इस्तीफा | Lok Sabha Election Result 2024 | Oath Ceremony,UgwtMJYjkOtxHX8GJJ14AaABAg,@nikhilgawai1113,Dhruv rathee is the great man in this fight,0,1746316800,False
xhGwYrE0ezc,PM Modi Resignation: PM Modi ने दिया इस्तीफा | Lok Sabha Election Result 2024 | Oath Ceremony,UgywOX7Udgr_SSpcvgd4AaABAg,@RameshGoyal-c5x,झूठी न्यूज़ शर्म आनी चाहिए,0,1759536000,False
xhGwYrE0ezc,PM Modi Resignation: PM Modi ने दिया इस्तीफा | Lok Sabha Election Result 2024 | Oath Ceremony,UgzxAFgSW25-PhviFCR4AaABAg,@bhartsingh1393,😂😂😂😂😂😂😂,0,1746316800,False
xhGwYrE0ezc,PM Modi Resignation: PM Modi ने दिया इस्तीफा | Lok Sabha Election Result 2024 | Oath Ceremony,Ugyuwoguv7zXAVCBznN4AaABAg,@mohammedsaleem7891,Ye be sharm ko itni sharm kaise agyi iski gairat kyu jaag gyi h,0,1748995200,False
xhGwYrE0ezc,PM Modi Resignation: PM Modi ने दिया इस्तीफा | Lok Sabha Election Result 2024 | Oath Ceremony,UgxYet3P8G2ck85z5S94AaABAg,@R_P_Sah,Jab janta sarkar se woob Jaye to sarkar satta chhor de eesse koye Fark nhi perta hai Janta khud kmana khana janti Hain diye gye tukro ki perwah nhi kerte Hain  Ye sab sansad wall ka khel hai sasta mein khate aur nawtank drama kerte hain,0,1759536000,False
xhGwYrE0ezc,PM Modi Resignation: PM Modi ने दिया इस्तीफा | Lok Sabha Election Result 2024 | Oath Ceremony,Ugyqq8nqpk8lZwlG3VF4AaABAg,@Sumananalysis,इस्तीफा देगा तब न तीसरा टर्म का शपत लेंगे,38,1746316800,False
xhGwYrE0ezc,PM Modi Resignation: PM Modi ने दिया इस्तीफा | Lok Sabha Election Result 2024 | Oath Ceremony,Ugyqq8nqpk8lZwlG3VF4AaABAg.A4IosAvkA6XA4Ixk75NkDT,@yuvraj_chadgal,Accha esa bi kuch hotha h??,0,1746316800,True
xhGwYrE0ezc,PM Modi Resignation: PM Modi ने दिया इस्तीफा | Lok Sabha Election Result 2024 | Oath Ceremony,Ugyqq8nqpk8lZwlG3VF4AaABAg.A4IosAvkA6XA4J0H-rQRF5,@yuvraj_chadgal,Resident579  so in this case what modi had said??,0,1746316800,True
xhGwYrE0ezc,PM Modi Resignation: PM Modi ने दिया इस्तीफा | Lok Sabha Election Result 2024 | Oath Ceremony,Ugzm4d5dhuDZMvrldW94AaABAg,@FirozRathod-g7c,Hamare pass bramosh misil operesindor yad karo yeh modi hai isrel ka frends hai,0,1775260800,False
xhGwYrE0ezc,PM Modi Resignation: PM Modi ने दिया इस्तीफा | Lok Sabha Election Result 2024 | Oath Ceremony,Ugzje5uX-CzCyord0HF4AaABAg,@roopakrajput7966,Ab yogi baba banenge prime minister,0,1746316800,False
xhGwYrE0ezc,PM Modi Resignation: PM Modi ने दिया इस्तीफा | Lok Sabha Election Result 2024 | Oath Ceremony,Ugxw8gE_ssUKl46RePB4AaABAg,@durgamadhabdash4402,Jhuta News.faila raha hay.,0,1759536000,False
xhGwYrE0ezc,PM Modi Resignation: PM Modi ने दिया इस्तीफा | Lok Sabha Election Result 2024 | Oath Ceremony,UgwBLsq4kK7FxyfweI94AaABAg,@AmrutDash,India ghathabandan ap ni daba pesh kar sakte hai yah new mujh yakin hi nehi,0,1754265600,False
xhGwYrE0ezc,PM Modi Resignation: PM Modi ने दिया इस्तीफा | Lok Sabha Election Result 2024 | Oath Ceremony,Ugxk2p6dLDvp4aJD_xJ4AaABAg,@ShamsundarRatri,Kya karta logo ki dil me chhed ho raha tha ab dekhate hai kya garib janta ko kon pm samjhega modi is best,0,1759536000,False
xhGwYrE0ezc,PM Modi Resignation: PM Modi ने दिया इस्तीफा | Lok Sabha Election Result 2024 | Oath Ceremony,Ugxz9S8GitNedkl0uNx4AaABAg,@MohanChavan-c9h,This is sub zut like zute,0,1746316800,False
xhGwYrE0ezc,PM Modi Resignation: PM Modi ने दिया इस्तीफा | Lok Sabha Election Result 2024 | Oath Ceremony,Ugx6XSMdciLVSUFvvep4AaABAg,@mukeshkhanna5249,What a joke,0,1746316800,False
xhGwYrE0ezc,PM Modi Resignation: PM Modi ने दिया इस्तीफा | Lok Sabha Election Result 2024 | Oath Ceremony,Ugx10hLQikxT4HhA5EF4AaABAg,@Dk-gv1kf,Modi Maha dev avtar hai istifa nahi dena chai Hindu dhram khatre me hai,0,1756944000,False
xhGwYrE0ezc,PM Modi Resignation: PM Modi ने दिया इस्तीफा | Lok Sabha Election Result 2024 | Oath Ceremony,Ugwg-hy4mp16l5hiDaB4AaABAg,@suhanasheikh3490,😂😂😂😂,0,1746316800,False
xhGwYrE0ezc,PM Modi Resignation: PM Modi ने दिया इस्तीफा | Lok Sabha Election Result 2024 | Oath Ceremony,UgxTRDpdagCZWuKPDyN4AaABAg,@mahipaldendor4961,मोदी इस्तीफा,0,1764806400,False
xhGwYrE0ezc,PM Modi Resignation: PM Modi ने दिया इस्तीफा | Lok Sabha Election Result 2024 | Oath Ceremony,UgyPjhsgFR13p4Ddnil4AaABAg,@laxmikantkamble1118,😂😂😂😂,0,1746316800,False
xhGwYrE0ezc,PM Modi Resignation: PM Modi ने दिया इस्तीफा | Lok Sabha Election Result 2024 | Oath Ceremony,Ugy6-3sPCrxyv8Q8iYJ4AaABAg,@DoleshwerDoleshwerrathiya,"Harzana bhi dena hoga p m modi ji , 140 carod janta ko ,Hume maaf karna, audit kar liye hain hum , 🙏",0,1746316800,False
xhGwYrE0ezc,PM Modi Resignation: PM Modi ने दिया इस्तीफा | Lok Sabha Election Result 2024 | Oath Ceremony,UgyU2X0vFbd3JLxYkGx4AaABAg,@techshows9905,ठाकुरो ने राजनीति ख़त्म कर दी भाजपा की,0,1746316800,False
xhGwYrE0ezc,PM Modi Resignation: PM Modi ने दिया इस्तीफा | Lok Sabha Election Result 2024 | Oath Ceremony,UgyU2X0vFbd3JLxYkGx4AaABAg.A4IvhtQAD0yA4KSHNU2RDt,@My_Dream_bhakti,Bhai Aisa nhi hai humare yaha jitne v thakur hai sabne bjp ko hi vote Diya baki jinka dimag kharab hai unko kuch kaha nhi ja sakta,0,1746316800,True
xhGwYrE0ezc,PM Modi Resignation: PM Modi ने दिया इस्तीफा | Lok Sabha Election Result 2024 | Oath Ceremony,UgzAZDI74F40ddURYU14AaABAg,@SunnySingh-xe3mr,Ranjna gasti kya kregi 😂😂,0,1746316800,False
xhGwYrE0ezc,PM Modi Resignation: PM Modi ने दिया इस्तीफा | Lok Sabha Election Result 2024 | Oath Ceremony,UgwGQTyMq_-MCckKuv14AaABAg,@hummaskey5511,Jmabhi ki latest news batao feko mat,0,1756944000,False
xhGwYrE0ezc,PM Modi Resignation: PM Modi ने दिया इस्तीफा | Lok Sabha Election Result 2024 | Oath Ceremony,UgwOsWGGNx7woawgfcF4AaABAg,@mohammadislamuddin5671,Istifa toh dena hoga He has done 75 years completed.  New pm should become Nimala she is educated lady my vote is go for Nimala sitaraman.,0,1759536000,False
xhGwYrE0ezc,PM Modi Resignation: PM Modi ने दिया इस्तीफा | Lok Sabha Election Result 2024 | Oath Ceremony,UgxnqvW8HoVh-O8I0OR4AaABAg,@KiritTailor-gc2qc,Feko nahi.oppodiyion has does not have unity,0,1759536000,False
xhGwYrE0ezc,PM Modi Resignation: PM Modi ने दिया इस्तीफा | Lok Sabha Election Result 2024 | Oath Ceremony,UgyZ9jFsnt11x0lQAdV4AaABAg,@ShubhamPal-y2r,Yogiji ko pm banao,0,1746316800,False
xhGwYrE0ezc,PM Modi Resignation: PM Modi ने दिया इस्तीफा | Lok Sabha Election Result 2024 | Oath Ceremony,UgyR2CxEZowISqkqffF4AaABAg,@RajanKumar-i9c8w,"Election karane ki jaroorat bhi nhi, election ko 5-10 dal ke liye suspend rakhna hoga. Election ki abhi koi baat nhi krni hogi.",0,1759536000,False
xhGwYrE0ezc,PM Modi Resignation: PM Modi ने दिया इस्तीफा | Lok Sabha Election Result 2024 | Oath Ceremony,UgyqEa9BOJ86_kefbjN4AaABAg,@ShantilalNagori,पुराना वीडियोप्रस्तुत कर अपना और पब्लिक का समय क्यों बर्बाद कर रहे हो।,0,1746316800,False
xhGwYrE0ezc,PM Modi Resignation: PM Modi ने दिया इस्तीफा | Lok Sabha Election Result 2024 | Oath Ceremony,Ugxs97mm4zdaHREk0Yx4AaABAg,@ShkaSkAiuf,🤪🤪🤪🤪🤪❤️,0,1746316800,False
xhGwYrE0ezc,PM Modi Resignation: PM Modi ने दिया इस्तीफा | Lok Sabha Election Result 2024 | Oath Ceremony,UgzoZtErA4YU2WUOzJB4AaABAg,@musicyogeshrathodmusic3464,🇳🇪,0,1746316800,False
xhGwYrE0ezc,PM Modi Resignation: PM Modi ने दिया इस्तीफा | Lok Sabha Election Result 2024 | Oath Ceremony,UgwMDfAGmMCfmf-OBXF4AaABAg,@ramaprasad9353,Itna bada dil nahin hai istifa denge .bidesh kaise ghumenge .photo session kaise hoga .,0,1748995200,False
xhGwYrE0ezc,PM Modi Resignation: PM Modi ने दिया इस्तीफा | Lok Sabha Election Result 2024 | Oath Ceremony,Ugysn0uq-XfV45ZMuLl4AaABAg,@ManjuMarandi-d1e,A jisu ale sanam Isai adibasi manawa ku dayawale Isor baba 😹💯💕💜🙌✋👏👏 sarhama police wale 15 Agust ko selute karte hai mother Teresa 💞 ❣️ world Salman Khan at India Bible College Ranchi Jharkhand Father misson india अ,0,1746316800,False
xhGwYrE0ezc,PM Modi Resignation: PM Modi ने दिया इस्तीफा | Lok Sabha Election Result 2024 | Oath Ceremony,Ugwt-4hbDDbD-IoxOC94AaABAg,@RajeshSrivastava-h9g,Yah sab TRP per tutane ke liye,0,1777161600,False
xhGwYrE0ezc,PM Modi Resignation: PM Modi ने दिया इस्तीफा | Lok Sabha Election Result 2024 | Oath Ceremony,Ugw7vv7a89u9_zTbhRV4AaABAg,@pitambarsinghoyam7096,मेरा दिल अंतर आत्मा को शुकून मिला,3,1746316800,False
xhGwYrE0ezc,PM Modi Resignation: PM Modi ने दिया इस्तीफा | Lok Sabha Election Result 2024 | Oath Ceremony,UgzXRGfJpFxBLpDfZW94AaABAg,@desivoice3870,मज़ा आ गया,5,1746316800,False
xhGwYrE0ezc,PM Modi Resignation: PM Modi ने दिया इस्तीफा | Lok Sabha Election Result 2024 | Oath Ceremony,UgxLOU1HbK9sWxv1tJF4AaABAg,@samirsamir-ts6ux,Bahut Khushi ki baat hai desh ke acche din ayenge,2,1746316800,False
xhGwYrE0ezc,PM Modi Resignation: PM Modi ने दिया इस्तीफा | Lok Sabha Election Result 2024 | Oath Ceremony,Ugx4qiSmekgfIdeCTVV4AaABAg,@Karan_x_Editx,We lost our Gem!,39,1746316800,False
xhGwYrE0ezc,PM Modi Resignation: PM Modi ने दिया इस्तीफा | Lok Sabha Election Result 2024 | Oath Ceremony,Ugx4qiSmekgfIdeCTVV4AaABAg.A4IbgAXTexvA4IiN_rYgXM,@SAQIBGAMERJI,Its just formality brother,11,1746316800,True
xhGwYrE0ezc,PM Modi Resignation: PM Modi ने दिया इस्तीफा | Lok Sabha Election Result 2024 | Oath Ceremony,Ugx4qiSmekgfIdeCTVV4AaABAg.A4IbgAXTexvA4IjEXogWCn,@raja_chaurasia15,​ @SAQIBGAMERJI  to modiji fir se gaddi me aayenge kya bhai ?,5,1746316800,True
xhGwYrE0ezc,PM Modi Resignation: PM Modi ने दिया इस्तीफा | Lok Sabha Election Result 2024 | Oath Ceremony,Ugx4qiSmekgfIdeCTVV4AaABAg.A4IbgAXTexvA4IjtwuCG38,@SAQIBGAMERJI,@raja_chaurasia15  yes absolutely,7,1746316800,True
xhGwYrE0ezc,PM Modi Resignation: PM Modi ने दिया इस्तीफा | Lok Sabha Election Result 2024 | Oath Ceremony,Ugx4qiSmekgfIdeCTVV4AaABAg.A4IbgAXTexvA4IjwXW4Rar,@SAQIBGAMERJI,@raja_chaurasia15  its just end of previous term,4,1746316800,True
xhGwYrE0ezc,PM Modi Resignation: PM Modi ने दिया इस्तीफा | Lok Sabha Election Result 2024 | Oath Ceremony,Ugx4qiSmekgfIdeCTVV4AaABAg.A4IbgAXTexvA4Ik37TrN0D,@SAQIBGAMERJI,"Nda will submit another file to make govt on india beacuse they have majority 
And probably pm will take oth on 8 june",5,1746316800,True
xhGwYrE0ezc,PM Modi Resignation: PM Modi ने दिया इस्तीफा | Lok Sabha Election Result 2024 | Oath Ceremony,Ugx4qiSmekgfIdeCTVV4AaABAg.A4IbgAXTexvA4ImVy4i7hy,@raja_chaurasia15,@SAQIBGAMERJI  Thanks brother now I understood 😃,2,1746316800,True
xhGwYrE0ezc,PM Modi Resignation: PM Modi ने दिया इस्तीफा | Lok Sabha Election Result 2024 | Oath Ceremony,Ugx4qiSmekgfIdeCTVV4AaABAg.A4IbgAXTexvA4Io_VM_umA,@SAQIBGAMERJI,@raja_chaurasia15  ❤,1,1746316800,True
xhGwYrE0ezc,PM Modi Resignation: PM Modi ने दिया इस्तीफा | Lok Sabha Election Result 2024 | Oath Ceremony,Ugx4qiSmekgfIdeCTVV4AaABAg.A4IbgAXTexvA4Jn7dg_jF4,@UNFAIR-EX,​ @SAQIBGAMERJI bhai I Love you bhai jab maina suna ke ya stipha de raha hai tab mai Rona laga tha par ab ya sun kar accha laga Raha hai ke ya bs ak formality hai ❤❤❤,1,1746316800,True
xhGwYrE0ezc,PM Modi Resignation: PM Modi ने दिया इस्तीफा | Lok Sabha Election Result 2024 | Oath Ceremony,Ugx4qiSmekgfIdeCTVV4AaABAg.A4IbgAXTexvA4IlGCoXVdG,@RajanKumar-tg1wb,Yeh Sala Ho Kya Raha Hai Odisha Mein Pehli Baar Bjp Aya Aur Yeh Sunne Ko Mil Raha Hai 😭,2,1746316800,True
xhGwYrE0ezc,PM Modi Resignation: PM Modi ने दिया इस्तीफा | Lok Sabha Election Result 2024 | Oath Ceremony,Ugx4qiSmekgfIdeCTVV4AaABAg.A4IbgAXTexvA4IocBviTWG,@SAQIBGAMERJI,@RajanKumar-tg1wb  are bhai modi sir phir se ayenge,3,1746316800,True
xhGwYrE0ezc,PM Modi Resignation: PM Modi ने दिया इस्तीफा | Lok Sabha Election Result 2024 | Oath Ceremony,Ugx4qiSmekgfIdeCTVV4AaABAg.A4IbgAXTexvA4Iz_rh1SCJ,@DucuBhoi,"​ @RajanKumar-tg1wb  yeh to hona hi tha 25yr se BJD ne kuchh achha nahi Kiya Jo Western odisha main to puchho hi mat  
Finally 😮‍💨",0,1746316800,True
xhGwYrE0ezc,PM Modi Resignation: PM Modi ने दिया इस्तीफा | Lok Sabha Election Result 2024 | Oath Ceremony,Ugx4qiSmekgfIdeCTVV4AaABAg.A4IbgAXTexvA4IuhZI9pGN,@Zyrenis-z2n,And we gain diamond 💎,2,1746316800,True
xhGwYrE0ezc,PM Modi Resignation: PM Modi ने दिया इस्तीफा | Lok Sabha Election Result 2024 | Oath Ceremony,Ugx4qiSmekgfIdeCTVV4AaABAg.A4IbgAXTexvA4JHUk9m2hH,@Karan_x_Editx,@Zyrenis-z2n  tujhse pucha nahi,0,1746316800,True
xhGwYrE0ezc,PM Modi Resignation: PM Modi ने दिया इस्तीफा | Lok Sabha Election Result 2024 | Oath Ceremony,Ugx4qiSmekgfIdeCTVV4AaABAg.A4IbgAXTexvA4JQWOc6G4o,@Zyrenis-z2n,@Karan_x_Editx   i was not replying to you🗿 I was  just saying my opinion🗿,1,1746316800,True
xhGwYrE0ezc,PM Modi Resignation: PM Modi ने दिया इस्तीफा | Lok Sabha Election Result 2024 | Oath Ceremony,Ugx4qiSmekgfIdeCTVV4AaABAg.A4IbgAXTexvA4JVALuNhj1,@Karan_x_Editx,@Zyrenis-z2n  you're barking in my Reply btw*,0,1746316800,True
xhGwYrE0ezc,PM Modi Resignation: PM Modi ने दिया इस्तीफा | Lok Sabha Election Result 2024 | Oath Ceremony,Ugx4qiSmekgfIdeCTVV4AaABAg.A4IbgAXTexvA4JWUnBk1GD,@Zyrenis-z2n,@Karan_x_Editx  🗿,1,1746316800,True
xhGwYrE0ezc,PM Modi Resignation: PM Modi ने दिया इस्तीफा | Lok Sabha Election Result 2024 | Oath Ceremony,Ugx4qiSmekgfIdeCTVV4AaABAg.A4IbgAXTexvA4Is9Snvzqz,@gambling-mk7755,😅😅😅,0,1746316800,True
xhGwYrE0ezc,PM Modi Resignation: PM Modi ने दिया इस्तीफा | Lok Sabha Election Result 2024 | Oath Ceremony,Ugx4qiSmekgfIdeCTVV4AaABAg.A4IbgAXTexvA4Jmz9F0l8I,@UNFAIR-EX,@SAQIBGAMERJI,0,1746316800,True
xhGwYrE0ezc,PM Modi Resignation: PM Modi ने दिया इस्तीफा | Lok Sabha Election Result 2024 | Oath Ceremony,UgxC400aW81q0bCL14V4AaABAg,@IdreshKhan-w4l,हमारे को प्रधानमंत्री हमारा राहुल गांधी चाहिए,0,1746316800,False
xhGwYrE0ezc,PM Modi Resignation: PM Modi ने दिया इस्तीफा | Lok Sabha Election Result 2024 | Oath Ceremony,UgzWTwVarNYxttzcdd94AaABAg,@bigfangamingff4109,Modi ji 2 cror nokri or 15 lakh to de jate 😢😢,52,1746316800,False
xhGwYrE0ezc,PM Modi Resignation: PM Modi ने दिया इस्तीफा | Lok Sabha Election Result 2024 | Oath Ceremony,UgzWTwVarNYxttzcdd94AaABAg.A4Ia7exFHTcA4IzcRTt4vp,@darkblade6460,Modi ne kabhi nhi bola hai 15L dene ka lekin tere PAPPU ne bola tha.,2,1746316800,True
xhGwYrE0ezc,PM Modi Resignation: PM Modi ने दिया इस्तीफा | Lok Sabha Election Result 2024 | Oath Ceremony,UgzWTwVarNYxttzcdd94AaABAg.A4Ia7exFHTcA4IckHxdNXY,@SanghmitraGautam-bw5eo,😂😂😂😂😂,1,1746316800,True
xhGwYrE0ezc,PM Modi Resignation: PM Modi ने दिया इस्तीफा | Lok Sabha Election Result 2024 | Oath Ceremony,UgzWTwVarNYxttzcdd94AaABAg.A4Ia7exFHTcA4IhCERTHzE,@ShiningStar713-h8j,Rahul seedha road PaR redhi khulwayega 😵‍💫🤣🤣🤣,1,1746316800,True
xhGwYrE0ezc,PM Modi Resignation: PM Modi ने दिया इस्तीफा | Lok Sabha Election Result 2024 | Oath Ceremony,UgzWTwVarNYxttzcdd94AaABAg.A4Ia7exFHTcA4IrDNXTmgo,@amanfaheem6138,😂😂,0,1746316800,True
xhGwYrE0ezc,PM Modi Resignation: PM Modi ने दिया इस्तीफा | Lok Sabha Election Result 2024 | Oath Ceremony,UgzWTwVarNYxttzcdd94AaABAg.A4Ia7exFHTcA4IsCjcvtXn,@gambling-mk7755,😅😅😅,0,1746316800,True
xhGwYrE0ezc,PM Modi Resignation: PM Modi ने दिया इस्तीफा | Lok Sabha Election Result 2024 | Oath Ceremony,UgzWTwVarNYxttzcdd94AaABAg.A4Ia7exFHTcA4Isaq85DAA,@Kiratkawu,😂😂😂😂😂😂,0,1746316800,True
xhGwYrE0ezc,PM Modi Resignation: PM Modi ने दिया इस्तीफा | Lok Sabha Election Result 2024 | Oath Ceremony,UgzWTwVarNYxttzcdd94AaABAg.A4Ia7exFHTcA4Iv4HOHusC,@ilma-yn6ws,😂sahi baat,0,1746316800,True
xhGwYrE0ezc,PM Modi Resignation: PM Modi ने दिया इस्तीफा | Lok Sabha Election Result 2024 | Oath Ceremony,UgzWTwVarNYxttzcdd94AaABAg.A4Ia7exFHTcA4Iw3ndKZGJ,@AJRideSutra,Kapde utarke tel lagake let jaa modi ji aa rahe dene k liye,0,1746316800,True
xhGwYrE0ezc,PM Modi Resignation: PM Modi ने दिया इस्तीफा | Lok Sabha Election Result 2024 | Oath Ceremony,UgzWTwVarNYxttzcdd94AaABAg.A4Ia7exFHTcA4JAJDuFwNq,@killerboy07x,😂😂😂😂,0,1746316800,True
xhGwYrE0ezc,PM Modi Resignation: PM Modi ने दिया इस्तीफा | Lok Sabha Election Result 2024 | Oath Ceremony,UgzWTwVarNYxttzcdd94AaABAg.A4Ia7exFHTcA4LGyg-8WrZ,@joydeepdeb551,Raaste ke samne Tokri leke baitho mil Jayega.,0,1746316800,True
xhGwYrE0ezc,PM Modi Resignation: PM Modi ने दिया इस्तीफा | Lok Sabha Election Result 2024 | Oath Ceremony,Ugx3PsvFpo1TwVVve5Z4AaABAg,@jainbharat6187,😢😢,2,1746316800,False
xhGwYrE0ezc,PM Modi Resignation: PM Modi ने दिया इस्तीफा | Lok Sabha Election Result 2024 | Oath Ceremony,UgwU2H9EIDhd5cBjw8d4AaABAg,@local_gamin,मुर्मू को इस्तीफा मिला है मोदी को नहीं,0,1759536000,False
xhGwYrE0ezc,PM Modi Resignation: PM Modi ने दिया इस्तीफा | Lok Sabha Election Result 2024 | Oath Ceremony,Ugx4QI31EaKci0pAYjB4AaABAg,@AbdulTaiyeb-s2e,काहे को फैकम फेक न्यूज़ लेट हो रे,0,1777507200,False
xhGwYrE0ezc,PM Modi Resignation: PM Modi ने दिया इस्तीफा | Lok Sabha Election Result 2024 | Oath Ceremony,UgyUtxPHytoG_E209Lp4AaABAg,@AshokSinghal-ed2rd,Pm. Modi. Ji. Ko. Istifa. Nahi. Dena. Chahiye,0,1756944000,False
xhGwYrE0ezc,PM Modi Resignation: PM Modi ने दिया इस्तीफा | Lok Sabha Election Result 2024 | Oath Ceremony,UgyYI74lTyphka0FwF54AaABAg,@MunnalalSaiyam,Rahul Gandhi ko kab deyeghe itipha ✋✋✋✋✋✋🎂🎂🎂🎂🎂,0,1746316800,False
xhGwYrE0ezc,PM Modi Resignation: PM Modi ने दिया इस्तीफा | Lok Sabha Election Result 2024 | Oath Ceremony,UgwCQREfZMUgTzEzw3p4AaABAg,@Vivek-iy1ob,Thodi bohot sharam bachi ho to gadkari ji ko pm bana do,5,1746316800,False
xhGwYrE0ezc,PM Modi Resignation: PM Modi ने दिया इस्तीफा | Lok Sabha Election Result 2024 | Oath Ceremony,Ugz55StMQgDM8m-8Sjx4AaABAg,@SopanJagtap-x2j,ये कभी कि खबर है शायद पुराणी है जनता को ये पागल समस्ती है,0,1746316800,False
xhGwYrE0ezc,PM Modi Resignation: PM Modi ने दिया इस्तीफा | Lok Sabha Election Result 2024 | Oath Ceremony,UgzlNRAozY2ObT-wf1p4AaABAg,@sathnamsingSingh-w2m,Kejriwal ko batao Modi ki jagah,0,1772582400,False
xhGwYrE0ezc,PM Modi Resignation: PM Modi ने दिया इस्तीफा | Lok Sabha Election Result 2024 | Oath Ceremony,UgwnZnKlbzq7v9O1gCt4AaABAg,@Malikshrmistha,जय श्री राम जय जय श्री राम 🙏 मोदीजी को लाओ देश बचाओ 🙏 मोदीजी के राज और योगी आदित्यनाथ जी महाराज के राज में हम सुरक्षित है ओर तों सब गुंडा राज हैं हम सब सुरक्षित रहेंगे तो थोड़ा भी खा लेंगे जय श्री राम 🙏🙏🚩,12,1746316800,False
xhGwYrE0ezc,PM Modi Resignation: PM Modi ने दिया इस्तीफा | Lok Sabha Election Result 2024 | Oath Ceremony,UgwFMcND00Xdhs6uUit4AaABAg,@mdayub8804,modi mukht Bharat,9,1746316800,False
xhGwYrE0ezc,PM Modi Resignation: PM Modi ने दिया इस्तीफा | Lok Sabha Election Result 2024 | Oath Ceremony,UgwFMcND00Xdhs6uUit4AaABAg.A4IZQYNcRd7A4I_es1BRrR,@Okgoodbye786,Tere 20 baap 😂😂😂😂😂😂😂,7,1746316800,True
xhGwYrE0ezc,PM Modi Resignation: PM Modi ने दिया इस्तीफा | Lok Sabha Election Result 2024 | Oath Ceremony,UgwFMcND00Xdhs6uUit4AaABAg.A4IZQYNcRd7A4I_oGOXKPg,@Rk-gk4tk,Islam mukt world,6,1746316800,True
xhGwYrE0ezc,PM Modi Resignation: PM Modi ने दिया इस्तीफा | Lok Sabha Election Result 2024 | Oath Ceremony,UgwFMcND00Xdhs6uUit4AaABAg.A4IZQYNcRd7A4IklAIkiHf,@user-deepakpal,❤,0,1746316800,True
xhGwYrE0ezc,PM Modi Resignation: PM Modi ने दिया इस्तीफा | Lok Sabha Election Result 2024 | Oath Ceremony,UgyIybj-cXL6HuiV8rh4AaABAg,@lokeshyadavlokeshyadav296,😂😂,0,1746316800,False
xhGwYrE0ezc,PM Modi Resignation: PM Modi ने दिया इस्तीफा | Lok Sabha Election Result 2024 | Oath Ceremony,UgzvJfs-9mBcC-RRsAR4AaABAg,@anoopdhameja3177,फेक न्यूज मत डालो‌ और लोगों की भावनाओं से मत खेलो।,0,1762214400,False
xhGwYrE0ezc,PM Modi Resignation: PM Modi ने दिया इस्तीफा | Lok Sabha Election Result 2024 | Oath Ceremony,UgxBQeAMKZhjuq7byWp4AaABAg,@mukeshmewati6129,"Modi hatao Bharat bachao 
Jai Hind Jai Bharat",1,1746316800,False
xhGwYrE0ezc,PM Modi Resignation: PM Modi ने दिया इस्तीफा | Lok Sabha Election Result 2024 | Oath Ceremony,UgxtoWbgnjrjdrIiGmB4AaABAg,@majidmansoori9551,😂,0,1775260800,False
xhGwYrE0ezc,PM Modi Resignation: PM Modi ने दिया इस्तीफा | Lok Sabha Election Result 2024 | Oath Ceremony,UgwhEESmoigxPkW2Frl4AaABAg,@PaviterKumar-yc8pu,Modi majik khatam,0,1746316800,False
xhGwYrE0ezc,PM Modi Resignation: PM Modi ने दिया इस्तीफा | Lok Sabha Election Result 2024 | Oath Ceremony,Ugy91_Btl7TKyUl5o0R4AaABAg,@HariDas-i8i,Aarkkada Modiyude Isthifa vendathu vayum polichirunno kory annakkil ozhichutharam,0,1746316800,False
xhGwYrE0ezc,PM Modi Resignation: PM Modi ने दिया इस्तीफा | Lok Sabha Election Result 2024 | Oath Ceremony,Ugw_RWXA6Ithn0hnMp14AaABAg,@RajeshRane-r7q,Kyu diya zooth bol rahe hai,0,1746316800,False
xhGwYrE0ezc,PM Modi Resignation: PM Modi ने दिया इस्तीफा | Lok Sabha Election Result 2024 | Oath Ceremony,UgygouRB_vdX8nEXnLt4AaABAg,@ashokbhosale3817,सभी झूटी खबरे है.,0,1746316800,False
xhGwYrE0ezc,PM Modi Resignation: PM Modi ने दिया इस्तीफा | Lok Sabha Election Result 2024 | Oath Ceremony,UgxvBghy3a3ZvMxEgzF4AaABAg,@salimvism77,Jab tack bjp shar car hogiy tab tack pakitan naahi bjp  kuhd dhagah carey giy desmen,0,1748995200,False
xhGwYrE0ezc,PM Modi Resignation: PM Modi ने दिया इस्तीफा | Lok Sabha Election Result 2024 | Oath Ceremony,UgyDcTxEmmPQ8Zl0CJ14AaABAg,@t-z1j3l,"Pappu Sahu ne liye vah paise 
Apni betiyon ki shaadi mein lagane ke liye 
Ward number 20 ke Pappu Sahu ne liye apni ladkiyon ki shaadi ki lagane ke liye voice match aur chuhe ki table ke karobar ho sake ham tumhari madad karte rahenge",0,1746316800,False
xhGwYrE0ezc,PM Modi Resignation: PM Modi ने दिया इस्तीफा | Lok Sabha Election Result 2024 | Oath Ceremony,UgzLToMLjqZ77iMkNnp4AaABAg,@RadheshyamrathoreRathore-db2br,Jay congres Vijay congres,0,1746316800,False
xhGwYrE0ezc,PM Modi Resignation: PM Modi ने दिया इस्तीफा | Lok Sabha Election Result 2024 | Oath Ceremony,Ugxj1OQznFyLiBcrkyx4AaABAg,@CaptainCrew7,Yogi baba ko banao pm,1,1746316800,False
xhGwYrE0ezc,PM Modi Resignation: PM Modi ने दिया इस्तीफा | Lok Sabha Election Result 2024 | Oath Ceremony,Ugw85rjvibpGwBc5BIJ4AaABAg,@mahendraprataprunwal2090,बुध्दि बाली पोस्ट डालों,0,1751587200,False
xhGwYrE0ezc,PM Modi Resignation: PM Modi ने दिया इस्तीफा | Lok Sabha Election Result 2024 | Oath Ceremony,UgzJS6w2vbBhzpa-LD94AaABAg,@ravinder1757,President shashn nhi bhart me rashterpti shashn aur priemminster shashn lagu kiya jaye pls kyuki himacham kee situation ye meadia ya pure bhart kee bhi ho skti yad rkhna is time himachal kee situatiation bihari ko bolte bhikhari se buri hogi yad rkhna nhi smbhle mar kat start ho jayegi pta kre kaise greebi aayi abhi moka hai himachal ko dekho kyuki himachal kee trh kisi aur ya pure bhart kee halt na ho agr khte gulam nhi honge do char stat aise ho gye bhart gulam ye kya ho rha,0,1746316800,False
xhGwYrE0ezc,PM Modi Resignation: PM Modi ने दिया इस्तीफा | Lok Sabha Election Result 2024 | Oath Ceremony,UgyWKop3sCjeHRH-cJR4AaABAg,@MohammadAkbar-n9k,Yah jhuthi khabar hai,0,1746316800,False
xhGwYrE0ezc,PM Modi Resignation: PM Modi ने दिया इस्तीफा | Lok Sabha Election Result 2024 | Oath Ceremony,Ugyl--MwxVVYk6H0Yfh4AaABAg,@vinodgupta4715,",sapna dakho",0,1762214400,False
xhGwYrE0ezc,PM Modi Resignation: PM Modi ने दिया इस्तीफा | Lok Sabha Election Result 2024 | Oath Ceremony,UgwoUqqnzKYmJg8l8cN4AaABAg,@hafizqurban152,Doobara Mt Lena 😂,0,1746316800,False
xhGwYrE0ezc,PM Modi Resignation: PM Modi ने दिया इस्तीफा | Lok Sabha Election Result 2024 | Oath Ceremony,Ugw3Y7kvUGKrXo9YFkp4AaABAg,@DineshKumar-gn2bf,Abki bar padha likha pm chahiye,0,1746316800,False
xhGwYrE0ezc,PM Modi Resignation: PM Modi ने दिया इस्तीफा | Lok Sabha Election Result 2024 | Oath Ceremony,Ugw3Y7kvUGKrXo9YFkp4AaABAg.A4Il8LjKjjIA4IoXifYMSX,@jmlife3223,Abki bar tuje kya 12 pass pm chahiye 😂😂,1,1746316800,True
xhGwYrE0ezc,PM Modi Resignation: PM Modi ने दिया इस्तीफा | Lok Sabha Election Result 2024 | Oath Ceremony,UgwHeaogKNaU1bk46Vx4AaABAg,@virendrajha5219,Ye Jhoothi News de rahi hai,0,1759536000,False
xhGwYrE0ezc,PM Modi Resignation: PM Modi ने दिया इस्तीफा | Lok Sabha Election Result 2024 | Oath Ceremony,UgwsaOdwhJaOpeKcH9p4AaABAg,@mukindayate4827,SC st OBC me se pm ho sang cuna huwa pm nahi manusmriti layenge jay sawidhan .,0,1754265600,False
xhGwYrE0ezc,PM Modi Resignation: PM Modi ने दिया इस्तीफा | Lok Sabha Election Result 2024 | Oath Ceremony,UgyaE5ymToeS4YrG9Zh4AaABAg,@SunilPawar-x3f,Modi aur shaha 2014 se railway motti rakam farji nakali 420diparmental jr sr engineer adhikari aur OS banara hai aur sath me sem direct bharti kr rha hai aur d group ka koi bhi promotion nahi hua fir bhi dimotion kr rha hai o bhi 5sal tk aur sath me transfer bhi??,0,1746316800,False
xhGwYrE0ezc,PM Modi Resignation: PM Modi ने दिया इस्तीफा | Lok Sabha Election Result 2024 | Oath Ceremony,Ugx1fMmfLNxJX4uwGTN4AaABAg,@Journeywith_Vishal,Are mere 15 लाख दे के जा 😅,1,1746316800,False
xhGwYrE0ezc,PM Modi Resignation: PM Modi ने दिया इस्तीफा | Lok Sabha Election Result 2024 | Oath Ceremony,Ugx1fMmfLNxJX4uwGTN4AaABAg.A4IoXQU6301A4ItUKYxfSJ,@khushitsingh,Hinjda??,0,1746316800,True
xhGwYrE0ezc,PM Modi Resignation: PM Modi ने दिया इस्तीफा | Lok Sabha Election Result 2024 | Oath Ceremony,UgyAo4KXThFUoFqGEhh4AaABAg,@hummaskey5511,Kyun bhranit karte ho,0,1759536000,False
xhGwYrE0ezc,PM Modi Resignation: PM Modi ने दिया इस्तीफा | Lok Sabha Election Result 2024 | Oath Ceremony,UgyYz4_9SO-2NpGzs_p4AaABAg,@HAliasgar,Syria istifa dene garibon ko maar Dala Jaan se khatm kar Diya Kasauli Chad ke mar jaaye koi kaise kud ke mar raha koi kaise mare hain to bada Ghar kar diya pure Desh ka jindagi kharab kar di garibon ki ham 2005 kamate Hain pure din aur hamen marva Diya iski vajah se kisi Ko Naukri bhi nahin na kuchh Mila,0,1746316800,False
xhGwYrE0ezc,PM Modi Resignation: PM Modi ने दिया इस्तीफा | Lok Sabha Election Result 2024 | Oath Ceremony,UgxK1833NXatScYlysF4AaABAg,@ShiningStar713-h8j,India royega khoon ke ansu 🙂,0,1746316800,False
xhGwYrE0ezc,PM Modi Resignation: PM Modi ने दिया इस्तीफा | Lok Sabha Election Result 2024 | Oath Ceremony,UgxK1833NXatScYlysF4AaABAg.A4Ih8uMORtPA4Ihdd6slcE,@Amithh-t3t,Manipur,1,1746316800,True
xhGwYrE0ezc,PM Modi Resignation: PM Modi ने दिया इस्तीफा | Lok Sabha Election Result 2024 | Oath Ceremony,UgxK1833NXatScYlysF4AaABAg.A4Ih8uMORtPA4IoecviH78,@jmlife3223,​​ @Amithh-t3t Santi se rahlo manipuri Manipuri karte rehteho,0,1746316800,True
xhGwYrE0ezc,PM Modi Resignation: PM Modi ने दिया इस्तीफा | Lok Sabha Election Result 2024 | Oath Ceremony,UgxK1833NXatScYlysF4AaABAg.A4Ih8uMORtPA4Ip4poUPlf,@Amithh-t3t,@jmlife3223  kyu Manipur mai insaan nahi hai kya jab tere kisi ka sath hota kabhi kuch bolta,1,1746316800,True
xhGwYrE0ezc,PM Modi Resignation: PM Modi ने दिया इस्तीफा | Lok Sabha Election Result 2024 | Oath Ceremony,UgwhM8W64_BVxacTl-t4AaABAg,@samalesamale,Kota Patna kachra deti Ho Ek Taraf PM Modi Vishva Mein Kiska Rakhna isase pahle Diya 1,0,1754265600,False
xhGwYrE0ezc,PM Modi Resignation: PM Modi ने दिया इस्तीफा | Lok Sabha Election Result 2024 | Oath Ceremony,Ugzx5EdD8KNo7hV5DWB4AaABAg,@shahwazalam-m2i,کوی کام نہی ملتا پورا نا خبر پہنچا تے ہو,0,1746316800,False
xhGwYrE0ezc,PM Modi Resignation: PM Modi ने दिया इस्तीफा | Lok Sabha Election Result 2024 | Oath Ceremony,UgxSvSg_W5uzRZ_ajxl4AaABAg,@Lindukadaddy,Kaha gya modi ka beto papa ko bacha lo,0,1746316800,False
xhGwYrE0ezc,PM Modi Resignation: PM Modi ने दिया इस्तीफा | Lok Sabha Election Result 2024 | Oath Ceremony,Ugw04vPdhWaNJPRjRCp4AaABAg,@AAcinema09,Agar esa nhi hua to 😅jhuti chal pagali 😂,0,1746316800,False
xhGwYrE0ezc,PM Modi Resignation: PM Modi ने दिया इस्तीफा | Lok Sabha Election Result 2024 | Oath Ceremony,UgwbOKDUXNcA_sTNJSp4AaABAg,@kanishksingh7048,Fakir admi jhola utha ke chal pada desh ko chuna laga ke 😠😠😠😠,0,1746316800,False
xhGwYrE0ezc,PM Modi Resignation: PM Modi ने दिया इस्तीफा | Lok Sabha Election Result 2024 | Oath Ceremony,UgyZJSqOxdn8i-I7by54AaABAg,@ashrafwarsi1323,Puranik news dekhakar bhramet karta hai ye chenal,0,1751587200,False
xhGwYrE0ezc,PM Modi Resignation: PM Modi ने दिया इस्तीफा | Lok Sabha Election Result 2024 | Oath Ceremony,UgyKpEwNHSK4QdDxTTl4AaABAg,@JiyaHasan-e2y,Pm modi bhi ache the but acha kiya kisi or ko bhi muka milna chaiye,0,1746316800,False
xhGwYrE0ezc,PM Modi Resignation: PM Modi ने दिया इस्तीफा | Lok Sabha Election Result 2024 | Oath Ceremony,Ugzd1anrwHmqUaO_M314AaABAg,@SidranDhule,Ab Rahal  gandhi,0,1746316800,False
xhGwYrE0ezc,PM Modi Resignation: PM Modi ने दिया इस्तीफा | Lok Sabha Election Result 2024 | Oath Ceremony,UgzN4KUl0NVtNAkzTM54AaABAg,@sajimathew8526,😂😂😂😂😂😂😂😂😂😂😂😂😂 nautaki bass karo madam ..,0,1746316800,False
xhGwYrE0ezc,PM Modi Resignation: PM Modi ने दिया इस्तीफा | Lok Sabha Election Result 2024 | Oath Ceremony,UgzTqr8HlNb_QCi40ad4AaABAg,@RamKumar-c4z4y,Jhooti kyon bakti hay,0,1759536000,False
xhGwYrE0ezc,PM Modi Resignation: PM Modi ने दिया इस्तीफा | Lok Sabha Election Result 2024 | Oath Ceremony,UgxFqNXVRRaK77Jzjfp4AaABAg,@sanjeevkumarsanjeevkumar8245,Jhutha hai purana neuj,0,1746316800,False
xhGwYrE0ezc,PM Modi Resignation: PM Modi ने दिया इस्तीफा | Lok Sabha Election Result 2024 | Oath Ceremony,Ugyf3Ypsy7kMTwOiF454AaABAg,@mehulshah6950,rahul hoga😂😂😂,0,1746316800,False
xhGwYrE0ezc,PM Modi Resignation: PM Modi ने दिया इस्तीफा | Lok Sabha Election Result 2024 | Oath Ceremony,UgyG8eOMu9KTUyE7L-V4AaABAg,@PrakashBarot-k3k,Sherbajar.pehla.crash.thay.jooth,0,1754265600,False
xhGwYrE0ezc,PM Modi Resignation: PM Modi ने दिया इस्तीफा | Lok Sabha Election Result 2024 | Oath Ceremony,UgxBS2bFphVOjPaeYD14AaABAg,@ManojLalwani-p3l,Bahut acha panoti gayi,0,1762214400,False
xhGwYrE0ezc,PM Modi Resignation: PM Modi ने दिया इस्तीफा | Lok Sabha Election Result 2024 | Oath Ceremony,Ugy9wKzLKKpT0Mup1uR4AaABAg,@d.s.thorat9423,बोहोत बढिया हूआ झोला ले के चल पडो,0,1746316800,False
xhGwYrE0ezc,PM Modi Resignation: PM Modi ने दिया इस्तीफा | Lok Sabha Election Result 2024 | Oath Ceremony,UgxHl8W6ISVMr6gkBkB4AaABAg,@SureshkumarVerma-b4u,बासी न्यूज है,0,1762214400,False
xhGwYrE0ezc,PM Modi Resignation: PM Modi ने दिया इस्तीफा | Lok Sabha Election Result 2024 | Oath Ceremony,Ugx0tQJ89ir-Ynu8Oth4AaABAg,@sonu72828,Modi gaya telanda me,0,1746316800,False
xhGwYrE0ezc,PM Modi Resignation: PM Modi ने दिया इस्तीफा | Lok Sabha Election Result 2024 | Oath Ceremony,UgwNz_UAQiazyUTu6nt4AaABAg,@M.SHARMA23,Yogi Aditya nath PM banega,0,1746316800,False
xhGwYrE0ezc,PM Modi Resignation: PM Modi ने दिया इस्तीफा | Lok Sabha Election Result 2024 | Oath Ceremony,UgwfJ1uj_1omq9wTZY94AaABAg,@Rkjaiswar-q2z,Agar ye baat jhooth nikli to tere ko paap lagega,0,1775260800,False
xhGwYrE0ezc,PM Modi Resignation: PM Modi ने दिया इस्तीफा | Lok Sabha Election Result 2024 | Oath Ceremony,Ugz1hgNsh7qHMgHMiLF4AaABAg,@govindsai6062,"सच में इस्तीफा देने की देश पर कृपा कर रहे हैँ,,",6,1751587200,False
xhGwYrE0ezc,PM Modi Resignation: PM Modi ने दिया इस्तीफा | Lok Sabha Election Result 2024 | Oath Ceremony,Ugwc_-pj2ST39iDjTLJ4AaABAg,@balkrishnaoza1938,"😂 आखिर नान बायोलॉजिकल, महामानव, को  "" झोला "" लेना ही पडा ?  😂 अब बहुत दुख हो रहा होगा ? 😂अब किसे सुनाएं मन की बात? 😂 कहा  करे मनमानी (तानाशाही )?😂",0,1746316800,False
xhGwYrE0ezc,PM Modi Resignation: PM Modi ने दिया इस्तीफा | Lok Sabha Election Result 2024 | Oath Ceremony,UgzAg0oQr5Mfk7gSZst4AaABAg,@UdayKumar-p9k5h,प्रधानमंत्री राहुल गांधी को बनाना चाहिए❤❤,0,1759536000,False
xhGwYrE0ezc,PM Modi Resignation: PM Modi ने दिया इस्तीफा | Lok Sabha Election Result 2024 | Oath Ceremony,UgzOLAnMR26dGjRry8h4AaABAg,@madhusudangupta3661,एक साल पुरानी खबर का वीडीओ है। चुनाव के बाद नई सरकार के पहले यही प्रावधान है। तब तो कोई बवाल नहीं था जनता के मन में। इन्होंने हिंदू जगाया है तो हिन्दू भी चुप नहीं बैठेगा 2027 में।,0,1767484800,False
xhGwYrE0ezc,PM Modi Resignation: PM Modi ने दिया इस्तीफा | Lok Sabha Election Result 2024 | Oath Ceremony,UgwaRIS058uUxTigb8x4AaABAg,@utkarshkolhe8139,Modiko Bharat ka PM 10000 sal Rakho Modi bina janta jinda nahi rahegi Modi ki Guarantee hai Modi jindabad Amar Rahe kayam PM Rahe Vikas shetkari gariboke liye Modi ki jarurat hai Modi ka Mandir Banavo Janta puja karegi ye Modi ki Guarantee hai Modi kayam PM Rahe 10000 sal ye Jantaki Ichha hai modi jindabad Amar Rahe,0,1762214400,False
xhGwYrE0ezc,PM Modi Resignation: PM Modi ने दिया इस्तीफा | Lok Sabha Election Result 2024 | Oath Ceremony,UgxgRjQocVwGqzrzbk54AaABAg,@SanjayVerma-s2b,भारत की  सबसे बड़ी खुशी की बात भाजपा गई सबके पास मोहब्बत की दुकान,3,1746316800,False
xhGwYrE0ezc,PM Modi Resignation: PM Modi ने दिया इस्तीफा | Lok Sabha Election Result 2024 | Oath Ceremony,UgzUKyKIHnfeveyFbHR4AaABAg,@SiyaGupta-io8sr,Modi ji ko hi pm hona chahiye  😕,3,1746316800,False
xhGwYrE0ezc,PM Modi Resignation: PM Modi ने दिया इस्तीफा | Lok Sabha Election Result 2024 | Oath Ceremony,UgzVl_nX5zdIUhaF12R4AaABAg,@Anukharediya,Pehli baar kuch achcha kaam kiya hai 😂😂,3,1746316800,False
xhGwYrE0ezc,PM Modi Resignation: PM Modi ने दिया इस्तीफा | Lok Sabha Election Result 2024 | Oath Ceremony,UgxpEZtXOUqzl4QtUeF4AaABAg,@sukhdevsingh-fr8fm,"ਬਹੁਤ ਖੁਸੀ ਦੀ ਗੱਲ ਹੈ 
ਪੂਰੇ ਭਾਰਤ ਵਾਸੀਓ ਨੂੰ ਲੱਖ ਲੱਖ ਵਧਾਈ ਹੋਵੇ। ਹੁਣ ਮੋਦੀ ਤੇ ਇਨਕੁਆਰੀ ਹੋਣੀ ਚਾਹੀਦੀ ਹੈ",0,1746316800,False
xhGwYrE0ezc,PM Modi Resignation: PM Modi ने दिया इस्तीफा | Lok Sabha Election Result 2024 | Oath Ceremony,UgzMxIGdbylulk5d01B4AaABAg,@mushaidahashmi1004,"Mujhe to itni khushi ho rahi h ki bata nhi skti 
Or independence day celebration hona chahiye",8,1746316800,False
xhGwYrE0ezc,PM Modi Resignation: PM Modi ने दिया इस्तीफा | Lok Sabha Election Result 2024 | Oath Ceremony,UgzMxIGdbylulk5d01B4AaABAg.A4IcqvMQiMQA4Iji9_KBeV,@user-deepakpal,Same here bro😂😂😂,0,1746316800,True
xhGwYrE0ezc,PM Modi Resignation: PM Modi ने दिया इस्तीफा | Lok Sabha Election Result 2024 | Oath Ceremony,UgzMxIGdbylulk5d01B4AaABAg.A4IcqvMQiMQA4Il1HogGd1,@BhatShahid-i6c,bilkul love you from kashmir bhai jaan,0,1746316800,True
xhGwYrE0ezc,PM Modi Resignation: PM Modi ने दिया इस्तीफा | Lok Sabha Election Result 2024 | Oath Ceremony,UgxrGnl4xLjEKocxR394AaABAg,@funbbbbb,अब की बार 400पार,5,1746316800,False
xhGwYrE0ezc,PM Modi Resignation: PM Modi ने दिया इस्तीफा | Lok Sabha Election Result 2024 | Oath Ceremony,UgyMELLdukKSPe5d6r94AaABAg,@AnilsaduGangoda,मैडम सरकार बनके साल से ज्यादा हो गया.,0,1748995200,False
xhGwYrE0ezc,PM Modi Resignation: PM Modi ने दिया इस्तीफा | Lok Sabha Election Result 2024 | Oath Ceremony,UgyIiJgBfGLACFfq5M14AaABAg,@singhsaab-cg8id,15 lakh to dete jao😂😂😂,4,1746316800,False
xhGwYrE0ezc,PM Modi Resignation: PM Modi ने दिया इस्तीफा | Lok Sabha Election Result 2024 | Oath Ceremony,UgxPeSK3LGqe9Dc4fiB4AaABAg,@AftabKhan-x6j,सच पूछो तो दस साल के कार्यकाल में पहली बार अच्छा काम किया है 😅,2,1746316800,False
xhGwYrE0ezc,PM Modi Resignation: PM Modi ने दिया इस्तीफा | Lok Sabha Election Result 2024 | Oath Ceremony,Ugy8QLpREPnSlmQZFCx4AaABAg,@Santoskumar-rg2hg,Modi jii jaisa pradhanmantri Desh ko na kabhi mila tha Jai shree Ram ❤️🙏,8,1746316800,False
xhGwYrE0ezc,PM Modi Resignation: PM Modi ने दिया इस्तीफा | Lok Sabha Election Result 2024 | Oath Ceremony,Ugy8QLpREPnSlmQZFCx4AaABAg.A4IqrORsezwA4O3sSynJRd,@Mehendidesighn,Ha ye to sahi baat hai modi jaisa abtak aaya hi nahi koi pm 😂,0,1746316800,True
xhGwYrE0ezc,PM Modi Resignation: PM Modi ने दिया इस्तीफा | Lok Sabha Election Result 2024 | Oath Ceremony,UgxFwOTAbhTGwZZSxK54AaABAg,@ADIVASISTAROFFICIAL5053,Public ko pareshan kar ke rakha tha,1,1746316800,False
xhGwYrE0ezc,PM Modi Resignation: PM Modi ने दिया इस्तीफा | Lok Sabha Election Result 2024 | Oath Ceremony,UgycobRjAA9AboFqNlN4AaABAg,@narendrabanafar5416,"ये कितना सही बता रहे चैनल वाले ये तो पता नही,पर लोकतंत्र की हम तो जीत ही मानेंगें । और नफरत की बाजार में मुहब्बत की दुकान इस देश मे सजेंगी",0,1754265600,False
xhGwYrE0ezc,PM Modi Resignation: PM Modi ने दिया इस्तीफा | Lok Sabha Election Result 2024 | Oath Ceremony,Ugx-P2tKthjEnSgVzzp4AaABAg,@deepakdawar3200,"Modi ji zindabad 
Aap opposition me baitho",0,1746316800,False
xhGwYrE0ezc,PM Modi Resignation: PM Modi ने दिया इस्तीफा | Lok Sabha Election Result 2024 | Oath Ceremony,UgwQTFGQl-Jg4luRwD94AaABAg,@soniamehra4643,Rahul Gandhi jithabad ❤,0,1746316800,False
xhGwYrE0ezc,PM Modi Resignation: PM Modi ने दिया इस्तीफा | Lok Sabha Election Result 2024 | Oath Ceremony,UgyrNUsf2sDTgJ4YmjF4AaABAg,@anwaransari919,Are ab to sharm karo in karo ab to band karo apni jhuthi kahani aur jhooth bolna,0,1759536000,False
xhGwYrE0ezc,PM Modi Resignation: PM Modi ने दिया इस्तीफा | Lok Sabha Election Result 2024 | Oath Ceremony,Ugwr3A2QKnXI7TKBK3p4AaABAg,@HarshanandDigal,Good Job PM modi resign,0,1759536000,False
xhGwYrE0ezc,PM Modi Resignation: PM Modi ने दिया इस्तीफा | Lok Sabha Election Result 2024 | Oath Ceremony,Ugz7zG_CCNzsqPtySQ54AaABAg,@KausarAli-in8dn,Sare ke sare jhooth bolane wale ho tumhare Mazhab mein Kya jhooth bolna haram nahin Hai,0,1762214400,False
xhGwYrE0ezc,PM Modi Resignation: PM Modi ने दिया इस्तीफा | Lok Sabha Election Result 2024 | Oath Ceremony,Ugzacr3uW94dkbkKgdB4AaABAg,@Khan7788-d8h,Modi ka Zhola check Kerna Jeruri hi Desh ka kala Dhan leke Repuchecker na ho Jaye,0,1746316800,False
xhGwYrE0ezc,PM Modi Resignation: PM Modi ने दिया इस्तीफा | Lok Sabha Election Result 2024 | Oath Ceremony,UgwvG0i-Zl6GSpKdfRJ4AaABAg,@ramjivishwakarma2124,Jeldi kro😂😂😂,0,1746316800,False
xhGwYrE0ezc,PM Modi Resignation: PM Modi ने दिया इस्तीफा | Lok Sabha Election Result 2024 | Oath Ceremony,UgyWkxU4I6c-d5l1_rZ4AaABAg,@narendramalik1497,Over  confident  hi wajaha h,0,1746316800,False
xhGwYrE0ezc,PM Modi Resignation: PM Modi ने दिया इस्तीफा | Lok Sabha Election Result 2024 | Oath Ceremony,Ugw6d53A5Na4IPo6Vcd4AaABAg,@suhailakhtarmukaddam7885,Sab ki jaan bachi ees thagi se.,0,1759536000,False
xhGwYrE0ezc,PM Modi Resignation: PM Modi ने दिया इस्तीफा | Lok Sabha Election Result 2024 | Oath Ceremony,Ugz1ArybO-LXvt_jhyB4AaABAg,@shajadahmed6070,Farji khabar farji,0,1759536000,False
xhGwYrE0ezc,PM Modi Resignation: PM Modi ने दिया इस्तीफा | Lok Sabha Election Result 2024 | Oath Ceremony,UgxY5Mus38OyJB9BQ154AaABAg,@Govindmehra-gy1ee,झुटी अफवाह,0,1759536000,False
xhGwYrE0ezc,PM Modi Resignation: PM Modi ने दिया इस्तीफा | Lok Sabha Election Result 2024 | Oath Ceremony,UgzIxQM18LIfsFnquV54AaABAg,@rabindra.dash8690,Thoda or barbad hone se bachgaya,0,1759536000,False
xhGwYrE0ezc,PM Modi Resignation: PM Modi ने दिया इस्तीफा | Lok Sabha Election Result 2024 | Oath Ceremony,Ugw1UbMtWR3FJOizIl54AaABAg,@BalkaranSingh-q6k,Yogi,0,1746316800,False
xhGwYrE0ezc,PM Modi Resignation: PM Modi ने दिया इस्तीफा | Lok Sabha Election Result 2024 | Oath Ceremony,UgydtTMRtmQZSq-j-t54AaABAg,@John-d2n3s,"He lost because of arrogance and non compliance with nirindra modi ka  garentee. 
The people are sick and fed up with properganda on religion when the people don't have jobs and food on the table, and he's making a fool of himself saying, "" I have direct contact with God "" mangalsutra buffaloes Pakistan 🇵🇰 and years of paper leaks causing crores of loss to the public. 
If there's paper leaks that means there's less qualified to give jobs Railway jobs are also held up so there'll be fewer pays out and more money 💰 in circulation and more to pump into roadways and industrialists.
Poor of 🇮🇳 India did not know to figure this out but all parties have taken it on to educate the masses.  Ex spl forces/ crime branch govt of India.. daro mut abhimundra jai Shiv. Kai 🕉 stani!",0,1746316800,False
xhGwYrE0ezc,PM Modi Resignation: PM Modi ने दिया इस्तीफा | Lok Sabha Election Result 2024 | Oath Ceremony,UgzL2max4eE4cETaRIl4AaABAg,@virendramishra9575,बकवास पुरानी खबर,0,1748995200,False
xhGwYrE0ezc,PM Modi Resignation: PM Modi ने दिया इस्तीफा | Lok Sabha Election Result 2024 | Oath Ceremony,UgwrCx-K-z0eNQ32yht4AaABAg,@sumandas907,"Iswakt ki bori khabar ager nitish ji naidu ji palti mare to modi sarkar nahi ban payegi.modi fail nikla,nitish ji pm hona chahiye",0,1746316800,False
xhGwYrE0ezc,PM Modi Resignation: PM Modi ने दिया इस्तीफा | Lok Sabha Election Result 2024 | Oath Ceremony,UgxM0HVzAffyb2N3Z4V4AaABAg,@MahendraKumarJuresiya,Pagal News hai bho,0,1775260800,False
xhGwYrE0ezc,PM Modi Resignation: PM Modi ने दिया इस्तीफा | Lok Sabha Election Result 2024 | Oath Ceremony,Ugwpzf7hJJOFCNuAlzF4AaABAg,@ahmadansari1490,Kabhi ka khabar hai modi Modi istifa de rahe hain,0,1748995200,False
xhGwYrE0ezc,PM Modi Resignation: PM Modi ने दिया इस्तीफा | Lok Sabha Election Result 2024 | Oath Ceremony,UgxoqXYQAqdwiarTVl94AaABAg,@HarjinderSingh-eu9le,ਦੇਸ਼ ਲਈ ਬਹੁਤ ਵਧੀਆ ਹੋ..👍👍👍👍👍,1,1746316800,False
xhGwYrE0ezc,PM Modi Resignation: PM Modi ने दिया इस्तीफा | Lok Sabha Election Result 2024 | Oath Ceremony,Ugw1vrhU9D2QZJWTpZJ4AaABAg,@vedavidat,Are pagal modi har bar stifa deta hai 😂 pareshan mat ho,0,1746316800,False
xhGwYrE0ezc,PM Modi Resignation: PM Modi ने दिया इस्तीफा | Lok Sabha Election Result 2024 | Oath Ceremony,UgzeU3T_X_f1s1dCTeN4AaABAg,@Pvrao-xx1wd,"Don't spread false news. He never resigns, he borned to become P M.",0,1746316800,False
xhGwYrE0ezc,PM Modi Resignation: PM Modi ने दिया इस्तीफा | Lok Sabha Election Result 2024 | Oath Ceremony,Ugy1MQLZxFygN9rip_N4AaABAg,@SonuKumar-w9e5n,Desh ko barbad kar diya,0,1759536000,False
xhGwYrE0ezc,PM Modi Resignation: PM Modi ने दिया इस्तीफा | Lok Sabha Election Result 2024 | Oath Ceremony,UgxhUCRLhE8qNfKLe_d4AaABAg,@charanjitsingh6634,Galtat kharbar hai,0,1746316800,False
xhGwYrE0ezc,PM Modi Resignation: PM Modi ने दिया इस्तीफा | Lok Sabha Election Result 2024 | Oath Ceremony,UgwkpKjaSaljVM1iZX14AaABAg,@MohinderSingh-qh5nl,Jumla no 420,0,1775260800,False
xhGwYrE0ezc,PM Modi Resignation: PM Modi ने दिया इस्तीफा | Lok Sabha Election Result 2024 | Oath Ceremony,UgwVFN-igT4l7BGr6FB4AaABAg,@RajniSingh-q2y,Yogi ko bnao pm,0,1746316800,False
xhGwYrE0ezc,PM Modi Resignation: PM Modi ने दिया इस्तीफा | Lok Sabha Election Result 2024 | Oath Ceremony,UgzEDRibtSKSrNOsmKZ4AaABAg,@durgamadhabdash4402,Jhuuta news faila raha hay.,0,1759536000,False
xhGwYrE0ezc,PM Modi Resignation: PM Modi ने दिया इस्तीफा | Lok Sabha Election Result 2024 | Oath Ceremony,UgzI_428xB4LvU37NcV4AaABAg,@GurmeetSingh-we3kq,Pagal,0,1777334400,False
xhGwYrE0ezc,PM Modi Resignation: PM Modi ने दिया इस्तीफा | Lok Sabha Election Result 2024 | Oath Ceremony,Ugy1wF2s6CHLv9MhyFl4AaABAg,@JAGDITZ,Abe pahle Resign Denge Tabhi To 3ri Baar Sapath Leke Pm Bangenge😂😂,0,1746316800,False
xhGwYrE0ezc,PM Modi Resignation: PM Modi ने दिया इस्तीफा | Lok Sabha Election Result 2024 | Oath Ceremony,Ugy1wF2s6CHLv9MhyFl4AaABAg.A4Iso1WyC3KA4J47SGyOIk,@Vijayshreesingh879,"Namune hai sab 
Itna samjh hota to 😂",0,1746316800,True
xhGwYrE0ezc,PM Modi Resignation: PM Modi ने दिया इस्तीफा | Lok Sabha Election Result 2024 | Oath Ceremony,UgzgF3cWLcz6UkowruJ4AaABAg,@sayedkhushi9245,Ky fyda hua gufa se niklne ka wahi se chle jate te jhola lekar,0,1746316800,False
xhGwYrE0ezc,PM Modi Resignation: PM Modi ने दिया इस्तीफा | Lok Sabha Election Result 2024 | Oath Ceremony,UgwUp-YUk0irc1luMRx4AaABAg,@madhuritripathi9309,Jhuthi khabren dekar ke apna channel chalate ho aapko sharm nahin aati,0,1746316800,False
xhGwYrE0ezc,PM Modi Resignation: PM Modi ने दिया इस्तीफा | Lok Sabha Election Result 2024 | Oath Ceremony,UgzJIMDdX-aeeuJY8RB4AaABAg,@PralhadLokhande-r2t,Ab. Modi. Jayenge. Jail,0,1759536000,False
xhGwYrE0ezc,PM Modi Resignation: PM Modi ने दिया इस्तीफा | Lok Sabha Election Result 2024 | Oath Ceremony,Ugzoy-dy6HCbamxG_jl4AaABAg,@MohinderSingh-qh5nl,Pani me doob jana chahiye,0,1775260800,False
xhGwYrE0ezc,PM Modi Resignation: PM Modi ने दिया इस्तीफा | Lok Sabha Election Result 2024 | Oath Ceremony,UgzvUwQl8BdrgycwUT14AaABAg,@rajsinghgill2038,Chal jhuthi bakvas kar rahi 3,0,1746316800,False
xhGwYrE0ezc,PM Modi Resignation: PM Modi ने दिया इस्तीफा | Lok Sabha Election Result 2024 | Oath Ceremony,UgzCa6d4KBKC3TahdPF4AaABAg,@MahebubahemadSyed,AAPBEWAKUF HAIN 2024 KI KHABAR 2025 MEN BATAKAR AAO JANTA KI DISHABHUL KAR RAHE HAI. AAPKO TAZA KHABREN NAHI MALUM TO UTUBE BAND KARDO..,0,1767484800,False
xhGwYrE0ezc,PM Modi Resignation: PM Modi ने दिया इस्तीफा | Lok Sabha Election Result 2024 | Oath Ceremony,UgyvebEMlnQo2T0VmNF4AaABAg,@PrajapatiDineshbhai-wh9rg,Very good news Gujarat Mehsana district BJP hatavo Desh Bachavo,0,1775260800,False
xhGwYrE0ezc,PM Modi Resignation: PM Modi ने दिया इस्तीफा | Lok Sabha Election Result 2024 | Oath Ceremony,Ugwj9N14KtePVnyvhIh4AaABAg,@utkarshkolhe8139,Modi ko 5000 sal P M  Rakho,0,1759536000,False
xhGwYrE0ezc,PM Modi Resignation: PM Modi ने दिया इस्तीफा | Lok Sabha Election Result 2024 | Oath Ceremony,Ugx2dm8V2yyUIzjMWSV4AaABAg,@gitagupta6023,Modi ji desh ko age kiya h❤,0,1759536000,False
xhGwYrE0ezc,PM Modi Resignation: PM Modi ने दिया इस्तीफा | Lok Sabha Election Result 2024 | Oath Ceremony,UgygRzCMYL1Je1j6UHZ4AaABAg,@AkhilaBarik-q2c,Great Day Modi resigned Achhe Din AayTe,0,1775260800,False
xhGwYrE0ezc,PM Modi Resignation: PM Modi ने दिया इस्तीफा | Lok Sabha Election Result 2024 | Oath Ceremony,UgyLt3TIJr4MPr_HBoZ4AaABAg,@MagdaliPurty-r7i,Rahul Gandhi jindabad,0,1759536000,False
xhGwYrE0ezc,PM Modi Resignation: PM Modi ने दिया इस्तीफा | Lok Sabha Election Result 2024 | Oath Ceremony,UgzVtAhVvxFsT3OXH9Z4AaABAg,@shibugeorge3265,Rahul Gandhi jindabad,0,1746316800,False
xhGwYrE0ezc,PM Modi Resignation: PM Modi ने दिया इस्तीफा | Lok Sabha Election Result 2024 | Oath Ceremony,UgwkpK4XndwbqgB_fuB4AaABAg,@Congratulations12-r8g,Fek modi ji jindabad,0,1746316800,False
xhGwYrE0ezc,PM Modi Resignation: PM Modi ने दिया इस्तीफा | Lok Sabha Election Result 2024 | Oath Ceremony,Ugy5Q2OGpffmGUA80Ed4AaABAg,@ShnayaKapoor-rc8pp,Modi ji dobara 8 june ko shapath lege..jai shree ram,2,1746316800,False
xhGwYrE0ezc,PM Modi Resignation: PM Modi ने दिया इस्तीफा | Lok Sabha Election Result 2024 | Oath Ceremony,Ugy5Q2OGpffmGUA80Ed4AaABAg.A4Im4KEDNp8A4It3x0HG26,@lucifermorningstar5848,😂😂😂😂😂😂,0,1746316800,True
xhGwYrE0ezc,PM Modi Resignation: PM Modi ने दिया इस्तीफा | Lok Sabha Election Result 2024 | Oath Ceremony,UgwMVg-ZUUM8EQbjtQh4AaABAg,@debasishpattu5426,Bolo tara tara 🥳🥳🥳🥳,0,1746316800,False
xhGwYrE0ezc,PM Modi Resignation: PM Modi ने दिया इस्तीफा | Lok Sabha Election Result 2024 | Oath Ceremony,UgxC87hz3Hej64w5zjB4AaABAg,@KalicharanSharma-t5x,इसने इराक में रूस में इसने दोस्ती करके नहीं डीजल पेट्रोल गैस बंद करवा दी सभी किसान लोग घबरा रहे हैं 3500 में सिलेंडर मिला है तो लड़ी है नहीं किस पर रोक चल रही है लड़कियों का सिलेंडर भी महंगा हो गया यह मोदी को सरकार से निकले,0,1775260800,False
xhGwYrE0ezc,PM Modi Resignation: PM Modi ने दिया इस्तीफा | Lok Sabha Election Result 2024 | Oath Ceremony,UgyJVFOxnM5s4LELcSB4AaABAg,@VishnuDevSingh-dc8uq,बहुत ही दुखद बात देश के लिए नुकसान हैं🙏💕 में पुनः मोदी सर से अगरह करता हूँ देश में आपकी जरूरत है या अगला राष्ट्रपति के लिए तैयारी करने की जरूरत है🙏💕,3,1748995200,False
xhGwYrE0ezc,PM Modi Resignation: PM Modi ने दिया इस्तीफा | Lok Sabha Election Result 2024 | Oath Ceremony,UgyT1-iqLnc9He-dhbF4AaABAg,@nihalsingh224,Modi hi aayega,8,1746316800,False
xhGwYrE0ezc,PM Modi Resignation: PM Modi ने दिया इस्तीफा | Lok Sabha Election Result 2024 | Oath Ceremony,UgyT1-iqLnc9He-dhbF4AaABAg.A4IaDcaxUbrA4IccfclOD2,@AshokYadav-oi8ut,आयेगा तो अबकी बार कई पट्टे और लगाम पहने आयेगा,3,1746316800,True
xhGwYrE0ezc,PM Modi Resignation: PM Modi ने दिया इस्तीफा | Lok Sabha Election Result 2024 | Oath Ceremony,Ugy9MSJXPyEzfA022uh4AaABAg,@bollywoodfilmistar,Rahul Gandhi best PM like ❤❤❤❤❤❤❤❤❤❤❤❤❤,0,1772582400,False
xhGwYrE0ezc,PM Modi Resignation: PM Modi ने दिया इस्तीफा | Lok Sabha Election Result 2024 | Oath Ceremony,Ugzg4QcL1rQXdXPhViR4AaABAg,@navaljaiin,"Dhruv Rathi attendance here.
❤️
👇",23,1746316800,False
xhGwYrE0ezc,PM Modi Resignation: PM Modi ने दिया इस्तीफा | Lok Sabha Election Result 2024 | Oath Ceremony,Ugz9ejlZT7aA0WHT0u14AaABAg,@JaiBharat969,Modi ji aur Bharat ko Jai ho,0,1746316800,False
xhGwYrE0ezc,PM Modi Resignation: PM Modi ने दिया इस्तीफा | Lok Sabha Election Result 2024 | Oath Ceremony,UgxonDFBxLeoytPSftV4AaABAg,@AmarAmar-fd8ji,"बहुत अच्छी बात है, तानाशाह गया ,अहंकार गया, भगवान जो करता है अच्छा करता है,देश बेच कर चला गया,",0,1759536000,False
xhGwYrE0ezc,PM Modi Resignation: PM Modi ने दिया इस्तीफा | Lok Sabha Election Result 2024 | Oath Ceremony,UgyLVO9vKlDctStJS8p4AaABAg,@Anarchist369,Resign and leave the country...we don't want a liar to be PM who only lie 24×7 shamelessly,0,1746316800,False
xhGwYrE0ezc,PM Modi Resignation: PM Modi ने दिया इस्तीफा | Lok Sabha Election Result 2024 | Oath Ceremony,Ugz6hOEhYiw3xPd_ywh4AaABAg,@krishnaacademy1736,finaly modi ka chehra ab nahi dekhna padega,4,1746316800,False
xhGwYrE0ezc,PM Modi Resignation: PM Modi ने दिया इस्तीफा | Lok Sabha Election Result 2024 | Oath Ceremony,Ugz6hOEhYiw3xPd_ywh4AaABAg.A4IagrKyK2VA4Ic4PRIw6P,@CHRISdiary77264,🤣😂😂😂Aur aapka bhi jannat ka ticket 🎫 booking kardiya maine ...,5,1746316800,True
xhGwYrE0ezc,PM Modi Resignation: PM Modi ने दिया इस्तीफा | Lok Sabha Election Result 2024 | Oath Ceremony,Ugz6hOEhYiw3xPd_ywh4AaABAg.A4IagrKyK2VA4Icntir_c3,@RamRahim-nd5xm,पनुती पनुति पनीति 😂😂😂 एक सेकंड का बी चेहरा नही देखता में,1,1746316800,True
xhGwYrE0ezc,PM Modi Resignation: PM Modi ने दिया इस्तीफा | Lok Sabha Election Result 2024 | Oath Ceremony,Ugz6hOEhYiw3xPd_ywh4AaABAg.A4IagrKyK2VA4Irj8OKp-j,@cndezq,"😂😂
Abe phir wapas aayega😂😂
236 me sarkar nahi banti hai😂😂",0,1746316800,True
xhGwYrE0ezc,PM Modi Resignation: PM Modi ने दिया इस्तीफा | Lok Sabha Election Result 2024 | Oath Ceremony,UgzO38x6oCWNA1SQYH14AaABAg,@TilakRam-n7b,Sarkar banegi Rahul Gandhi ki khatm kahani Modi Yogi ki,0,1748995200,False
xhGwYrE0ezc,PM Modi Resignation: PM Modi ने दिया इस्तीफा | Lok Sabha Election Result 2024 | Oath Ceremony,Ugy4TcpPA9XV-ubZysB4AaABAg,@HaridevSharma-rc1jv,मनुस्मृति जलाने वाले को भारत रत्न अवॉर्ड देकर मोदी सरकार ने ऐतिहासिक भूल की है अब अम्बेडकर वादी ही मोदी सरकार को वोट देगा कोई मानवता वादी नहीं।,0,1762214400,False
xhGwYrE0ezc,PM Modi Resignation: PM Modi ने दिया इस्तीफा | Lok Sabha Election Result 2024 | Oath Ceremony,UgwRy-9615EGHguMioB4AaABAg,@AndyRobHash123,Modi ko jail bhejo corruption charges par,0,1770163200,False
xhGwYrE0ezc,PM Modi Resignation: PM Modi ने दिया इस्तीफा | Lok Sabha Election Result 2024 | Oath Ceremony,UgxjyDpqH2ONC6nateB4AaABAg,@deshi_Balak12x,"_____घमंड था बहुत टूट गया,,,,, अच्छा हुआ",1,1746316800,False
xhGwYrE0ezc,PM Modi Resignation: PM Modi ने दिया इस्तीफा | Lok Sabha Election Result 2024 | Oath Ceremony,UgwbQYlsE_DZfPuJSgh4AaABAg,@H4NKICK,India mukt hua paw paw se,6,1746316800,False
xhGwYrE0ezc,PM Modi Resignation: PM Modi ने दिया इस्तीफा | Lok Sabha Election Result 2024 | Oath Ceremony,Ugw6WEsjZJ0uda_pyER4AaABAg,@SahidAnsari-nz9sx,Sab bakwas hai,0,1777161600,False
xhGwYrE0ezc,PM Modi Resignation: PM Modi ने दिया इस्तीफा | Lok Sabha Election Result 2024 | Oath Ceremony,UgyT1Unv4E7fsjBzOCN4AaABAg,@sabitasethi9603,"Modi ji best ,,wo pm nehi banenge tto Bharat ka future andhakar ho jayega ......modi ji jaise koi neehi he is best pm❤",3,1746316800,False
xhGwYrE0ezc,PM Modi Resignation: PM Modi ने दिया इस्तीफा | Lok Sabha Election Result 2024 | Oath Ceremony,UgwlUIm_TCalcCZHV7l4AaABAg,@sumirankushwaha4099,भारत के लिए बहुत दुःखद है मोदी जी को इस्तीफा नहीं देना चाहिए,3,1746316800,False
xhGwYrE0ezc,PM Modi Resignation: PM Modi ने दिया इस्तीफा | Lok Sabha Election Result 2024 | Oath Ceremony,UgwlUIm_TCalcCZHV7l4AaABAg.A4NKeyAg3G8A7R6VXtGeaY,@DalbirKhan-ky7fz,अच्छी बात है,0,1746316800,True
xhGwYrE0ezc,PM Modi Resignation: PM Modi ने दिया इस्तीफा | Lok Sabha Election Result 2024 | Oath Ceremony,UgyYD92M0Ks-N5jEAJl4AaABAg,@ompandey196,Ab sab ka baap aaye ga Yogi,0,1746316800,False
xhGwYrE0ezc,PM Modi Resignation: PM Modi ने दिया इस्तीफा | Lok Sabha Election Result 2024 | Oath Ceremony,Ugzj6V5rf-XVbhDhhnx4AaABAg,@Aasmohd.o,Bahut Khushi Hui,0,1746316800,False
xhGwYrE0ezc,PM Modi Resignation: PM Modi ने दिया इस्तीफा | Lok Sabha Election Result 2024 | Oath Ceremony,Ugx30ed2rE0xXrxtQP94AaABAg,@FizaKhan-pt9pr,Bahut acha hua,0,1746316800,False
xhGwYrE0ezc,PM Modi Resignation: PM Modi ने दिया इस्तीफा | Lok Sabha Election Result 2024 | Oath Ceremony,UgyuMfMUwm3S4DrjWUt4AaABAg,@PuranlalDhidhi,फेक न्युज,0,1759536000,False
xhGwYrE0ezc,PM Modi Resignation: PM Modi ने दिया इस्तीफा | Lok Sabha Election Result 2024 | Oath Ceremony,UgzSc-N5De3zLeatgpx4AaABAg,@mansinghthakur3277,Fakiram.fako,0,1751587200,False
xhGwYrE0ezc,PM Modi Resignation: PM Modi ने दिया इस्तीफा | Lok Sabha Election Result 2024 | Oath Ceremony,Ugy9Qmwh9O7fJB4ob_B4AaABAg,@Shreenath-bu5dz,Panoti gaya aeb,0,1762214400,False
xhGwYrE0ezc,PM Modi Resignation: PM Modi ने दिया इस्तीफा | Lok Sabha Election Result 2024 | Oath Ceremony,UgyPmO2TCnhVK_O8VlV4AaABAg,@dineshtank3621,Pm Rahul gandh shy😂😂😂😂😂😂😂😂😂🎉,0,1748995200,False
xhGwYrE0ezc,PM Modi Resignation: PM Modi ने दिया इस्तीफा | Lok Sabha Election Result 2024 | Oath Ceremony,UgwvT1qWkY3O9SuPIPZ4AaABAg,@PrashantKhandare-np4km,जरा लाज ठेवा जूने,0,1775260800,False
xhGwYrE0ezc,PM Modi Resignation: PM Modi ने दिया इस्तीफा | Lok Sabha Election Result 2024 | Oath Ceremony,Ugxis7VLS6mpPxDFQ9Z4AaABAg,@ChampakTaviyad,फेक,0,1775260800,False
xhGwYrE0ezc,PM Modi Resignation: PM Modi ने दिया इस्तीफा | Lok Sabha Election Result 2024 | Oath Ceremony,Ugwling_N_7eaaO3X_14AaABAg,@SunderSingh-vq1rs,Bakvas hai,0,1772582400,False
xhGwYrE0ezc,PM Modi Resignation: PM Modi ने दिया इस्तीफा | Lok Sabha Election Result 2024 | Oath Ceremony,UgyKsRRGu4mumrVpiFV4AaABAg,@PrakashBarot-k3k,Fak.vedio.hai,0,1754265600,False
xhGwYrE0ezc,PM Modi Resignation: PM Modi ने दिया इस्तीफा | Lok Sabha Election Result 2024 | Oath Ceremony,UgwF5xrCXpO25vEgU0l4AaABAg,@ashokkumar-gn2fl,Acha hua panoti hta,0,1762214400,False
xhGwYrE0ezc,PM Modi Resignation: PM Modi ने दिया इस्तीफा | Lok Sabha Election Result 2024 | Oath Ceremony,Ugwh6DMpRFeVdKyQMJB4AaABAg,@HemkumarNial,Modi Rastrapati banenge,0,1759536000,False
xhGwYrE0ezc,PM Modi Resignation: PM Modi ने दिया इस्तीफा | Lok Sabha Election Result 2024 | Oath Ceremony,UgxYgDI5QYPrAyzPDaR4AaABAg,@maheshkhangwal7151,Yogi adityanath bulldozer Baba pm bnao,0,1759536000,False
xhGwYrE0ezc,PM Modi Resignation: PM Modi ने दिया इस्तीफा | Lok Sabha Election Result 2024 | Oath Ceremony,UgyDtOfA2W4uAFOf4Z14AaABAg,@ManmohansinghChauhan-o6n,पागल पंती की भी हद है कहा से लाती हो ये न्यूज़ 😂😂😂,0,1746316800,False
xhGwYrE0ezc,PM Modi Resignation: PM Modi ने दिया इस्तीफा | Lok Sabha Election Result 2024 | Oath Ceremony,UgyCGaYPhTR2e1yEV194AaABAg,@munnanasim901,Fek news,0,1775260800,False
xhGwYrE0ezc,PM Modi Resignation: PM Modi ने दिया इस्तीफा | Lok Sabha Election Result 2024 | Oath Ceremony,UgyzRCDNYX73WVI0gpd4AaABAg,@SonikaRaghav-ez9xf,You are always great our pm modi but i am sad 😢😢,0,1746316800,False
xhGwYrE0ezc,PM Modi Resignation: PM Modi ने दिया इस्तीफा | Lok Sabha Election Result 2024 | Oath Ceremony,UgzGqGnGjLEcJwGApI14AaABAg,@vermahitesh2446,Is chenal ko band karna chahiye,0,1775260800,False
xhGwYrE0ezc,PM Modi Resignation: PM Modi ने दिया इस्तीफा | Lok Sabha Election Result 2024 | Oath Ceremony,UgwL3cKClFnCfFGK8814AaABAg,@VinodYadav-s9t,Chaikidar chur hai,0,1748995200,False
xhGwYrE0ezc,PM Modi Resignation: PM Modi ने दिया इस्तीफा | Lok Sabha Election Result 2024 | Oath Ceremony,UgwD8KMGHMDptqR9w4p4AaABAg,@Tushar-hd6ur,"World heero
Modi g",0,1746316800,False
xhGwYrE0ezc,PM Modi Resignation: PM Modi ने दिया इस्तीफा | Lok Sabha Election Result 2024 | Oath Ceremony,UgwD8KMGHMDptqR9w4p4AaABAg.A4J2_ff3yO5A4O3ur1Bqtz,@Mehendidesighn,😂😂,0,1746316800,True
xhGwYrE0ezc,PM Modi Resignation: PM Modi ने दिया इस्तीफा | Lok Sabha Election Result 2024 | Oath Ceremony,UgypfzaZlVAL4-u-6vh4AaABAg,@onkarmondal5893,Fuku mukth nho,0,1746316800,False
xhGwYrE0ezc,PM Modi Resignation: PM Modi ने दिया इस्तीफा | Lok Sabha Election Result 2024 | Oath Ceremony,UgwDFfhG6qciVLzdS7t4AaABAg,@indiastyle1394,कहाँ है अन्धभक्त,5,1746316800,False
xhGwYrE0ezc,PM Modi Resignation: PM Modi ने दिया इस्तीफा | Lok Sabha Election Result 2024 | Oath Ceremony,UgwDFfhG6qciVLzdS7t4AaABAg.A4IcQAVIPxeA4IjHDSBtMa,@abhayraichand1863,Hello Andhnamazi,1,1746316800,True
xhGwYrE0ezc,PM Modi Resignation: PM Modi ने दिया इस्तीफा | Lok Sabha Election Result 2024 | Oath Ceremony,UgwDFfhG6qciVLzdS7t4AaABAg.A4IcQAVIPxeA4IlYTVqeeg,@RajanKumar-tg1wb,Yehi Pe Hoon Bol 😂,1,1746316800,True
xhGwYrE0ezc,PM Modi Resignation: PM Modi ने दिया इस्तीफा | Lok Sabha Election Result 2024 | Oath Ceremony,UgxDws1L1jd5YHNChO94AaABAg,@Shyamyadav-1984,तीसरी बार फिर से मोदी सरकार,0,1746316800,False
xhGwYrE0ezc,PM Modi Resignation: PM Modi ने दिया इस्तीफा | Lok Sabha Election Result 2024 | Oath Ceremony,Ugz8SOn7aVIYC7dYO_t4AaABAg,@ManjuSaini-p9w,क्यों बेवकूफ बना रही हो बीजेपी और इस्तीफा पूरा देश बकनबेकने के बाद झोला उठा कर भागेगा,0,1746316800,False
xhGwYrE0ezc,PM Modi Resignation: PM Modi ने दिया इस्तीफा | Lok Sabha Election Result 2024 | Oath Ceremony,UgxJdLiYUjltqYEJx0Z4AaABAg,@nitin...7027,Modi hatao Desh bachao 😂👍,13,1746316800,False
xhGwYrE0ezc,PM Modi Resignation: PM Modi ने दिया इस्तीफा | Lok Sabha Election Result 2024 | Oath Ceremony,UgxJdLiYUjltqYEJx0Z4AaABAg.A4I_4yp7spgA4IaWn4PxH8,@Anime_montar_,Aba babacuf phir sa p m bana ka leya purana Wale sadsata hatana ka leya istafa dana parta haa anpadho 😂😂😂,4,1746316800,True
xhGwYrE0ezc,PM Modi Resignation: PM Modi ने दिया इस्तीफा | Lok Sabha Election Result 2024 | Oath Ceremony,UgyyBp8pJIRZwJOUycV4AaABAg,@ShashiBala-z8f,Bkbas vidio,0,1777161600,False
xhGwYrE0ezc,PM Modi Resignation: PM Modi ने दिया इस्तीफा | Lok Sabha Election Result 2024 | Oath Ceremony,UgxskmMtzoJP4ETGU4d4AaABAg,@SKentertainment131,मोदी था मोदी है मोदी रहेगा हर हर मोदी घर घर मोदी मोदी पीएम बना था मोदी पीएम बनेगा,2,1746316800,False
xhGwYrE0ezc,PM Modi Resignation: PM Modi ने दिया इस्तीफा | Lok Sabha Election Result 2024 | Oath Ceremony,UgyTK02eTSIzyFz-mIN4AaABAg,@vihanvlogs5471,Modi jesa pm ni milega kabhi bhi is desh ko,8,1746316800,False
xhGwYrE0ezc,PM Modi Resignation: PM Modi ने दिया इस्तीफा | Lok Sabha Election Result 2024 | Oath Ceremony,UgyTK02eTSIzyFz-mIN4AaABAg.A4JRFdazekaA4O3mhxdZuZ,@Mehendidesighn,Ye to sahi bola aapne 😂😂😂kabhi nahi milega,0,1746316800,True
xhGwYrE0ezc,PM Modi Resignation: PM Modi ने दिया इस्तीफा | Lok Sabha Election Result 2024 | Oath Ceremony,UgyTK02eTSIzyFz-mIN4AaABAg.A4JRFdazekaA4OIChHfPKT,@shabanaansari2699,😂😂😂😂,0,1746316800,True
xhGwYrE0ezc,PM Modi Resignation: PM Modi ने दिया इस्तीफा | Lok Sabha Election Result 2024 | Oath Ceremony,UgyTK02eTSIzyFz-mIN4AaABAg.A4JRFdazekaA97zUkypPsR,@rakeshtiwari6135,"Pacl company ka paisa return to kar diya hota,per nahi,chor  hai bjp ke kuch mantri",0,1746316800,True
xhGwYrE0ezc,PM Modi Resignation: PM Modi ने दिया इस्तीफा | Lok Sabha Election Result 2024 | Oath Ceremony,UgyTK02eTSIzyFz-mIN4AaABAg.A4JRFdazekaABJJswGfgET,@salmapathan908Pathan,मोदी जी के सरकार ने तेल के भाव 150 के गेहूं का भाव 140 क किया गरीबों का क्या होगामोदी जी राशन प्रधानमंत्री कोई भी बने लेकिन जनता की राय यह है राशन के और गरीबों के अनाज के भाव कम किया जाए गरीब से गरीब तेल और गेहूं चावल खरीद के अपना घर चला पाए लड़की बहन योजना के पैसे देकर राशन के दामों में बढ़ोतरी की हम आम जनता गरीब जनताहै,0,1746316800,True
xhGwYrE0ezc,PM Modi Resignation: PM Modi ने दिया इस्तीफा | Lok Sabha Election Result 2024 | Oath Ceremony,UgzLH3LdJ0d6qd9DUuJ4AaABAg,@ratilalshah151,Happy Birthday to Prime minister Narendrabhai Damodardas Modi of India Best wishes long live 🇮🇳 😀 😄 ♥️ ❤️ 😎 🇮🇳 😀 😄 ♥️ ❤️ 😎 🇮🇳 😀,0,1762214400,False
xhGwYrE0ezc,PM Modi Resignation: PM Modi ने दिया इस्तीफा | Lok Sabha Election Result 2024 | Oath Ceremony,UgyZrhJdrxDi_c20fwZ4AaABAg,@SambhavPun,Haha chala gaya feku 😂😂,0,1746316800,False
xhGwYrE0ezc,PM Modi Resignation: PM Modi ने दिया इस्तीफा | Lok Sabha Election Result 2024 | Oath Ceremony,UgxwipmD3cIdNEDEfWd4AaABAg,@kishanmitraankit,आप जैसे बड़े चैनल से इतनी उम्मीद नही थी की इतनी घाटीया सोच लेकर आप खबर देखते है झूठ की हद होती है आज से इस चैनल से विश्वास उठ गया,0,1748995200,False
xhGwYrE0ezc,PM Modi Resignation: PM Modi ने दिया इस्तीफा | Lok Sabha Election Result 2024 | Oath Ceremony,Ugx2SB9nNLztUdz2twB4AaABAg,@mdfayaz9127,Ab ki bar road ke par. Modi gya tu too gaya modi hatoo Desh bachoo,0,1746316800,False
xhGwYrE0ezc,PM Modi Resignation: PM Modi ने दिया इस्तीफा | Lok Sabha Election Result 2024 | Oath Ceremony,UgyOI9DZAWz6g4rEKWZ4AaABAg,@arjunbavari8560,मोदी को लाओ देश बचाओ टूट जायेगा देश मोदी जायेगा तो। जो कभी सोचा ना हो गा वो होगा देश में 🙏,2,1746316800,False
xhGwYrE0ezc,PM Modi Resignation: PM Modi ने दिया इस्तीफा | Lok Sabha Election Result 2024 | Oath Ceremony,UgyOI9DZAWz6g4rEKWZ4AaABAg.A4JZme58ZHJA97zKZbh1kx,@rakeshtiwari6135,"गरीब एजेंट तो वैसे भी मर रहे हैं, क्या फर्क पड़ता है,",0,1746316800,True
xhGwYrE0ezc,PM Modi Resignation: PM Modi ने दिया इस्तीफा | Lok Sabha Election Result 2024 | Oath Ceremony,UgzkaoRYZaGydU-5RHZ4AaABAg,@BuddhilalVerma-o7t,"फिर झूठ बोल रही हो, सत्य बोलने से क्या आप को मोदी मना कर रहा है। यदि स्तीफा नहीं दिया तो तुमको हजारों गाली सहना पड़ेगा।",0,1777248000,False
xhGwYrE0ezc,PM Modi Resignation: PM Modi ने दिया इस्तीफा | Lok Sabha Election Result 2024 | Oath Ceremony,UgzkaoRYZaGydU-5RHZ4AaABAg.AW3i0aeE5RfAW4HY14lQEB,@Oldagelife1950,Are bhai ghusa mat karna .Inke pas koi topic nahin hai .Isliye 1 sal purana video lagakar chai pine gaye hai,0,1777334400,True
xhGwYrE0ezc,PM Modi Resignation: PM Modi ने दिया इस्तीफा | Lok Sabha Election Result 2024 | Oath Ceremony,Ugw9lwFf2OL5calfJux4AaABAg,@Neharikakumari782,❤️ Modi ❤️ ji ❤️ is ❤️ best ❤️❤️❤️❤️❤️❤️❤️❤️❤️❤️❤️ ❤️❤️❤️❤️❤️❤️❤️❤️❤️❤️❤️❤️❤️❤️❤️❤️❤️❤️❤️❤️,1,1746316800,False
xhGwYrE0ezc,PM Modi Resignation: PM Modi ने दिया इस्तीफा | Lok Sabha Election Result 2024 | Oath Ceremony,UgwrQon26bNpz1Sxo2F4AaABAg,@Mrb3st1m,Kya isteefa dena padhta hai ki modi hat gay hamesha ki liye istifa deke,0,1746316800,False
xhGwYrE0ezc,PM Modi Resignation: PM Modi ने दिया इस्तीफा | Lok Sabha Election Result 2024 | Oath Ceremony,UgwrQon26bNpz1Sxo2F4AaABAg.A4IgziZzA3JA4IruXMbgGZ,@Stocks_Greeks,"Bhai dena padta hai new loksabha chalu se pehle 
Fir se chuna jayega PM ko Modi ko hi chunege ye",0,1746316800,True
5ebeS877-QE,Breaking News: PM मोदी ने दिया प्रधानमंत्री पद से इस्तीफा | PM Modi tenders his Resignation,UgzSHjppC-bo3msjwHZ4AaABAg,@EducateAgitateAndOrganize,Media ka super dance shuru hone wala hai😂😂😂😂,30,1746316800,False
5ebeS877-QE,Breaking News: PM मोदी ने दिया प्रधानमंत्री पद से इस्तीफा | PM Modi tenders his Resignation,UgwQRbmTAMXA9a1Oh6J4AaABAg,@ShadowMonarch_2468,Aaye haye aaye haye mje 😅😂,10,1746316800,False
5ebeS877-QE,Breaking News: PM मोदी ने दिया प्रधानमंत्री पद से इस्तीफा | PM Modi tenders his Resignation,UgxkLvTviz_elgIMuxx4AaABAg,@GirrajmeenaGirrajmeena-i4y,🎉🎉🎉🎉🎉🎉🎉🎉🎉🎉🎉🎉🎉🎉🎉🎉🎉🎉🎉🎉🎉 मजा आ गया गरीबो ने देश कि जनता को अब साइद महगाई कम हो रोजगार मिले,11,1756944000,False
5ebeS877-QE,Breaking News: PM मोदी ने दिया प्रधानमंत्री पद से इस्तीफा | PM Modi tenders his Resignation,UgxxDil_O7sQPNa9h8l4AaABAg,@MdashifKhan-p3q,❤❤❤❤,1,1772582400,False
5ebeS877-QE,Breaking News: PM मोदी ने दिया प्रधानमंत्री पद से इस्तीफा | PM Modi tenders his Resignation,Ugyc-7xd8AEcDtjyjx14AaABAg,@visha_vishakha,Maza aa gya 🎉🎉🎉🎉,1,1762214400,False
5ebeS877-QE,Breaking News: PM मोदी ने दिया प्रधानमंत्री पद से इस्तीफा | PM Modi tenders his Resignation,UgxRfwJ6ogQXQz8Fjlp4AaABAg,@SumanLata-y2d,Maja aa gya h ❤,0,1756944000,False
5ebeS877-QE,Breaking News: PM मोदी ने दिया प्रधानमंत्री पद से इस्तीफा | PM Modi tenders his Resignation,UgzeRigVkX48hKc0_Dt4AaABAg,@bmukeshofficial2330,O Bhai omm fo😂😂😂,0,1746316800,False
5ebeS877-QE,Breaking News: PM मोदी ने दिया प्रधानमंत्री पद से इस्तीफा | PM Modi tenders his Resignation,Ugy9hAwTb20yyuoCfYF4AaABAg,@AasthaMishra-bp9im,Ye kyun 😮?,0,1746316800,False
5ebeS877-QE,Breaking News: PM मोदी ने दिया प्रधानमंत्री पद से इस्तीफा | PM Modi tenders his Resignation,UgzXO8p5PnCTutGBEuZ4AaABAg,@kuniabehera9247,👍,0,1759536000,False
5ebeS877-QE,Breaking News: PM मोदी ने दिया प्रधानमंत्री पद से इस्तीफा | PM Modi tenders his Resignation,UgzJfLMyo2jFQBtm60B4AaABAg,@EducateAgitateAndOrganize,Bhai apne aap hee khush ho lo,2,1746316800,False
5ebeS877-QE,Breaking News: PM मोदी ने दिया प्रधानमंत्री पद से इस्तीफा | PM Modi tenders his Resignation,UgzCRWZJ5RpJtkdeqY14AaABAg,@ssc.prep.diaries,Adha gyan khushi hi deta h,7,1746316800,False
5ebeS877-QE,Breaking News: PM मोदी ने दिया प्रधानमंत्री पद से इस्तीफा | PM Modi tenders his Resignation,Ugweuqz5P63SlJTvLvh4AaABAg,@SaifuddinSaify-g7c,😃😃😃😃👌👌👌,0,1762214400,False
5ebeS877-QE,Breaking News: PM मोदी ने दिया प्रधानमंत्री पद से इस्तीफा | PM Modi tenders his Resignation,UgyIXF8NKhCOUFG2oc54AaABAg,@YogeshYadav-wx3pf,Shah uncke be like: sardaar khush hua... 🤣🤣,0,1746316800,False
5ebeS877-QE,Breaking News: PM मोदी ने दिया प्रधानमंत्री पद से इस्तीफा | PM Modi tenders his Resignation,UgzzxWvmfljMNUM9iKl4AaABAg,@ssc.prep.diaries,Unpadh log itna bhi nhi jante ki bina istifa diye dubara pradhanmantri nhi bnte😂😂😂,19,1746316800,False
5ebeS877-QE,Breaking News: PM मोदी ने दिया प्रधानमंत्री पद से इस्तीफा | PM Modi tenders his Resignation,UgzzxWvmfljMNUM9iKl4AaABAg.A4IeixRu13TA4IpXRVevUz,@harshkumar1444,hn bhai madarsa se phada ha inhone,2,1746316800,True
5ebeS877-QE,Breaking News: PM मोदी ने दिया प्रधानमंत्री पद से इस्तीफा | PM Modi tenders his Resignation,UgyPLtogC9JU7PRNIQJ4AaABAg,@BundKumarKamro,लगता है भारत देश को,0,1756944000,False
5ebeS877-QE,Breaking News: PM मोदी ने दिया प्रधानमंत्री पद से इस्तीफा | PM Modi tenders his Resignation,Ugx0cz83i4rw5dcFOHV4AaABAg,@ChattruMahapatra,Hindustanka sardaer bhaei achhtarpse soj samjakar. Bade bade lokko Chali chalnse  bujh kar achha rasta baharna Heto Sadhuna,0,1748995200,False
5ebeS877-QE,Breaking News: PM मोदी ने दिया प्रधानमंत्री पद से इस्तीफा | PM Modi tenders his Resignation,UgzNEHbYjA4FEAlAayN4AaABAg,@अपराजिता_2,अच्छी बात है 😂,0,1759536000,False
5ebeS877-QE,Breaking News: PM मोदी ने दिया प्रधानमंत्री पद से इस्तीफा | PM Modi tenders his Resignation,UgxBwIFSZ36v3i-wTep4AaABAg,@Praveen-x4n,फेंक न्यूज,2,1770163200,False
5ebeS877-QE,Breaking News: PM मोदी ने दिया प्रधानमंत्री पद से इस्तीफा | PM Modi tenders his Resignation,UgwjOh2IwoZ3owzJe3V4AaABAg,@Shera_Singh1988,😂gud,1,1746316800,False
5ebeS877-QE,Breaking News: PM मोदी ने दिया प्रधानमंत्री पद से इस्तीफा | PM Modi tenders his Resignation,UgzEDTQKDGgTTHq6YSF4AaABAg,@MdMoin-vy8xr,Hmesha ke liye diyaa hai estifa,0,1746316800,False
5ebeS877-QE,Breaking News: PM मोदी ने दिया प्रधानमंत्री पद से इस्तीफा | PM Modi tenders his Resignation,UgwU2wQjxhnyjP4YCbZ4AaABAg,@rajeshkumbhare4997,बहुत जल्द,0,1756944000,False
5ebeS877-QE,Breaking News: PM मोदी ने दिया प्रधानमंत्री पद से इस्तीफा | PM Modi tenders his Resignation,Ugwdg_XijKghj5ti7AB4AaABAg,@Abhimanyukumar-n1r2j,Khan Sar gret pm pad ke liye❤ 👍,0,1759536000,False
5ebeS877-QE,Breaking News: PM मोदी ने दिया प्रधानमंत्री पद से इस्तीफा | PM Modi tenders his Resignation,UgxdayMd8SVfnrFo2Xp4AaABAg,@bikrambiswal617,Desh ka bada sankat geya .,0,1746316800,False
5ebeS877-QE,Breaking News: PM मोदी ने दिया प्रधानमंत्री पद से इस्तीफा | PM Modi tenders his Resignation,UgwcgceUMTmqd6eB2wp4AaABAg,@daywantipaul4001,Jaldi do,0,1762214400,False
5ebeS877-QE,Breaking News: PM मोदी ने दिया प्रधानमंत्री पद से इस्तीफा | PM Modi tenders his Resignation,Ugw5lhrRO0IoR-6pztV4AaABAg,@sadikgujjar4537,😂😂😂😂😂😂😂😂😂😂😂😂😂😂😂😂😂😂😂😂😂😂😂,3,1746316800,False
5ebeS877-QE,Breaking News: PM मोदी ने दिया प्रधानमंत्री पद से इस्तीफा | PM Modi tenders his Resignation,UgwRYEZ63b6qMz--Dsh4AaABAg,@HariDas-i8i,Modijika ISTHIFA. KELIYE BAHUTH MARAMANDAN KAZHUTHAKAL HEY KUCH FAITHA NAHY,1,1746316800,False
5ebeS877-QE,Breaking News: PM मोदी ने दिया प्रधानमंत्री पद से इस्तीफा | PM Modi tenders his Resignation,Ugxs2HTyVMZHMJWLC2l4AaABAg,@Sofiya960-b1w,🎉🎉🎉🎉🎉🎉🎉😊😊😊😊😊😊😊😊😊😊,0,1764806400,False
5ebeS877-QE,Breaking News: PM मोदी ने दिया प्रधानमंत्री पद से इस्तीफा | PM Modi tenders his Resignation,UgwVDvgfIU-2eJ1S5y54AaABAg,@Creature3dcartoons,Video ek saal pahle ka hai 😂😂😂😂😂😂😂😊,0,1759536000,False
5ebeS877-QE,Breaking News: PM मोदी ने दिया प्रधानमंत्री पद से इस्तीफा | PM Modi tenders his Resignation,UgzWvbhVcn0QX2n6wnx4AaABAg,@GUNJAN16697,1 saal purani video😂😂😂,0,1762214400,False
5ebeS877-QE,Breaking News: PM मोदी ने दिया प्रधानमंत्री पद से इस्तीफा | PM Modi tenders his Resignation,UgwWnbWuUgpxBZLypMl4AaABAg,@pushprajsinha9082,Badhai ho desh wasiyon …😂😂,0,1764806400,False
5ebeS877-QE,Breaking News: PM मोदी ने दिया प्रधानमंत्री पद से इस्तीफा | PM Modi tenders his Resignation,UgwUXEVQPxFc2HLwH0t4AaABAg,@hothibabulal2090,ઓલ્ડ ન્યુઝ મત અબ દેના,0,1754265600,False
5ebeS877-QE,Breaking News: PM मोदी ने दिया प्रधानमंत्री पद से इस्तीफा | PM Modi tenders his Resignation,Ugwidkv-0CqlXxtiq-h4AaABAg,@SajadHussain-vl2hg,😆 😂 😆 😂,1,1746316800,False
5ebeS877-QE,Breaking News: PM मोदी ने दिया प्रधानमंत्री पद से इस्तीफा | PM Modi tenders his Resignation,UgyD6-NgmDIeO5Url2Z4AaABAg,@Md.Shalim-b5x,Jhuth bat hai,0,1759536000,False
5ebeS877-QE,Breaking News: PM मोदी ने दिया प्रधानमंत्री पद से इस्तीफा | PM Modi tenders his Resignation,UgyeYAsbnHXpBnOPD7F4AaABAg,@sumy2k547,"اللهم] لَا تُسَلِّطْ عَلَيْنَا مَنْ لَا يَرْحَمُنَا]
[Allahumma] la tusallit ‘alayna mal la yarhamuna

O Allah! Do not give authority (to a leader) over us who doesn’t have mercy upon us.
[Allahumma] la tusallit ‘alayna mal la yarhamuna",0,1746316800,False
5ebeS877-QE,Breaking News: PM मोदी ने दिया प्रधानमंत्री पद से इस्तीफा | PM Modi tenders his Resignation,Ugxa_EDJ4G2p75Ofmil4AaABAg,@manjumarandi1789,Johar santal pargana 💚💚💚 Sona disam uprajdhani dumka johar mother lend johar mission India Bible College Ranchi Jharkhand अ,0,1746316800,False
5ebeS877-QE,Breaking News: PM मोदी ने दिया प्रधानमंत्री पद से इस्तीफा | PM Modi tenders his Resignation,Ugwf671Zfk920maH0gt4AaABAg,@shahnazdailylife7910,mujhe to yakin hi nahi araha hi,0,1746316800,False
5ebeS877-QE,Breaking News: PM मोदी ने दिया प्रधानमंत्री पद से इस्तीफा | PM Modi tenders his Resignation,Ugwf671Zfk920maH0gt4AaABAg.AGeLte_60QPANyqQPXzIlV,@GUNJAN16697,1saal purani news😂,0,1762214400,True
5ebeS877-QE,Breaking News: PM मोदी ने दिया प्रधानमंत्री पद से इस्तीफा | PM Modi tenders his Resignation,UgyUjPH-SSysesI-6r14AaABAg,@junedahamad3053,Kripa karke YouTube per purane video na dalen logon mein afwah na failaye yahi aapse nivedan hai,0,1759536000,False
5ebeS877-QE,Breaking News: PM मोदी ने दिया प्रधानमंत्री पद से इस्तीफा | PM Modi tenders his Resignation,UgzyhHenRIXGFuxrc-h4AaABAg,@TruckDoctor-td1gf,Istifa dega fir sapat lega uska koi pata nahi😅😅😅,0,1746316800,False
5ebeS877-QE,Breaking News: PM मोदी ने दिया प्रधानमंत्री पद से इस्तीफा | PM Modi tenders his Resignation,UgyPWLu66FyfD09KigZ4AaABAg,@manawarkibatain648,😂😂😂😂😂,0,1748995200,False
5ebeS877-QE,Breaking News: PM मोदी ने दिया प्रधानमंत्री पद से इस्तीफा | PM Modi tenders his Resignation,UgwXa8gveuIjhMfr3W14AaABAg,@Rahul1794rr,Ab nhi PM hai,2,1746316800,False
5ebeS877-QE,Breaking News: PM मोदी ने दिया प्रधानमंत्री पद से इस्तीफा | PM Modi tenders his Resignation,Ugy7G7HCf_V7VNpcTU94AaABAg,@purnashakya3819,"The wicked, who rejoices in others' pain, has now met their own misfortune. I am truly pleased.",0,1759536000,False
5ebeS877-QE,Breaking News: PM मोदी ने दिया प्रधानमंत्री पद से इस्तीफा | PM Modi tenders his Resignation,UgwYsi4ZHe5fBqGLg3Z4AaABAg,@ayeshamirza6649,Ye kaam pehle hi kar deta to aaj humara bharat kitna aage hota,0,1746316800,False
5ebeS877-QE,Breaking News: PM मोदी ने दिया प्रधानमंत्री पद से इस्तीफा | PM Modi tenders his Resignation,UgwMIWKwWmqsSkmWVtN4AaABAg,@kk-xp9ep,Ab hoga khel suru .... Jai shree ram ... Ab lgegi modia ki waat,15,1746316800,False
5ebeS877-QE,Breaking News: PM मोदी ने दिया प्रधानमंत्री पद से इस्तीफा | PM Modi tenders his Resignation,UgwMIWKwWmqsSkmWVtN4AaABAg.A4IYoi5IVaTA4Ig49pitCT,@Dilutecricketlover,Bhai istifa hi Dena tha toh election kyu Lada aur ab jeetne ke baad istifa de diya hei toh kya koi aur 2029 Tak pm hoga ??,0,1746316800,True
5ebeS877-QE,Breaking News: PM मोदी ने दिया प्रधानमंत्री पद से इस्तीफा | PM Modi tenders his Resignation,UgwMIWKwWmqsSkmWVtN4AaABAg.A4IYoi5IVaTAIcEaSXpJo7,@prahladsahu6370,Yogi ​ @Dilutecricketlover,0,1748995200,True
5ebeS877-QE,Breaking News: PM मोदी ने दिया प्रधानमंत्री पद से इस्तीफा | PM Modi tenders his Resignation,Ugz5IYM3g7qZ8j3RHox4AaABAg,@Dimplemehta6090,😂😂,0,1770163200,False
5ebeS877-QE,Breaking News: PM मोदी ने दिया प्रधानमंत्री पद से इस्तीफा | PM Modi tenders his Resignation,UgwUG6rqTc4Wo5x6k3x4AaABAg,@Nazkhan070,Modi Ji thoda sa ghabra gai kya 😂😂😂😂😂😂😂😂😂😂😂😂😂😂😂😂😂😂😂,12,1746316800,False
5ebeS877-QE,Breaking News: PM मोदी ने दिया प्रधानमंत्री पद से इस्तीफा | PM Modi tenders his Resignation,UgyNGQdiTuYQiBlKa_V4AaABAg,@srdaughters3432,Modi ji ne desh ko bacha liya 😢 RESIGN de k😂😂😂 thank u modi ji badi khushi hui mhanusiyat khatam desh ki panoti gyi,0,1759536000,False
5ebeS877-QE,Breaking News: PM मोदी ने दिया प्रधानमंत्री पद से इस्तीफा | PM Modi tenders his Resignation,UgzTcWr-GcjBhNBl0VJ4AaABAg,@GeetaSharma-mb4bu,Bhai fake news kyo dikha rha hai,0,1759536000,False
5ebeS877-QE,Breaking News: PM मोदी ने दिया प्रधानमंत्री पद से इस्तीफा | PM Modi tenders his Resignation,Ugxo_x6xmHsZfPmiaB14AaABAg,@KrishnaDhanju,Ye SB bakwas band kri or public ko murakh my bnaoji,0,1746316800,False
5ebeS877-QE,Breaking News: PM मोदी ने दिया प्रधानमंत्री पद से इस्तीफा | PM Modi tenders his Resignation,UgyIDlkHouDQSfbED1Z4AaABAg,@AadilKhann-uc8vb,Kon kon Modi ko istifa dete hue Khush hai like kare😂,209,1746316800,False
5ebeS877-QE,Breaking News: PM मोदी ने दिया प्रधानमंत्री पद से इस्तीफा | PM Modi tenders his Resignation,UgyIDlkHouDQSfbED1Z4AaABAg.A4IaSBOYsR0A4IeAzGGEpX,@Theoryofus24,Atleast Modi ji is capable to be a pm 😒,12,1746316800,True
5ebeS877-QE,Breaking News: PM मोदी ने दिया प्रधानमंत्री पद से इस्तीफा | PM Modi tenders his Resignation,UgyIDlkHouDQSfbED1Z4AaABAg.A4IaSBOYsR0A4Ifwg1eJjd,@Dilutecricketlover,Bhai istifa hi Dena tha toh election kyu Lada aur ab jeetne ke baad istifa de diya hei toh kya koi aur 2029 Tak pm hoga ??,5,1746316800,True
5ebeS877-QE,Breaking News: PM मोदी ने दिया प्रधानमंत्री पद से इस्तीफा | PM Modi tenders his Resignation,UgyIDlkHouDQSfbED1Z4AaABAg.A4IaSBOYsR0A4Ip74n3q2X,@UtsavUpadhyay-do2kk,​ @Dilutecricketlover  ha 😢 lagta hai rahul बनेगा pm,1,1746316800,True
5ebeS877-QE,Breaking News: PM मोदी ने दिया प्रधानमंत्री पद से इस्तीफा | PM Modi tenders his Resignation,UgyIDlkHouDQSfbED1Z4AaABAg.A4IaSBOYsR0A4LcuZM1P1-,@aman_mishra113,​ @Dilutecricketlover  dubara pm bane ke liye istifa dena padta hai phir wapis pm bante hain,1,1746316800,True
5ebeS877-QE,Breaking News: PM मोदी ने दिया प्रधानमंत्री पद से इस्तीफा | PM Modi tenders his Resignation,UgyIDlkHouDQSfbED1Z4AaABAg.A4IaSBOYsR0A4LmeF--DB0,@Dilutecricketlover,"@aman_mishra113  ab samjha, thanks bhai lekin yaha par kitno se pucha lekin inko taane marna pehle aata hei lekin jab baat kuch batane ki aati hei toh Aisa sochte hei ki isse batakar hi kya fayda🙁🥺",0,1746316800,True
5ebeS877-QE,Breaking News: PM मोदी ने दिया प्रधानमंत्री पद से इस्तीफा | PM Modi tenders his Resignation,UgyIDlkHouDQSfbED1Z4AaABAg.A4IaSBOYsR0A4IpFfQm0cH,@harshkumar1444,hello bhai kuch pta ha ki nhi tere ko previous term of lok sabha end ho gya ha isliye resignation dete ha,1,1746316800,True
5ebeS877-QE,Breaking News: PM मोदी ने दिया प्रधानमंत्री पद से इस्तीफा | PM Modi tenders his Resignation,UgyIDlkHouDQSfbED1Z4AaABAg.A4IaSBOYsR0A4IyQgf-obN,@vk123_4,Koi nhi Bharat may kisi ki okaat na ki narendr modi ko skip kr dy   PM ha vipakch ko majbut hona chahiya hua khusi ki baat pr PM bnay ki okaat kisi ki na hy .,0,1746316800,True
5ebeS877-QE,Breaking News: PM मोदी ने दिया प्रधानमंत्री पद से इस्तीफा | PM Modi tenders his Resignation,UgyIDlkHouDQSfbED1Z4AaABAg.A4IaSBOYsR0A4J2C-TRlKK,@tsggamer9769,Fir PM kon,0,1746316800,True
5ebeS877-QE,Breaking News: PM मोदी ने दिया प्रधानमंत्री पद से इस्तीफा | PM Modi tenders his Resignation,UgyIDlkHouDQSfbED1Z4AaABAg.A4IaSBOYsR0A4JLbc6DvAZ,@arshadbhai5924,Istifa dengy tbhi pm bnygy paglo😂,0,1746316800,True
5ebeS877-QE,Breaking News: PM मोदी ने दिया प्रधानमंत्री पद से इस्तीफा | PM Modi tenders his Resignation,Ugwy10CQgsASeLp52Ll4AaABAg,@BolaRavi-m9k,चंद्र शेखर आजाद रावण अगला पीएम ❤❤❤,0,1767484800,False
5ebeS877-QE,Breaking News: PM मोदी ने दिया प्रधानमंत्री पद से इस्तीफा | PM Modi tenders his Resignation,Ugwy10CQgsASeLp52Ll4AaABAg.ARMo4iEj_2zARgYu3aEQQF,@Praveen-x4n,😂,0,1770163200,True
5ebeS877-QE,Breaking News: PM मोदी ने दिया प्रधानमंत्री पद से इस्तीफा | PM Modi tenders his Resignation,UgyX5aS23NmFyW_CnzR4AaABAg,@movies_mania785,Modi 3.0 trailer launched,0,1746316800,False
5ebeS877-QE,Breaking News: PM मोदी ने दिया प्रधानमंत्री पद से इस्तीफा | PM Modi tenders his Resignation,Ugz-4qLVEVZZgJNE94x4AaABAg,@Sohail_malak,Up walo ne kamaal kar diya mandir ka prasad leke sycle s nikal liye 😂😂😂,0,1746316800,False
5ebeS877-QE,Breaking News: PM मोदी ने दिया प्रधानमंत्री पद से इस्तीफा | PM Modi tenders his Resignation,UgwI5idFL3gEHuQw4Vh4AaABAg,@lofimusic5475,Felling bad for modi 😢,0,1746316800,False
5ebeS877-QE,Breaking News: PM मोदी ने दिया प्रधानमंत्री पद से इस्तीफा | PM Modi tenders his Resignation,UgwxKKsm63BuvIRkOfh4AaABAg,@ManjuMarandi-d1e,1855 hai bajrang bali ji 🌎😁 Masi Soren jindabaad tirsul Joseph Salman 💕❤️🙌✋ Ani ko kiyon lutega santali lipi lagu hunna chaye,0,1762214400,False
5ebeS877-QE,Breaking News: PM मोदी ने दिया प्रधानमंत्री पद से इस्तीफा | PM Modi tenders his Resignation,UgwFVHq09FOxs8VO3w94AaABAg,@mansidasgupta7104,Dehli.  Is.    Now.    Rejected.    By.    World.   Trade.   Parsi.   Muslim,0,1754265600,False
5ebeS877-QE,Breaking News: PM मोदी ने दिया प्रधानमंत्री पद से इस्तीफा | PM Modi tenders his Resignation,UgytNwCd_PiDlV-YI7h4AaABAg,@Manishkrock,Ab bodh rast banna he,0,1759536000,False
5ebeS877-QE,Breaking News: PM मोदी ने दिया प्रधानमंत्री पद से इस्तीफा | PM Modi tenders his Resignation,UgwXFNr8e_FE8Tt5CBh4AaABAg,@akankshastudio233,Kabar dar hoshiyar mai modi ka ram hu modi hamare rahate estifa aur jail nahi ja sakte,0,1756944000,False
5ebeS877-QE,Breaking News: PM मोदी ने दिया प्रधानमंत्री पद से इस्तीफा | PM Modi tenders his Resignation,UgztjSqpkZizwj-f2XF4AaABAg,@RishiRaj-bp2gq,Tanasahi hukumat se chutkara 😊😊 mil raha hai,0,1754265600,False
5ebeS877-QE,Breaking News: PM मोदी ने दिया प्रधानमंत्री पद से इस्तीफा | PM Modi tenders his Resignation,UgyVuH9H_sUqZXo93w94AaABAg,@vasantmodi6403,Maha juth.,0,1759536000,False
5ebeS877-QE,Breaking News: PM मोदी ने दिया प्रधानमंत्री पद से इस्तीफा | PM Modi tenders his Resignation,UgyUJdyN_mMDWR95Yah4AaABAg,@guneshwartiwari4344,ये झूठ हैझूथ है झूठ है,0,1754265600,False
5ebeS877-QE,Breaking News: PM मोदी ने दिया प्रधानमंत्री पद से इस्तीफा | PM Modi tenders his Resignation,UgxW0rQt1lpofUCb5654AaABAg,@Niveta-cs9ob,Modi ji  plzz..... Come Back🙏🙏🙏🙏,5,1746316800,False
5ebeS877-QE,Breaking News: PM मोदी ने दिया प्रधानमंत्री पद से इस्तीफा | PM Modi tenders his Resignation,UgwFKBqr3mf7pJ0kttJ4AaABAg,@user-deepakpal,Pehli baar mujhe modi sarkar ka kasm achha laga😂😂😂,10,1746316800,False
5ebeS877-QE,Breaking News: PM मोदी ने दिया प्रधानमंत्री पद से इस्तीफा | PM Modi tenders his Resignation,UgxsXxnvXGD2uEbwnW14AaABAg,@Kouravjii-l1t,Godi . media,0,1746316800,False
5ebeS877-QE,Breaking News: PM मोदी ने दिया प्रधानमंत्री पद से इस्तीफा | PM Modi tenders his Resignation,UgzhwVDxxc0_XAOLynd4AaABAg,@MustafaKhan-t7p6g,Pure BJP ko brkhat kr dina chahiy,0,1756944000,False
5ebeS877-QE,Breaking News: PM मोदी ने दिया प्रधानमंत्री पद से इस्तीफा | PM Modi tenders his Resignation,Ugwlyuidb-iaMxNR0UZ4AaABAg,@rabindra.dash8690,Desh thoda or barbad hone se bach gaya,0,1759536000,False
5ebeS877-QE,Breaking News: PM मोदी ने दिया प्रधानमंत्री पद से इस्तीफा | PM Modi tenders his Resignation,UgwYFsKkwqrh0xSh5PR4AaABAg,@SachinYadav-m1d1y,Fake news daal ke logo ko gumrah keyaa jaa raha hai 😂,0,1759536000,False
5ebeS877-QE,Breaking News: PM मोदी ने दिया प्रधानमंत्री पद से इस्तीफा | PM Modi tenders his Resignation,UgyTYbXF3bxSR4jrWbF4AaABAg,@pusprajvvvvv,Nitin gadkari ko banna chahiye pm,0,1746316800,False
5ebeS877-QE,Breaking News: PM मोदी ने दिया प्रधानमंत्री पद से इस्तीफा | PM Modi tenders his Resignation,UgwfXS_zBKa6JXFrJ3J4AaABAg,@jaiho3153,Modi pm nahi banega,1,1746316800,False
5ebeS877-QE,Breaking News: PM मोदी ने दिया प्रधानमंत्री पद से इस्तीफा | PM Modi tenders his Resignation,UgxaQn8FDcwuNxkQyjZ4AaABAg,@JitendraAhiwale-h3k,Desh ko barbad karke nikla zola uthakar chl diye.😷,0,1751587200,False
5ebeS877-QE,Breaking News: PM मोदी ने दिया प्रधानमंत्री पद से इस्तीफा | PM Modi tenders his Resignation,UgzhO2fQgClQgrowG2N4AaABAg,@Informationworld-IW2,BJP ❤❤❤,0,1746316800,False
5ebeS877-QE,Breaking News: PM मोदी ने दिया प्रधानमंत्री पद से इस्तीफा | PM Modi tenders his Resignation,UgwdjFk0NXqY2IOBQuB4AaABAg,@chooseyourgift-dv6ls,देश बरबाद हो जाएगा 😢,8,1746316800,False
5ebeS877-QE,Breaking News: PM मोदी ने दिया प्रधानमंत्री पद से इस्तीफा | PM Modi tenders his Resignation,UgwdjFk0NXqY2IOBQuB4AaABAg.A4Iqm0sd4ssA4JCUY9URHm,@Mr__entaZul,देश All ready बरबाद है मोदी हठाऔ देश बचाओ,1,1746316800,True
5ebeS877-QE,Breaking News: PM मोदी ने दिया प्रधानमंत्री पद से इस्तीफा | PM Modi tenders his Resignation,UgwdjFk0NXqY2IOBQuB4AaABAg.A4Iqm0sd4ssA4IyMZiHrmW,@rpidergamer,😂😂,0,1746316800,True
5ebeS877-QE,Breaking News: PM मोदी ने दिया प्रधानमंत्री पद से इस्तीफा | PM Modi tenders his Resignation,UgwdjFk0NXqY2IOBQuB4AaABAg.A4Iqm0sd4ssACkySov3xFK,@deep4952,Or kitna hoga😂,0,1746316800,True
5ebeS877-QE,Breaking News: PM मोदी ने दिया प्रधानमंत्री पद से इस्तीफा | PM Modi tenders his Resignation,UgxJS1ZXLWHGwmMNp5l4AaABAg,@satyamshukla1168,Modi 🤣🤣🤣🤣🤣🤣🤣🤣🤣🤣🤣🤣🤣🤣🤣🤣🤣🤣,13,1746316800,False
5ebeS877-QE,Breaking News: PM मोदी ने दिया प्रधानमंत्री पद से इस्तीफा | PM Modi tenders his Resignation,UgxJS1ZXLWHGwmMNp5l4AaABAg.A4IXcKpEQRKA4IeG0nj05T,@Theoryofus24,Aapke jese log Hindu hone pe daag h 🙂🙂,1,1746316800,True
5ebeS877-QE,Breaking News: PM मोदी ने दिया प्रधानमंत्री पद से इस्तीफा | PM Modi tenders his Resignation,UgxJS1ZXLWHGwmMNp5l4AaABAg.A4IXcKpEQRKA4IfBayUtx-,@satyamshukla1168,@Theoryofus24  😅😅,1,1746316800,True
5ebeS877-QE,Breaking News: PM मोदी ने दिया प्रधानमंत्री पद से इस्तीफा | PM Modi tenders his Resignation,UgxJS1ZXLWHGwmMNp5l4AaABAg.A4IXcKpEQRKA4Ig0dqJN01,@Dilutecricketlover,Bhai istifa hi Dena tha toh election kyu Lada aur ab jeetne ke baad istifa de diya hei toh kya koi aur 2029 Tak pm hoga ??,0,1746316800,True
5ebeS877-QE,Breaking News: PM मोदी ने दिया प्रधानमंत्री पद से इस्तीफा | PM Modi tenders his Resignation,UgwtngbwNs7Z4CbB1Dd4AaABAg,@killerboy07x,First time modi government do a great work 😂😂😂😂😂,3,1746316800,False
5ebeS877-QE,Breaking News: PM मोदी ने दिया प्रधानमंत्री पद से इस्तीफा | PM Modi tenders his Resignation,Ugz7a3u-I4fB0sZqDxN4AaABAg,@SumitYadav-ot3lk,Gya modi aaya modi 😅😅,10,1746316800,False
5ebeS877-QE,Breaking News: PM मोदी ने दिया प्रधानमंत्री पद से इस्तीफा | PM Modi tenders his Resignation,Ugz7a3u-I4fB0sZqDxN4AaABAg.A4IYwrgUa95A4IeW8gND-J,@Theoryofus24,Hindu hone pe lalat ho aap 🙂🙂,2,1746316800,True
5ebeS877-QE,Breaking News: PM मोदी ने दिया प्रधानमंत्री पद से इस्तीफा | PM Modi tenders his Resignation,Ugz7a3u-I4fB0sZqDxN4AaABAg.A4IYwrgUa95A4Ig30HK7yf,@Dilutecricketlover,Bhai istifa hi Dena tha toh election kyu Lada aur ab jeetne ke baad istifa de diya hei toh kya koi aur 2029 Tak pm hoga ??,0,1746316800,True
5ebeS877-QE,Breaking News: PM मोदी ने दिया प्रधानमंत्री पद से इस्तीफा | PM Modi tenders his Resignation,UgxYANS_UkXpN1t3OMV4AaABAg,@PrasantaMoharana-ge2ws,"Modi ji ko rahena hai ,He is the best PM",0,1759536000,False
5ebeS877-QE,Breaking News: PM मोदी ने दिया प्रधानमंत्री पद से इस्तीफा | PM Modi tenders his Resignation,UgxgFz4wNEJ9lmW-Ah94AaABAg,@Chirag_20,"❤️❤️ मोदी-जी ही PM होने चाहिये,🙏",0,1746316800,False
5ebeS877-QE,Breaking News: PM मोदी ने दिया प्रधानमंत्री पद से इस्तीफा | PM Modi tenders his Resignation,Ugyx0TMz3te-MO1UtKF4AaABAg,@ashokbhosale3817,मोदीजी के बाद योगी आदित्यनाथ जी को प्रधानमंत्री देखना चाहते है.,0,1746316800,False
5ebeS877-QE,Breaking News: PM मोदी ने दिया प्रधानमंत्री पद से इस्तीफा | PM Modi tenders his Resignation,Ugyw3y6XPvOQi5o0bc14AaABAg,@amityadu1,Bhagwadhari aa rahe hain.....jai shri ram...🙏💐,0,1746316800,False
5ebeS877-QE,Breaking News: PM मोदी ने दिया प्रधानमंत्री पद से इस्तीफा | PM Modi tenders his Resignation,UgxfFjv5I_Gg3CQEuEZ4AaABAg,@Raj_police_S.A,240 अकेली bjp,2,1746316800,False
5ebeS877-QE,Breaking News: PM मोदी ने दिया प्रधानमंत्री पद से इस्तीफा | PM Modi tenders his Resignation,UgxfFjv5I_Gg3CQEuEZ4AaABAg.A4Ie15kgmNuA4IzkgJgHyi,@priyaraj476,"akele nhi mere bhai 
pura godi media bolo😂",1,1746316800,True
5ebeS877-QE,Breaking News: PM मोदी ने दिया प्रधानमंत्री पद से इस्तीफा | PM Modi tenders his Resignation,UgxfFjv5I_Gg3CQEuEZ4AaABAg.A4Ie15kgmNuA4JFtn-Whhb,@Raj_police_S.A,@priyaraj476   ab 5 saal or jhelo or  sochte rho Babu,0,1746316800,True
5ebeS877-QE,Breaking News: PM मोदी ने दिया प्रधानमंत्री पद से इस्तीफा | PM Modi tenders his Resignation,UgwJ-GhgqXNt88TUUIF4AaABAg,@Bhatti-e4s,Army ke liye congress sahi hai,0,1754265600,False
5ebeS877-QE,Breaking News: PM मोदी ने दिया प्रधानमंत्री पद से इस्तीफा | PM Modi tenders his Resignation,UgwjsRGE3H62-xy5-At4AaABAg,@abhishekjohn8605,Sab kuch sajish hai,0,1746316800,False
5ebeS877-QE,Breaking News: PM मोदी ने दिया प्रधानमंत्री पद से इस्तीफा | PM Modi tenders his Resignation,UgzJcEY5QaFB7OGc3bB4AaABAg,@AkankshaGautam-oe5ib,😢 barbaad ho jayega 😟,0,1746316800,False
5ebeS877-QE,Breaking News: PM मोदी ने दिया प्रधानमंत्री पद से इस्तीफा | PM Modi tenders his Resignation,UgwKNbjmxEsWuz86hs94AaABAg,@SufiyanKhan-nq4jz,गया ज़ालिम नफरती हारा,17,1746316800,False
5ebeS877-QE,Breaking News: PM मोदी ने दिया प्रधानमंत्री पद से इस्तीफा | PM Modi tenders his Resignation,UgwQhR7vRZEJRoKlfcp4AaABAg,@sakharamdukale3474,मोदी हे गरिबाचं सरकार नवत,0,1746316800,False
Hgx5hN0OT4w,मोदी की कुर्सी जाना तय? इस्तीफा देने की तैयारी! 19 को बड़ा बवाल | PM resignation claim | the live tv,Ugz5AJn0RW-FVO5gAbx4AaABAg,@TheLiveTvNews,"Download MARKETWOLF - https://marketwolf.app.link/tlt

Invest in Stock Market with only ₹999 | Made EASY for New Investors | SEBI REGISTERED INDIAN Broker | LOW BROKERAGE |  Daily Trade Ideas For FREE |  Available on iOS & Android",23,1767484800,False
Hgx5hN0OT4w,मोदी की कुर्सी जाना तय? इस्तीफा देने की तैयारी! 19 को बड़ा बवाल | PM resignation claim | the live tv,Ugz5AJn0RW-FVO5gAbx4AaABAg.AQkG6pdG9W0AQkMXlGWyjK,@ParveenFatima-q8j,"Bahut achchi khabar he
.Dharam Virodhiyon ka jad
se khatma ho.",1,1767484800,True
Hgx5hN0OT4w,मोदी की कुर्सी जाना तय? इस्तीफा देने की तैयारी! 19 को बड़ा बवाल | PM resignation claim | the live tv,Ugz5AJn0RW-FVO5gAbx4AaABAg.AQkG6pdG9W0AQlKIO7Pz5y,@Ajaz-x4m7y,​ @ParveenFatima-q8j corruption 💯😡😡😡 corruption corruption in India,1,1767484800,True
Hgx5hN0OT4w,मोदी की कुर्सी जाना तय? इस्तीफा देने की तैयारी! 19 को बड़ा बवाल | PM resignation claim | the live tv,Ugz5AJn0RW-FVO5gAbx4AaABAg.AQkG6pdG9W0AQkTtWPha1S,@Md.hakim.Ansari-lk6qj,"Vote Kelie Kursi Kelie Aaj Ka Pacchh Me Ho Ya Bipakchh Me,Sab Log Aam Log Ko Murkh Banate Hai,Karte Kuchh Nahi Desh Ko Kamjor Karne Ka Kaam Karta Hai",1,1767484800,True
Hgx5hN0OT4w,मोदी की कुर्सी जाना तय? इस्तीफा देने की तैयारी! 19 को बड़ा बवाल | PM resignation claim | the live tv,Ugz5AJn0RW-FVO5gAbx4AaABAg.AQkG6pdG9W0AQkWIxVxR8y,@ramnareshnaresh8371,कांग्रेस अभी पीछे है अगर इंडिया गठबंधन साथ में रहेगा तो जीत निश्चित है।,1,1767484800,True
Hgx5hN0OT4w,मोदी की कुर्सी जाना तय? इस्तीफा देने की तैयारी! 19 को बड़ा बवाल | PM resignation claim | the live tv,Ugz5AJn0RW-FVO5gAbx4AaABAg.AQkG6pdG9W0AQkWLJMzOeF,@ramnareshnaresh8371,कांग्रेस अभी पीछे है अगर इंडिया गठबंधन साथ में रहेगा तो जीत निश्चित है।,1,1767484800,True
Hgx5hN0OT4w,मोदी की कुर्सी जाना तय? इस्तीफा देने की तैयारी! 19 को बड़ा बवाल | PM resignation claim | the live tv,Ugz5AJn0RW-FVO5gAbx4AaABAg.AQkG6pdG9W0AQkQj6palTp,@GopalKumar-lf1gz,"2029 tak 😢😭😭😖 raho😂😁😝😛
Modi Kahi nahi jayega❤❤😅",0,1767484800,True
Hgx5hN0OT4w,मोदी की कुर्सी जाना तय? इस्तीफा देने की तैयारी! 19 को बड़ा बवाल | PM resignation claim | the live tv,Ugz5AJn0RW-FVO5gAbx4AaABAg.AQkG6pdG9W0AQlA6pvYrG_,@mohammedjameel2491,Kyun itna Jhooth Boltey Aap log samajh nahi aata,0,1767484800,True
Hgx5hN0OT4w,मोदी की कुर्सी जाना तय? इस्तीफा देने की तैयारी! 19 को बड़ा बवाल | PM resignation claim | the live tv,UgzH_y0Asg-DgjLh6ex4AaABAg,@afsarazam2126,💯% एवं हटाकर बेल्ट पेपर से चुनाव करते हुए भाजपा का जमानत जब्त कराओ,85,1767484800,False
Hgx5hN0OT4w,मोदी की कुर्सी जाना तय? इस्तीफा देने की तैयारी! 19 को बड़ा बवाल | PM resignation claim | the live tv,Ugw4eMRxFF9zlAYTmMh4AaABAg,@rajendramahale5463,देश में दुबार चुनाव ईव्हीएम हटाकर करे,84,1767484800,False
Hgx5hN0OT4w,मोदी की कुर्सी जाना तय? इस्तीफा देने की तैयारी! 19 को बड़ा बवाल | PM resignation claim | the live tv,Ugw4eMRxFF9zlAYTmMh4AaABAg.AQkHnQZahQsAQkJ_2eew9f,@afsarazam2126,💯% एवं हटाकर बेल्ट पेपर से चुनाव करते हुए भाजपा का जमानत जब्त कराओ,3,1767484800,True
Hgx5hN0OT4w,मोदी की कुर्सी जाना तय? इस्तीफा देने की तैयारी! 19 को बड़ा बवाल | PM resignation claim | the live tv,UgwnRpDS-3SEyN9YdiR4AaABAg,@SukhdeveKarmarkar,पहले ईवीएम मशीन तो हटाओ बैलेट पेपर लाओ,73,1767484800,False
Hgx5hN0OT4w,मोदी की कुर्सी जाना तय? इस्तीफा देने की तैयारी! 19 को बड़ा बवाल | PM resignation claim | the live tv,UgwnRpDS-3SEyN9YdiR4AaABAg.AQkHfpQZZMqAQkJO4oUiTg,@afsarazam2126,बिल्कुल💯% ईवीएम हटाओ बैलट पेपर लाओ बैलट पेपर से चुनाव करवाओ तथा वैलेट पेपर से चुनाव करवाने के साथ-साथ भाजपा और RSS का जमानत जब्त करवाओ🙏🙏,4,1767484800,True
Hgx5hN0OT4w,मोदी की कुर्सी जाना तय? इस्तीफा देने की तैयारी! 19 को बड़ा बवाल | PM resignation claim | the live tv,UgwnRpDS-3SEyN9YdiR4AaABAg.AQkHfpQZZMqAQmZIx4flPs,@Vaibhav-d5e7h,Main ek baat puchna chahta hun EVM ko laya kaun tha EVM ko to Congress party Lai Thi kyunki Inka kahana tha ki ballot paper ki counting hone mein bahut time lagta Hai iski vajah se logon mein aapas mein jhagada hota Hai ek dusre ko Goli chal jaati thi pahle isliye EVM laye the,0,1767484800,True
Hgx5hN0OT4w,मोदी की कुर्सी जाना तय? इस्तीफा देने की तैयारी! 19 को बड़ा बवाल | PM resignation claim | the live tv,Ugw8XKqE6u-Aovt8vkx4AaABAg,@mohdkhalid6524,देश खोखला हो गया है,75,1767484800,False
Hgx5hN0OT4w,मोदी की कुर्सी जाना तय? इस्तीफा देने की तैयारी! 19 को बड़ा बवाल | PM resignation claim | the live tv,Ugw8XKqE6u-Aovt8vkx4AaABAg.AQkJcSe0P2_AQrTxgBx_2b,@nagendraray9340,Ager motoi esttifa nahi diya to desh me jan aandolan suru hoga,0,1767484800,True
Hgx5hN0OT4w,मोदी की कुर्सी जाना तय? इस्तीफा देने की तैयारी! 19 को बड़ा बवाल | PM resignation claim | the live tv,Ugw8XKqE6u-Aovt8vkx4AaABAg.AQkJcSe0P2_AQwNKWalMQz,@PKBharti29,Kahan se?,0,1767484800,True
Hgx5hN0OT4w,मोदी की कुर्सी जाना तय? इस्तीफा देने की तैयारी! 19 को बड़ा बवाल | PM resignation claim | the live tv,UgxqYb7W4FoBrnto5Dp4AaABAg,@sumangodara796,मोदी की जीत नहीं हैevmका खेल है😮,51,1767484800,False
Hgx5hN0OT4w,मोदी की कुर्सी जाना तय? इस्तीफा देने की तैयारी! 19 को बड़ा बवाल | PM resignation claim | the live tv,Ugzjtz8BuNth0ClSqcV4AaABAg,@ashiqerasul26,ईवीएम हटाओ देश को बचाओ,79,1767484800,False
Hgx5hN0OT4w,मोदी की कुर्सी जाना तय? इस्तीफा देने की तैयारी! 19 को बड़ा बवाल | PM resignation claim | the live tv,UgxDRQCZHIy5lQYqMu14AaABAg,@SachinSontakke-i9b,ऐसा hoga तो देश बचेगा 👌👌👌,26,1767484800,False
Hgx5hN0OT4w,मोदी की कुर्सी जाना तय? इस्तीफा देने की तैयारी! 19 को बड़ा बवाल | PM resignation claim | the live tv,UgxbFo0wn8stKyBhXn94AaABAg,@umraosingh1966,अभी तो भारत की काफी संपत्ति है उसे अपने खास साथियों के हाथ सौंप कर ही   तो जाएंगे 19 को कैसे इस्तीफा दे देंगे?,20,1767484800,False
Hgx5hN0OT4w,मोदी की कुर्सी जाना तय? इस्तीफा देने की तैयारी! 19 को बड़ा बवाल | PM resignation claim | the live tv,Ugwrf7YWEQyVAqQpoJt4AaABAg,@JAINENDRAGOPAL,"बहुत जरूरी है मोदी का इस्तीफा,,,,नहीं तो भारत बर्बाद हो जाएगा 😢",164,1767484800,False
Hgx5hN0OT4w,मोदी की कुर्सी जाना तय? इस्तीफा देने की तैयारी! 19 को बड़ा बवाल | PM resignation claim | the live tv,Ugwrf7YWEQyVAqQpoJt4AaABAg.AQkH-bjqvY5AQkJ7Mi1OcJ,@afsarazam2126,💯% बहुत जरूरी है मोदी का इस्तीफा नहीं तो अपना देश भारत बर्बाद हो जाएगा😭😭,8,1767484800,True
Hgx5hN0OT4w,मोदी की कुर्सी जाना तय? इस्तीफा देने की तैयारी! 19 को बड़ा बवाल | PM resignation claim | the live tv,Ugwrf7YWEQyVAqQpoJt4AaABAg.AQkH-bjqvY5AQqk0coZcS5,@PKBharti29,"@afsarazam2126 tumhara Bharat,kab se? Kabhi apna samjha bhi tha.",0,1767484800,True
Hgx5hN0OT4w,मोदी की कुर्सी जाना तय? इस्तीफा देने की तैयारी! 19 को बड़ा बवाल | PM resignation claim | the live tv,Ugwrf7YWEQyVAqQpoJt4AaABAg.AQkH-bjqvY5AQkTRc6RcCw,@akeelahmad707,Andbhakkat Vidhwa ho jayega,4,1767484800,True
Hgx5hN0OT4w,मोदी की कुर्सी जाना तय? इस्तीफा देने की तैयारी! 19 को बड़ा बवाल | PM resignation claim | the live tv,Ugwrf7YWEQyVAqQpoJt4AaABAg.AQkH-bjqvY5AQkNwQy_XId,@Latanegi311,Desh se is party ka haltna jroori hai taki kuch to bchaya ja sake kyuki desh beech chuke hai ye bhoot bure din dekhne ko milenge aage krm inke hai bhugatna Bharat ki janta ko pdega,3,1767484800,True
Hgx5hN0OT4w,मोदी की कुर्सी जाना तय? इस्तीफा देने की तैयारी! 19 को बड़ा बवाल | PM resignation claim | the live tv,Ugwrf7YWEQyVAqQpoJt4AaABAg.AQkH-bjqvY5AQkSDyIQtwR,@AshwaniKumar-nr9dl,​ @Latanegi311 😂😂😂😂,0,1767484800,True
Hgx5hN0OT4w,मोदी की कुर्सी जाना तय? इस्तीफा देने की तैयारी! 19 को बड़ा बवाल | PM resignation claim | the live tv,Ugwrf7YWEQyVAqQpoJt4AaABAg.AQkH-bjqvY5AQkicJc3e1U,@govindkumawat8016,💯✅,1,1767484800,True
Hgx5hN0OT4w,मोदी की कुर्सी जाना तय? इस्तीफा देने की तैयारी! 19 को बड़ा बवाल | PM resignation claim | the live tv,Ugwrf7YWEQyVAqQpoJt4AaABAg.AQkH-bjqvY5AQkTtv_0vF5,@beckhampalden8070,Na mumkin hai satta se bahar hote jail pakka 35% bjp leaders ka toh kaise istifa not possible,0,1767484800,True
Hgx5hN0OT4w,मोदी की कुर्सी जाना तय? इस्तीफा देने की तैयारी! 19 को बड़ा बवाल | PM resignation claim | the live tv,Ugwrf7YWEQyVAqQpoJt4AaABAg.AQkH-bjqvY5AQka39NJlzC,@RajKumar-o9e7k,You 😊 aar 😊 mharight 😊boos😊 siligur i 😊ke😊 doctor 😊raju,0,1767484800,True
Hgx5hN0OT4w,मोदी की कुर्सी जाना तय? इस्तीफा देने की तैयारी! 19 को बड़ा बवाल | PM resignation claim | the live tv,Ugwrf7YWEQyVAqQpoJt4AaABAg.AQkH-bjqvY5AQpMfQji4Mx,@PradutaDutta,"Yes, I agree",0,1767484800,True
Hgx5hN0OT4w,मोदी की कुर्सी जाना तय? इस्तीफा देने की तैयारी! 19 को बड़ा बवाल | PM resignation claim | the live tv,Ugwrf7YWEQyVAqQpoJt4AaABAg.AQkH-bjqvY5AQrweUq4CxM,@Exam-clear-with-Neeraj,BJP and rss bhai inn sabko bhar nikalo,0,1767484800,True
Hgx5hN0OT4w,मोदी की कुर्सी जाना तय? इस्तीफा देने की तैयारी! 19 को बड़ा बवाल | PM resignation claim | the live tv,Ugwrf7YWEQyVAqQpoJt4AaABAg.AQkH-bjqvY5AQwNiPWMKGt,@PKBharti29,@Exam-clear-with-Neeraj yaduvanshi nahi yadmullaha kaho.,0,1767484800,True
Hgx5hN0OT4w,मोदी की कुर्सी जाना तय? इस्तीफा देने की तैयारी! 19 को बड़ा बवाल | PM resignation claim | the live tv,UgziV9zGumyKBsF_3Cx4AaABAg,@AskshamshadkhanAskshamshadkhan,अल्हम्दुलिल्लाह मैं मुस्लिम राजनीति से हमें कोई फर्क नहीं पड़ता जायज़ दौलत कमाना मेरा ईमान है 🇸🇦🇸🇦,16,1767484800,False
Hgx5hN0OT4w,मोदी की कुर्सी जाना तय? इस्तीफा देने की तैयारी! 19 को बड़ा बवाल | PM resignation claim | the live tv,Ugy-Ygz2IXbO5sgp1ol4AaABAg,@MurlidharSoni-t7v,प्रज्वल गौतम जी आप बिल्कुल सही कह रहे हैं हमें समझना चाहिए,4,1767484800,False
Hgx5hN0OT4w,मोदी की कुर्सी जाना तय? इस्तीफा देने की तैयारी! 19 को बड़ा बवाल | PM resignation claim | the live tv,Ugx5BKTIyRlwBekxr194AaABAg,@nitavithlani6366,अगर ये सच हो जाये तो देश का कल्याण हो जाये,5,1767484800,False
Hgx5hN0OT4w,मोदी की कुर्सी जाना तय? इस्तीफा देने की तैयारी! 19 को बड़ा बवाल | PM resignation claim | the live tv,Ugw5JGGBW7Mr-en7zZV4AaABAg,@iftekharuddin9250,मोदी जैसा ब्यक्ति कभी अपनी कुर्सी नही छोडे गे इन्हें प्रधानमंत्री की कुर्सी अपनी जान सेभी प्यारी है,6,1767484800,False
Hgx5hN0OT4w,मोदी की कुर्सी जाना तय? इस्तीफा देने की तैयारी! 19 को बड़ा बवाल | PM resignation claim | the live tv,UgzL1LWRq-jKmdFy6VJ4AaABAg,@sadabmohd1290,Chalo logo ko rahat mil jayegi,8,1767484800,False
Hgx5hN0OT4w,मोदी की कुर्सी जाना तय? इस्तीफा देने की तैयारी! 19 को बड़ा बवाल | PM resignation claim | the live tv,Ugyc3uBWD8X6w8aWSwZ4AaABAg,@nisaransari-6fa,अभी नितिन गडकरी का हाल हुवा हे उसको देख कर ये गडकरी का सपना ही रहेगा अभी इसके लालच ने इसकी फैक्ट्री को बर्बाद करवा दिया हे अब इसकी मुसीबत भी बनाएगा अब ये भी इस घटना से ध्यान भटकाना हे अभी इस को कोई भी चेनल नहीं दिखा रहा हे,13,1767484800,False
Hgx5hN0OT4w,मोदी की कुर्सी जाना तय? इस्तीफा देने की तैयारी! 19 को बड़ा बवाल | PM resignation claim | the live tv,Ugzfr3f2pxFo2UKlJp94AaABAg,@ajitkumarrathod,"જય સંવિધાનન
ખુબ ખુબ અભિનંદન ને ધન્યવાદ",3,1767484800,False
Hgx5hN0OT4w,मोदी की कुर्सी जाना तय? इस्तीफा देने की तैयारी! 19 को बड़ा बवाल | PM resignation claim | the live tv,UgyBOyoFqGvXW3D4Emt4AaABAg,@ManojKumar-si3mh,सभी मोदी के जाने की बात कर रहे हैं लेकिन अब मोदी सरकार खत्म होगा। केवल तारीख पर तारीख आ रहा है लेकिन मोदी सरकार गिर नहीं रहा है।,9,1767484800,False
Hgx5hN0OT4w,मोदी की कुर्सी जाना तय? इस्तीफा देने की तैयारी! 19 को बड़ा बवाल | PM resignation claim | the live tv,Ugw8gZwDBnJzWbyTMYR4AaABAg,@thangmangkhongsai,👌🇮🇳🇮🇳🇮🇳,5,1767484800,False
Hgx5hN0OT4w,मोदी की कुर्सी जाना तय? इस्तीफा देने की तैयारी! 19 को बड़ा बवाल | PM resignation claim | the live tv,Ugyv3bYvCmU2Db808VF4AaABAg,@SabnamSb,SIR में जन्म प्रमाण पत्र मांगना बंद हो हमारे दादा के दादा इस देश में पैदा हुआ तो हमें जन्म प्रमाण क्यों देना पढ़ेगा 🎉🎉,10,1767484800,False
Hgx5hN0OT4w,मोदी की कुर्सी जाना तय? इस्तीफा देने की तैयारी! 19 को बड़ा बवाल | PM resignation claim | the live tv,Ugyv3bYvCmU2Db808VF4AaABAg.AQkVQMCelXfAQop-OFTnFN,@rafiqunnisha-islamic,Bilkul right 👍👍👍,0,1767484800,True
Hgx5hN0OT4w,मोदी की कुर्सी जाना तय? इस्तीफा देने की तैयारी! 19 को बड़ा बवाल | PM resignation claim | the live tv,Ugyv3bYvCmU2Db808VF4AaABAg.AQkVQMCelXfAQwNY6vasdc,@PKBharti29,Yahi baat USA ye UK mein kaho na Zara fir dekhna.,0,1767484800,True
Hgx5hN0OT4w,मोदी की कुर्सी जाना तय? इस्तीफा देने की तैयारी! 19 को बड़ा बवाल | PM resignation claim | the live tv,Ugyv3bYvCmU2Db808VF4AaABAg.AQkVQMCelXfAQkt5ZwbPZw,@Krishna_edits_01-v3u,Agar sabkuchh theek h to kyon hawa tight ho rhi h aap logo ki.. proofs hain to Darr kyon rhe ho..,0,1767484800,True
Hgx5hN0OT4w,मोदी की कुर्सी जाना तय? इस्तीफा देने की तैयारी! 19 को बड़ा बवाल | PM resignation claim | the live tv,UgwgT9Bf2I0jl17wbXh4AaABAg,@mohammedshareef6379,"Masha Allah 
Good news",3,1767484800,False
Hgx5hN0OT4w,मोदी की कुर्सी जाना तय? इस्तीफा देने की तैयारी! 19 को बड़ा बवाल | PM resignation claim | the live tv,UgyNeYoQ5f-OomYSrcJ4AaABAg,@AfrozBegum-eq5pe,NKorCBN ki phl Kursi utarna chayetha.,7,1767484800,False
Hgx5hN0OT4w,मोदी की कुर्सी जाना तय? इस्तीफा देने की तैयारी! 19 को बड़ा बवाल | PM resignation claim | the live tv,UgyJKsDmq26IjRco26l4AaABAg,@1979DY,Plz rumors ko news banakar naa dikhaye.,3,1767484800,False
Hgx5hN0OT4w,मोदी की कुर्सी जाना तय? इस्तीफा देने की तैयारी! 19 को बड़ा बवाल | PM resignation claim | the live tv,Ugzuts1NnD6jnYNJ8bJ4AaABAg,@rahulahmed4869,❤,4,1767484800,False
Hgx5hN0OT4w,मोदी की कुर्सी जाना तय? इस्तीफा देने की तैयारी! 19 को बड़ा बवाल | PM resignation claim | the live tv,Ugxn44pdPWGwCSQbWqh4AaABAg,@mohdhuzaifashaikh6691,Gautam bhai ap ko dil se Salam karta hai ap ka ye bhai jai hind,0,1767484800,False
Hgx5hN0OT4w,मोदी की कुर्सी जाना तय? इस्तीफा देने की तैयारी! 19 को बड़ा बवाल | PM resignation claim | the live tv,Ugz2nxod-cn0gPOwo514AaABAg,@mansinghnarve4326,जाना चाहिए।,4,1767484800,False
Hgx5hN0OT4w,मोदी की कुर्सी जाना तय? इस्तीफा देने की तैयारी! 19 को बड़ा बवाल | PM resignation claim | the live tv,UgxJWDG5PW5N-zkmu5R4AaABAg,@SumaiyaBargi,Waw  prajwal kya my e sahi sun rahi hoon,2,1767484800,False
Hgx5hN0OT4w,मोदी की कुर्सी जाना तय? इस्तीफा देने की तैयारी! 19 को बड़ा बवाल | PM resignation claim | the live tv,Ugwrsph9m8rMEqBhrgZ4AaABAg,@cocguru3047,Jai shree Ram,1,1767484800,False
Hgx5hN0OT4w,मोदी की कुर्सी जाना तय? इस्तीफा देने की तैयारी! 19 को बड़ा बवाल | PM resignation claim | the live tv,UgwSXgadwG3Oz5IHvtR4AaABAg,@AfrozAlam-bl4lu,Sach me sir hoga sir,0,1767484800,False
Hgx5hN0OT4w,मोदी की कुर्सी जाना तय? इस्तीफा देने की तैयारी! 19 को बड़ा बवाल | PM resignation claim | the live tv,UgyeR8_8rbhY_VtpUV94AaABAg,@Vaibhav-d5e7h,Best journalist prajjwal Gautam Jo Main abhi tak dekha Hai YouTube vagaira per sabse badhiya Lage Mujhe aage ka pata nahin lekin video chhoti hoti hai aur detail bahut sari hoti hai yah bahut acchi chij hai,0,1767484800,False
Hgx5hN0OT4w,मोदी की कुर्सी जाना तय? इस्तीफा देने की तैयारी! 19 को बड़ा बवाल | PM resignation claim | the live tv,UgxcHLjLioPCsUoP8eN4AaABAg,@truenaturalrubygemmologist9585,"LEGENDS which made India great:
Mahaatma Gandhi
JawaharLal Nehru
Sunil Gavaskar 
Amitabh Bachchan
Indra Gandhi
Sachin Tendulkar
Shah Rukh Khan
Rajiv Gandhi
Salmaan Khan
Rahul Dravid
APJ Kalaam
Dr ManMohan Singh
Raj Kapoor
Dilip Kumar
Kapil Dev
P T Usha
Major DhyaanChand
Zafar Iqbaal
Mohinder Amarnaath

🙄🤔
- Fenku Taripaar  spoiled all the good work done and earned India 's respect around the WORLD by above great LEGENDS.
- Purkhö ki kamaayee - Fenku Taripaar nay mitti mein milaayee",1,1767484800,False
Hgx5hN0OT4w,मोदी की कुर्सी जाना तय? इस्तीफा देने की तैयारी! 19 को बड़ा बवाल | PM resignation claim | the live tv,UgxzLlu7nyQk7hUbt6d4AaABAg,@azmiSarfaraz-p2z,👍🏻👍🏻👍🏻👍🏻👍🏻👍🏻👍🏻,3,1767484800,False
Hgx5hN0OT4w,मोदी की कुर्सी जाना तय? इस्तीफा देने की तैयारी! 19 को बड़ा बवाल | PM resignation claim | the live tv,UgzMLkRHDv1CIVmmPwl4AaABAg,@mohammadmuinuddin2784,Hamara Desh America ki gulami kar raha hai aur America hamesha Pakistan ki tarafdari karta hai,3,1767484800,False
Hgx5hN0OT4w,मोदी की कुर्सी जाना तय? इस्तीफा देने की तैयारी! 19 को बड़ा बवाल | PM resignation claim | the live tv,UgyPB2S-pkNnJMm4g-x4AaABAg,@MunnaShaikh-h8j,"Bhart.me.srilanka.hona.chahiyesab.tklif
Banbh..",3,1767484800,False
Hgx5hN0OT4w,मोदी की कुर्सी जाना तय? इस्तीफा देने की तैयारी! 19 को बड़ा बवाल | PM resignation claim | the live tv,UgyyuL3LI9ujT9EzafV4AaABAg,@MisbahKhan-r6s5d,BENGALURU ❤,1,1767484800,False
Hgx5hN0OT4w,मोदी की कुर्सी जाना तय? इस्तीफा देने की तैयारी! 19 को बड़ा बवाल | PM resignation claim | the live tv,UgzvP4cSyIVnNyW4VP54AaABAg,@umarheera5668,Waiting to See 😅😅,0,1767484800,False
Hgx5hN0OT4w,मोदी की कुर्सी जाना तय? इस्तीफा देने की तैयारी! 19 को बड़ा बवाल | PM resignation claim | the live tv,Ugw2GgdOJ8A6NMGHcwF4AaABAg,@MohdIkramuddin-ro7gn,Prajwal gautam،، aapki sachhi khabron ko mera salam,0,1767484800,False
Hgx5hN0OT4w,मोदी की कुर्सी जाना तय? इस्तीफा देने की तैयारी! 19 को बड़ा बवाल | PM resignation claim | the live tv,UgwJHtKYv07NfqJpp4F4AaABAg,@suraiyabagwan8357,❤❤❤,0,1767484800,False
Hgx5hN0OT4w,मोदी की कुर्सी जाना तय? इस्तीफा देने की तैयारी! 19 को बड़ा बवाल | PM resignation claim | the live tv,UgwSiwcUHNVuS2CB7kp4AaABAg,@ketanpatel7684,"Be Patient, Let's see 🙏🙏",0,1767484800,False
Hgx5hN0OT4w,मोदी की कुर्सी जाना तय? इस्तीफा देने की तैयारी! 19 को बड़ा बवाल | PM resignation claim | the live tv,Ugy5B1pnYg7JSWyeDmB4AaABAg,@RimaGhosh-b2d,Good news,2,1767484800,False
Hgx5hN0OT4w,मोदी की कुर्सी जाना तय? इस्तीफा देने की तैयारी! 19 को बड़ा बवाल | PM resignation claim | the live tv,Ugw2QlKOzQu0Z2T5uYV4AaABAg,@Naimkhan-zc9ct,Bhai g sehmat... Mahol ko dekhna chahiye,0,1767484800,False
Hgx5hN0OT4w,मोदी की कुर्सी जाना तय? इस्तीफा देने की तैयारी! 19 को बड़ा बवाल | PM resignation claim | the live tv,UgzmUjK9wD2i0f8LmeJ4AaABAg,@mdmoid7078,Photo...dekhai...nahi...deta,0,1767484800,False
Hgx5hN0OT4w,मोदी की कुर्सी जाना तय? इस्तीफा देने की तैयारी! 19 को बड़ा बवाल | PM resignation claim | the live tv,UgwbrQLQtUYOOT-xbjx4AaABAg,@luckykhan1611,"Nitin gadkari ko banado
Ya shivraj ko",3,1767484800,False
Hgx5hN0OT4w,मोदी की कुर्सी जाना तय? इस्तीफा देने की तैयारी! 19 को बड़ा बवाल | PM resignation claim | the live tv,Ugz-xWCIkv8qXisqK914AaABAg,@Rajesh-ey4rd,ऐसा होगा तो देश बच जाये गा,1,1767484800,False
Hgx5hN0OT4w,मोदी की कुर्सी जाना तय? इस्तीफा देने की तैयारी! 19 को बड़ा बवाल | PM resignation claim | the live tv,UgzFvNKVaWEbiJiopvh4AaABAg,@HamzaHani-r6s,❤❤❤❤🎉🎉🎉,1,1767484800,False
Hgx5hN0OT4w,मोदी की कुर्सी जाना तय? इस्तीफा देने की तैयारी! 19 को बड़ा बवाल | PM resignation claim | the live tv,Ugy03TC0T_BEklqRuTp4AaABAg,@shehnaazmoosa3895,"Mthai jarur bate gi. Magar sapna sapna he hota hai.


sapna",1,1767484800,False
Hgx5hN0OT4w,मोदी की कुर्सी जाना तय? इस्तीफा देने की तैयारी! 19 को बड़ा बवाल | PM resignation claim | the live tv,UgwoqZEdOCLCcxJ9VGt4AaABAg,@MrAtul1962,"Remember that story read in childhood times""sher aya sher aya"". Same is the situation here. It, s atory of a liar.",1,1767484800,False
Hgx5hN0OT4w,मोदी की कुर्सी जाना तय? इस्तीफा देने की तैयारी! 19 को बड़ा बवाल | PM resignation claim | the live tv,UgwuTeIQuObXqgCUYHN4AaABAg,@hanifsumro5367,Impossible ........,0,1767484800,False
Hgx5hN0OT4w,मोदी की कुर्सी जाना तय? इस्तीफा देने की तैयारी! 19 को बड़ा बवाल | PM resignation claim | the live tv,Ugx6zFmuiGULkxw2zUl4AaABAg,@maqboolalam4808,❤🎉❤🎉❤🎉❤,1,1767484800,False
Hgx5hN0OT4w,मोदी की कुर्सी जाना तय? इस्तीफा देने की तैयारी! 19 को बड़ा बवाल | PM resignation claim | the live tv,UgyXJZuZqVyLwlFC_694AaABAg,@alexdmello8933,Kursi aaj nahin to kay jayegahi,1,1767484800,False
Hgx5hN0OT4w,मोदी की कुर्सी जाना तय? इस्तीफा देने की तैयारी! 19 को बड़ा बवाल | PM resignation claim | the live tv,UgxNQ8hDRcVn-jzIOcx4AaABAg,@taufeequeansari4664,अमेरिका खुलासा करने जा रहा है हमें डर है कहीं मोदी जी आसाराम न बन जाए,1,1767484800,False
Hgx5hN0OT4w,मोदी की कुर्सी जाना तय? इस्तीफा देने की तैयारी! 19 को बड़ा बवाल | PM resignation claim | the live tv,UgxV9rpjpbkzTKH7nGt4AaABAg,@zeenatkauser6705,Kaash ke ye sach hota,1,1767484800,False
Hgx5hN0OT4w,मोदी की कुर्सी जाना तय? इस्तीफा देने की तैयारी! 19 को बड़ा बवाल | PM resignation claim | the live tv,UgyMnal31kInYN5fa294AaABAg,@GulzarKhan-d3y,Hum Maharasht Ke Logo Ko Badihi Khushi Hogi,1,1767484800,False
Hgx5hN0OT4w,मोदी की कुर्सी जाना तय? इस्तीफा देने की तैयारी! 19 को बड़ा बवाल | PM resignation claim | the live tv,Ugwz2-xqE07kyJIl5n94AaABAg,@ToufikAhmad-g6c,Manas bhai ko Pata he,0,1767484800,False
Hgx5hN0OT4w,मोदी की कुर्सी जाना तय? इस्तीफा देने की तैयारी! 19 को बड़ा बवाल | PM resignation claim | the live tv,UgyePGwJLmFlfi5-2Wx4AaABAg,@AdilHossain-pu2ek,E apps download Kiya tha Lekin open nehi ho raha,0,1767484800,False
Hgx5hN0OT4w,मोदी की कुर्सी जाना तय? इस्तीफा देने की तैयारी! 19 को बड़ा बवाल | PM resignation claim | the live tv,Ugx19-LFaYfc30LKVMR4AaABAg,@handworkblouse,Nice ❤🎉❤🎉,0,1767484800,False
Hgx5hN0OT4w,मोदी की कुर्सी जाना तय? इस्तीफा देने की तैयारी! 19 को बड़ा बवाल | PM resignation claim | the live tv,UgyYXu8vYnw8LD-i6sR4AaABAg,@Smartingo-uw4fi,EVM Hatao Hindustan Bachao jai Hind Hindustan jendabad,2,1767484800,False
Hgx5hN0OT4w,मोदी की कुर्सी जाना तय? इस्तीफा देने की तैयारी! 19 को बड़ा बवाल | PM resignation claim | the live tv,UgzNODTaSw_2ObeUp4N4AaABAg,@WaseemGangster,Great news channel,0,1767484800,False
Hgx5hN0OT4w,मोदी की कुर्सी जाना तय? इस्तीफा देने की तैयारी! 19 को बड़ा बवाल | PM resignation claim | the live tv,UgywmKCrxYADsTiAo7F4AaABAg,@SarabjitSingh-z7i,Very good ropter man,0,1767484800,False
Hgx5hN0OT4w,मोदी की कुर्सी जाना तय? इस्तीफा देने की तैयारी! 19 को बड़ा बवाल | PM resignation claim | the live tv,UgxP0WKxxvzhXsy-DC94AaABAg,@afsha3575,कांग्रेस की विचार मोदी जैसीहै😂😂😂😂😂😂😂😂😂😂😂 ने,1,1767484800,False
Hgx5hN0OT4w,मोदी की कुर्सी जाना तय? इस्तीफा देने की तैयारी! 19 को बड़ा बवाल | PM resignation claim | the live tv,Ugx5MbnseLDuuYZWj894AaABAg,@md.aftabalamansari9622,वोट चोरों को भगवान बने का भारत का जनता को सजा मिल रहा है भारत का जनता इसी लायक है आगे चलकर जनता खून का आंसू रोएगा ये गारंटी है जो धर्म का चूर्ण खाकर यह लोग बैठा हुआ है और धर्म में उलझा हुआ है,5,1767484800,False
Hgx5hN0OT4w,मोदी की कुर्सी जाना तय? इस्तीफा देने की तैयारी! 19 को बड़ा बवाल | PM resignation claim | the live tv,UgzMk6SaIaHLBWqS8cV4AaABAg,@abdulmubeen5450,Kursi ki lath itni lagi hai  chahe is aadmi ki beijathi kyoun na ho,0,1767484800,False
Hgx5hN0OT4w,मोदी की कुर्सी जाना तय? इस्तीफा देने की तैयारी! 19 को बड़ा बवाल | PM resignation claim | the live tv,UgxREe41rz3xE8G0s494AaABAg,@ShahenshaAnsari-l8b,Bhai kab hoga sirf kaihne ki bat hai,0,1767484800,False
Hgx5hN0OT4w,मोदी की कुर्सी जाना तय? इस्तीफा देने की तैयारी! 19 को बड़ा बवाल | PM resignation claim | the live tv,UgxwU3nnqWn2D3AtQB14AaABAg,@roshanlalgarg6778,Charitarhin Aur Choro ko bhagavo Desh ko Bachana hai Roshanlal garg hisar,1,1767484800,False
Hgx5hN0OT4w,मोदी की कुर्सी जाना तय? इस्तीफा देने की तैयारी! 19 को बड़ा बवाल | PM resignation claim | the live tv,UgyqpHPqjGez44kDYfV4AaABAg,@warishali9343,10000 ke upar byaaj Laga kar lena chahie Sarkar ko tab jakar logon baat samajh mein aaegi,0,1767484800,False
Hgx5hN0OT4w,मोदी की कुर्सी जाना तय? इस्तीफा देने की तैयारी! 19 को बड़ा बवाल | PM resignation claim | the live tv,UgxEcqCLfwzBSoub4GR4AaABAg,@silantkiller-n8w,Aglaa noitesh rane hai bhaiya,0,1767484800,False
Hgx5hN0OT4w,मोदी की कुर्सी जाना तय? इस्तीफा देने की तैयारी! 19 को बड़ा बवाल | PM resignation claim | the live tv,UgzPvFJmWsl7w9d2geZ4AaABAg,@kantaprasadjoshi3714,Insa Allah Chouhan ji ke baat sachi ho jay,0,1767484800,False
Hgx5hN0OT4w,मोदी की कुर्सी जाना तय? इस्तीफा देने की तैयारी! 19 को बड़ा बवाल | PM resignation claim | the live tv,UgzxgD_vmUr7AS7QUoh4AaABAg,@MusharrafAli-z4x,Hhhhh majak nahi,1,1767484800,False
Hgx5hN0OT4w,मोदी की कुर्सी जाना तय? इस्तीफा देने की तैयारी! 19 को बड़ा बवाल | PM resignation claim | the live tv,UgzfvD721hxmzZqCtzN4AaABAg,@sanjeevchauhannangla3706,😅😅😅😅😅sapne lena achhi baat h lekin din mai nhi😅😅😅😅,0,1767484800,False
Hgx5hN0OT4w,मोदी की कुर्सी जाना तय? इस्तीफा देने की तैयारी! 19 को बड़ा बवाल | PM resignation claim | the live tv,Ugxol3FGtaQ9rk-NAmh4AaABAg,@sanadesigns5417,Kab se sun rahe hain jatahi nahin he😂,0,1767484800,False
Hgx5hN0OT4w,मोदी की कुर्सी जाना तय? इस्तीफा देने की तैयारी! 19 को बड़ा बवाल | PM resignation claim | the live tv,UgyXp8m6kzozIF6ey9F4AaABAg,@ShahidKhan-tb4pf,❤❤❤❤❤❤❤🎉🎉🎉🎉🎉🎉🎉🎉,1,1767484800,False
Hgx5hN0OT4w,मोदी की कुर्सी जाना तय? इस्तीफा देने की तैयारी! 19 को बड़ा बवाल | PM resignation claim | the live tv,Ugzp7MLl7gy-nX27vP94AaABAg,@ShabanShaikh-qs1eu,Jaldi,0,1767484800,False
Hgx5hN0OT4w,मोदी की कुर्सी जाना तय? इस्तीफा देने की तैयारी! 19 को बड़ा बवाल | PM resignation claim | the live tv,Ugz-h2LOr3AUBBeMCHt4AaABAg,@shadfunny-w1l,Kitna rupia lagana padta hia,0,1767484800,False
Hgx5hN0OT4w,मोदी की कुर्सी जाना तय? इस्तीफा देने की तैयारी! 19 को बड़ा बवाल | PM resignation claim | the live tv,Ugxzof8-dTbz-jLhRyV4AaABAg,@GopalVerma-mz9yj,भाजपा की जितनी भी गरीब कल्याण योजना है गरीब कल्याण योजना के नाम पर बड़े बड़े का कल्याण हो रहा है और उनको ही प्रधानमंत्री आवास और कपिलधारा के तहत कुआं दिया जा रहा है एक किसी गरीब व्यक्ति को 4 बीघा जमीन पर अगर एक कुआं दिया जाए तो उसमें भी 40 40 50 50000 किसी से 80000 सरपंच मंत्री लेते हैं जिसके बाद में उसको कुआं देते हैं उसके कुएं के पैसे भी टाइम से नहीं आते हैं ऐसे तो उसे गरीब आदमी का कहां कल्याण हो रहा है गरीब कल्याण योजना में जितने भी हुए आते हैं बड़े बड़े को दे दिए जाते हैं सर क्या बताएं हमारे चार बीघा जमीन है लेकिन हमें आज तक कोई गरीब कल्याण योजना के तहत लाभ नहीं मिला है हमारी सूखी जमीन है और हमें कुएं की सख्त जरूरत है लेकिन यह सरकार गरीबों को लाभ देना ही नहीं चाहती है उनकी नीति यह है कि बड़े बड़े समाज के लोग सत्ता में बैठे हैं यह इनकी समाज को ही लाभ देने का काम कर रहे हैं,1,1767484800,False
Hgx5hN0OT4w,मोदी की कुर्सी जाना तय? इस्तीफा देने की तैयारी! 19 को बड़ा बवाल | PM resignation claim | the live tv,UgyfEX_owynGfSy1gNR4AaABAg,@tauqweeralam1379,Istifa nahi hoga Istafa ke aad me Kutch naya ho sakta hai.,0,1767484800,False
Hgx5hN0OT4w,मोदी की कुर्सी जाना तय? इस्तीफा देने की तैयारी! 19 को बड़ा बवाल | PM resignation claim | the live tv,UgzJrGxHPGNwAeSiw_94AaABAg,@FatemaIjardar,Morning  aap brother jyada videos banana ho,0,1767484800,False
Hgx5hN0OT4w,मोदी की कुर्सी जाना तय? इस्तीफा देने की तैयारी! 19 को बड़ा बवाल | PM resignation claim | the live tv,UgxjKfDdRsw6XCaVDxR4AaABAg,@shreeramkumar2388,Agar Desh Mein ballot paper se Chunav ho to BJP RSS Satta se bahar ho jayegi,1,1767484800,False
Hgx5hN0OT4w,मोदी की कुर्सी जाना तय? इस्तीफा देने की तैयारी! 19 को बड़ा बवाल | PM resignation claim | the live tv,Ugz2UnhuAM19HhxfJ5R4AaABAg,@sakirshaikh9240,Bellet pepper se vote hona chahiye🗳️🗳️🗳️,0,1767484800,False
Hgx5hN0OT4w,मोदी की कुर्सी जाना तय? इस्तीफा देने की तैयारी! 19 को बड़ा बवाल | PM resignation claim | the live tv,UgzwqH7CtAGw4znVc014AaABAg,@PardeepKumarKumar-f7n,Jay Bhim Jay sanvidhan,0,1767484800,False
Hgx5hN0OT4w,मोदी की कुर्सी जाना तय? इस्तीफा देने की तैयारी! 19 को बड़ा बवाल | PM resignation claim | the live tv,Ugw0mKHUyuKPkkhJWCV4AaABAg,@ketanpatel7684,Nothing Happened as per checking last incidents. 🙏🙏,0,1767484800,False
Hgx5hN0OT4w,मोदी की कुर्सी जाना तय? इस्तीफा देने की तैयारी! 19 को बड़ा बवाल | PM resignation claim | the live tv,Ugz_oiQyXBG9z8MsB3F4AaABAg,@VirenderKumar-s5p,🎉🎉🎉🎉🎉🎉🎉🎉🎉🎉,2,1767484800,False
Hgx5hN0OT4w,मोदी की कुर्सी जाना तय? इस्तीफा देने की तैयारी! 19 को बड़ा बवाल | PM resignation claim | the live tv,UgyX36_xcDNWs04JjmJ4AaABAg,@mahibubpathan9501,Mazak tha😂😂,0,1767484800,False
Hgx5hN0OT4w,मोदी की कुर्सी जाना तय? इस्तीफा देने की तैयारी! 19 को बड़ा बवाल | PM resignation claim | the live tv,Ugxdqzc9Hgu9eNsvAZt4AaABAg,@venkateswarluchaluvadi7540,Don’t dream.,0,1767484800,False
Hgx5hN0OT4w,मोदी की कुर्सी जाना तय? इस्तीफा देने की तैयारी! 19 को बड़ा बवाल | PM resignation claim | the live tv,Ugwnu-dPh-H3-MKUlcp4AaABAg,@girijasankarmohanty6609,"Nothing to be happy. Kyun ki, 'Birds of same feather flock togather'.",0,1767484800,False
Hgx5hN0OT4w,मोदी की कुर्सी जाना तय? इस्तीफा देने की तैयारी! 19 को बड़ा बवाल | PM resignation claim | the live tv,UgyvDZX-E4L0wAozMFp4AaABAg,@Sajid_husain73,Bhai maine 99 dala marketwolf me wo mere wallet me show nahi kar raha kyu 😮😮😢😢,0,1767484800,False
Hgx5hN0OT4w,मोदी की कुर्सी जाना तय? इस्तीफा देने की तैयारी! 19 को बड़ा बवाल | PM resignation claim | the live tv,UgwH5VFNT8z_SpZWSTp4AaABAg,@SabnamSb,"मोदी इस्तीफा देगा तो शाह बन जायेगा जो नहीं होना चाहिए, बीजेपी सत्ता में नहीं चाहिए चाहे केंद्र हो या राज्य 🎉🎉🎉",1,1767484800,False
Hgx5hN0OT4w,मोदी की कुर्सी जाना तय? इस्तीफा देने की तैयारी! 19 को बड़ा बवाल | PM resignation claim | the live tv,UgweuUx6hPah-H5ipzN4AaABAg,@afsarazam2126,बिल्कुल💯% ईवीएम हटाओ बैलट पेपर लाओ बैलट पेपर से चुनाव करवाओ तथा वैलेट पेपर से चुनाव करवाने के साथ-साथ भाजपा और RSS का जमानत जब्त करवाओ🙏🙏,36,1767484800,False
Hgx5hN0OT4w,मोदी की कुर्सी जाना तय? इस्तीफा देने की तैयारी! 19 को बड़ा बवाल | PM resignation claim | the live tv,UgweuUx6hPah-H5ipzN4AaABAg.AQkJRc591h6AQkSKZABesy,@AshwaniKumar-nr9dl,😂😂😂😂😂,0,1767484800,True
Hgx5hN0OT4w,मोदी की कुर्सी जाना तय? इस्तीफा देने की तैयारी! 19 को बड़ा बवाल | PM resignation claim | the live tv,UgweuUx6hPah-H5ipzN4AaABAg.AQkJRc591h6AQmomuRM8ak,@Devendar1632,Naam ram ka aur kaam raakchas ka,0,1767484800,True
Hgx5hN0OT4w,मोदी की कुर्सी जाना तय? इस्तीफा देने की तैयारी! 19 को बड़ा बवाल | PM resignation claim | the live tv,Ugw4cq5ShXZdLO0rHJF4AaABAg,@irfankhalid8654,online trading juaa hai or juaa haram hai,0,1767484800,False
Hgx5hN0OT4w,मोदी की कुर्सी जाना तय? इस्तीफा देने की तैयारी! 19 को बड़ा बवाल | PM resignation claim | the live tv,UgwQvdn5Km9avMUi9Ep4AaABAg,@GopalVerma-mz9yj,भाजपा की सरकार में जितनी भी योजनाएं चल रही है उनमें सब में घोटाले हो रहे हैं और भाजपा की सरकार अपने कर्मचारियों को घुस के मामले में बढ़ावा दे रही है भर भर के खोल पैसे दिए जा रहा है घूसखोरी में बढ़ावा मिला है कर्मचारी अधिकारी जी भरकर घूसखोरी कर रहे हैं और सरपंच मंत्रियों से जब भी कोई काम देते हैं तो मनमानी घुस वसूली होती है जनपद पंचायत में उसे पर कोई रोक नहीं है कलेक्टर कार्यालय से लेकर तो जनपद पंचायत तक और जनपद पंचायत से लेकर तो मुख्यमंत्री तक घुस जाती है उनके सांसद विधायक मंत्री सुंदरी सब उसमें से घूस लेते हैं बड़ी बड़ी योजनाओं को चालू कर कर उसमें पैसा मंजूर करते हैं और अंदर के रास्ते से वापस वह पैसा घुस के मामले घुस के रूप में वसूल लेते हैं यही भारतीय जनता पार्टी की योजनाएं हैं और घोटाले बाजी की योजना है सब को उठा ले कर कर जी रहे हैं देश का धन खा रहे हैं पूरे भारत का खजाना खाली कर दिया है भाजपा के की सरकार ने और घूसखोरी जी भर कर चल रही है कर्मचारी अधिकारी पुलिस प्रशासन इतने कर हो गए हैं कि गरीब आदमी को जेल भेज देते हैं और साहूकार को घर भेज देते हैं यही नौटंकी चल रही है जब से भाजपा की सरकार बनी,2,1767484800,False
Hgx5hN0OT4w,मोदी की कुर्सी जाना तय? इस्तीफा देने की तैयारी! 19 को बड़ा बवाल | PM resignation claim | the live tv,Ugz_K-JiwATYjejWP3x4AaABAg,@Indian-t3l,Mujhe lagta hai agar aisa hota to sab se ziyada me Khush hota afsos Aisa nahi hoga,0,1767484800,False
Hgx5hN0OT4w,मोदी की कुर्सी जाना तय? इस्तीफा देने की तैयारी! 19 को बड़ा बवाल | PM resignation claim | the live tv,Ugyn5P7MGS7tzws5J7p4AaABAg,@Dhuri-b6x,Bahi sab ji je kr vot sahi me ho jae pure des me ho sakta ha bahi. Bjp ko khi se be koi be seett nhi mille ge bahi,1,1767484800,False
Hgx5hN0OT4w,मोदी की कुर्सी जाना तय? इस्तीफा देने की तैयारी! 19 को बड़ा बवाल | PM resignation claim | the live tv,Ugw3Hk2Ogi7TxohgLC54AaABAg,@user-salim1957,मोदी जी को जब राजीनामा देने का वक़्त आया तो मोदी जी जाते जाते ईवीएम बंद कर के बैलेट पेपर से चुनाव कर ने का फैसला लेना चाहिए.......,1,1767484800,False
Hgx5hN0OT4w,मोदी की कुर्सी जाना तय? इस्तीफा देने की तैयारी! 19 को बड़ा बवाल | PM resignation claim | the live tv,Ugxzoq3DRmIUd-lWoWd4AaABAg,@dubaivlog8109,Htaoo to shi ya bolte rh ge,1,1767484800,False
Hgx5hN0OT4w,मोदी की कुर्सी जाना तय? इस्तीफा देने की तैयारी! 19 को बड़ा बवाल | PM resignation claim | the live tv,UgwbpaRPxuyFLFkhvEh4AaABAg,@ketanpatel7684,Please Don't Predict Market 🙏🙏.,0,1767484800,False
Hgx5hN0OT4w,मोदी की कुर्सी जाना तय? इस्तीफा देने की तैयारी! 19 को बड़ा बवाल | PM resignation claim | the live tv,UgyK8VpjXvFFuCmznrZ4AaABAg,@SabnamSb,मार्केट वोल्फ का मालिक कौन है ये बताओ पहले प्रज्ज्वल गौतम जी 👌,1,1767484800,False
Hgx5hN0OT4w,मोदी की कुर्सी जाना तय? इस्तीफा देने की तैयारी! 19 को बड़ा बवाल | PM resignation claim | the live tv,Ugw1PDZD2US-FA6U52t4AaABAg,@snehlatayadav5746,Ye to bilkul nahi,0,1767484800,False
Hgx5hN0OT4w,मोदी की कुर्सी जाना तय? इस्तीफा देने की तैयारी! 19 को बड़ा बवाल | PM resignation claim | the live tv,UgxcqwAqhhWf_zlIpLB4AaABAg,@shalikyadav1275,Dekho  ye  Bhagne  na  paye .,0,1767484800,False
Hgx5hN0OT4w,मोदी की कुर्सी जाना तय? इस्तीफा देने की तैयारी! 19 को बड़ा बवाल | PM resignation claim | the live tv,Ugwkf1H62bD_NLKln1N4AaABAg,@shaikhanisha1754,BJP or RSS hai vaha tak Desh ka kuch nahi hoskta Modi ke jane se koi farak nahi padega....,0,1767484800,False
Hgx5hN0OT4w,मोदी की कुर्सी जाना तय? इस्तीफा देने की तैयारी! 19 को बड़ा बवाल | PM resignation claim | the live tv,UgxEmHnlKCcUQX0SOyt4AaABAg,@newmoviestrailerhindi,इसकी फ्लोसीपो बताओ ये कैसे मुमकिन है,0,1767484800,False
Hgx5hN0OT4w,मोदी की कुर्सी जाना तय? इस्तीफा देने की तैयारी! 19 को बड़ा बवाल | PM resignation claim | the live tv,UgwHrcwJ-8UTWhBMsol4AaABAg,@Sunandaatrey,Dusre lutere ayenge isme kya,1,1767484800,False
Hgx5hN0OT4w,मोदी की कुर्सी जाना तय? इस्तीफा देने की तैयारी! 19 को बड़ा बवाल | PM resignation claim | the live tv,Ugy0OGXRS6cCmcFvgo94AaABAg,@premankuranand1751,😂😂😂😂aise hi sapne dekhte rho,0,1767484800,False
Hgx5hN0OT4w,मोदी की कुर्सी जाना तय? इस्तीफा देने की तैयारी! 19 को बड़ा बवाल | PM resignation claim | the live tv,UgxIabAhQFW68xAeJlp4AaABAg,@sanaajmolla5755,BEAUTIFUL NEWS❤❤❤❤🌹🌹 SIR JI 🙏🙏🌹🌹THANKS OLL HAPPY 🇮🇳🇮🇳🇮🇳🇮🇳🇮🇳🇮🇳🇮🇳🇮🇳🇮🇳🇮🇳🇮🇳🇮🇳🇮🇳🇮🇳🇮🇳🇮🇳🇮🇳🇮🇳🇮🇳🇮🇳🇮🇳👌👍👍👍🙏🙏,0,1767484800,False
Hgx5hN0OT4w,मोदी की कुर्सी जाना तय? इस्तीफा देने की तैयारी! 19 को बड़ा बवाल | PM resignation claim | the live tv,Ugw4MkfVuGd2NP0xksF4AaABAg,@indrakumar7146,Ok,0,1767484800,False
Hgx5hN0OT4w,मोदी की कुर्सी जाना तय? इस्तीफा देने की तैयारी! 19 को बड़ा बवाल | PM resignation claim | the live tv,Ugy8r0yHzVTXL9Wshw54AaABAg,@Sk.minhaj127,Metro aana hai digital India banana hai 15 15 lakh aana hai vikas ku laana hai america ku visa k liye line me lagana hai desh ku no 1 banana hai ye koun kare ka agar istefa resign pm ka hogaya toh 18 18 ghante kaam koun karega,0,1767484800,False
Hgx5hN0OT4w,मोदी की कुर्सी जाना तय? इस्तीफा देने की तैयारी! 19 को बड़ा बवाल | PM resignation claim | the live tv,UgylVwKqXnBsSXZy78V4AaABAg,@f-ht5bx,Bhai Market wolf me profit kat jata hai or main balance bhi Kam jata hai. Kya Karen is frod ka,0,1767484800,False
Hgx5hN0OT4w,मोदी की कुर्सी जाना तय? इस्तीफा देने की तैयारी! 19 को बड़ा बवाल | PM resignation claim | the live tv,Ugw9ustvtPlyLRWswv14AaABAg,@leocan9591,"In short, if DS is activated again, the army and intelligence agencies must work together to swiftly eliminate internal enemies.",0,1767484800,False
Hgx5hN0OT4w,मोदी की कुर्सी जाना तय? इस्तीफा देने की तैयारी! 19 को बड़ा बवाल | PM resignation claim | the live tv,UgwDVwb8qMPXWcAExi54AaABAg,@JalandharBind-y8n,Modi Amit sha jipin ada jae prksh nitin ktghri rajnath sig jaeae logo ka bicar dhara khtm kro 280 krona ka bhumi bhart daesh h 140 krona jnta rajo kae jaeshar rhsktaev ho vicar krkae agae bnho laekin aek bat ka dhian daena 1500 so krona sae jada admi nhi rh skta bhart Mae 80 sal mae 1500 so krona  ho jae gi bhart ka jnskhaea  Mae chata hu 140 krona sae jada mt bnaho jnskhae nhi to koi achi jindgi nhi ji pae ga hr admi do bca paeda kro jin kae pash do ladka Khali ho o ush jgae pae sadi krae jha do ladki ho jinkae pash sigl ladki ldaka h o sigl jg sadi krae isae na to daesh Mae jn skhae bnhae gi nhi to dubara ghr bnana pnae ga fhir bhart svdin cl skta h,0,1767484800,False
Hgx5hN0OT4w,मोदी की कुर्सी जाना तय? इस्तीफा देने की तैयारी! 19 को बड़ा बवाल | PM resignation claim | the live tv,UgztLH3chQo82FSSWLR4AaABAg,@keharsingh57,PM only SC hona chahiye,0,1767484800,False
Hgx5hN0OT4w,मोदी की कुर्सी जाना तय? इस्तीफा देने की तैयारी! 19 को बड़ा बवाल | PM resignation claim | the live tv,UgwF3ju9ozwDLr_ZvJR4AaABAg,@ShamimChandija,मतलब अब मजा मारने नहीं मिलेगा  हवाई जहाज सुना पड़ जायेगा मशरूम का क्या होगा  😂😂😂😂,0,1767484800,False
Hgx5hN0OT4w,मोदी की कुर्सी जाना तय? इस्तीफा देने की तैयारी! 19 को बड़ा बवाल | PM resignation claim | the live tv,Ugyax-89MPR9EGwZy-l4AaABAg,@shehnaazmoosa3895,Please it ne khus khawab na dekhao. Mera dil our bardash nahi kasake😅,0,1767484800,False
Hgx5hN0OT4w,मोदी की कुर्सी जाना तय? इस्तीफा देने की तैयारी! 19 को बड़ा बवाल | PM resignation claim | the live tv,Ugzfza4Qlse1LripCz54AaABAg,@ayeshanaaz1736,😊😊😊😊😊😊😊😊😊,0,1767484800,False
Hgx5hN0OT4w,मोदी की कुर्सी जाना तय? इस्तीफा देने की तैयारी! 19 को बड़ा बवाल | PM resignation claim | the live tv,UgwUirlEwh5Tsjb2Hs54AaABAg,@susantakumarmohanty8441,KHA MAA KASAM,0,1767484800,False
Hgx5hN0OT4w,मोदी की कुर्सी जाना तय? इस्तीफा देने की तैयारी! 19 को बड़ा बवाल | PM resignation claim | the live tv,Ugx_w9Yjzr9BnPU9jZF4AaABAg,@anamsaifi-tj8te,ye..2014..mai.bhi.E.V.M..se.aay.hai..cor.,0,1767484800,False
Hgx5hN0OT4w,मोदी की कुर्सी जाना तय? इस्तीफा देने की तैयारी! 19 को बड़ा बवाल | PM resignation claim | the live tv,Ugxqh-rW56imL2tyaRd4AaABAg,@osamakidwai6519,Nitin Gadkari nahi Sharad Pawar honge Pradhan Mantri agar Modi hatenge to,0,1767484800,False
Hgx5hN0OT4w,मोदी की कुर्सी जाना तय? इस्तीफा देने की तैयारी! 19 को बड़ा बवाल | PM resignation claim | the live tv,Ugzg7v3Gqy3Eu5Y0ym94AaABAg,@PromodRathod-u7z,मोदीजी को डर लगा रहेगा हे इस्तीफा देगे तो मोदीजी भारत नहीं रहेंगे,0,1767484800,False
Hgx5hN0OT4w,मोदी की कुर्सी जाना तय? इस्तीफा देने की तैयारी! 19 को बड़ा बवाल | PM resignation claim | the live tv,UgxcMrU9DtneGQMNOzB4AaABAg,@Arhab12,Ab evm se nahi chunav nahi hona chahiye,0,1767484800,False
Hgx5hN0OT4w,मोदी की कुर्सी जाना तय? इस्तीफा देने की तैयारी! 19 को बड़ा बवाल | PM resignation claim | the live tv,UgxUyhzBUXtWVHvb4Gh4AaABAg,@bhausobadiger583,ऐसा होगा तो पीएम कहां के पीएम बनेंगे पा?,0,1767484800,False
Hgx5hN0OT4w,मोदी की कुर्सी जाना तय? इस्तीफा देने की तैयारी! 19 को बड़ा बवाल | PM resignation claim | the live tv,UgyZrpuRSNTIoEgE-MR4AaABAg,@manilal8111,मन की लड्डू घी के साथ खाने में कोई बुराई नहीं,0,1767484800,False
Hgx5hN0OT4w,मोदी की कुर्सी जाना तय? इस्तीफा देने की तैयारी! 19 को बड़ा बवाल | PM resignation claim | the live tv,Ugx4Sbz4sqAJRn5XCp14AaABAg,@ShailendraSinha-w5z,"Desh kaa tathakathit pradhan sewak 19 koh dictatorship lagoo kar dega ,so that kee isteepha dene kee naubat hee nahee aayegi.",0,1767484800,False
Hgx5hN0OT4w,मोदी की कुर्सी जाना तय? इस्तीफा देने की तैयारी! 19 को बड़ा बवाल | PM resignation claim | the live tv,Ugxmhnqv_biQuXPQDsV4AaABAg,@MahmoodAli-hq9cd,Yeh  Mr Chauhaan sapna to  nahi dekh rahe hai.,0,1767484800,False
Hgx5hN0OT4w,मोदी की कुर्सी जाना तय? इस्तीफा देने की तैयारी! 19 को बड़ा बवाल | PM resignation claim | the live tv,UgzG_TCz6Hq6ZKzpdYl4AaABAg,@sirajshaikh3726,Jay maharastra,0,1767484800,False
Hgx5hN0OT4w,मोदी की कुर्सी जाना तय? इस्तीफा देने की तैयारी! 19 को बड़ा बवाल | PM resignation claim | the live tv,UgyYsZ1mSKIKKlPSGsV4AaABAg,@AshwaniKumar-nr9dl,😂😂😂😂,0,1767484800,False
Hgx5hN0OT4w,मोदी की कुर्सी जाना तय? इस्तीफा देने की तैयारी! 19 को बड़ा बवाल | PM resignation claim | the live tv,UgyqzVrsfTl9sro8MFJ4AaABAg,@mdashuqureshi5200,Ye kya app ka sisatam st kar diya sar hum news dekhte hai apki app nhi,0,1767484800,False
Hgx5hN0OT4w,मोदी की कुर्सी जाना तय? इस्तीफा देने की तैयारी! 19 को बड़ा बवाल | PM resignation claim | the live tv,UgwX-EDnlGtvRSN4nCh4AaABAg,@salimmozzin,Kaan pak gaye ye sunte sunte kuch nahi hoha,0,1767484800,False
Hgx5hN0OT4w,मोदी की कुर्सी जाना तय? इस्तीफा देने की तैयारी! 19 को बड़ा बवाल | PM resignation claim | the live tv,UgxlI1ZeLMGJ-X9QpaJ4AaABAg,@RamSinghNegi-q5o,They are rumours mongers.,0,1767484800,False
Hgx5hN0OT4w,मोदी की कुर्सी जाना तय? इस्तीफा देने की तैयारी! 19 को बड़ा बवाल | PM resignation claim | the live tv,UgykwD0SDvzlHCzgQtV4AaABAg,@Ismailkhan-ep5xc,Chalo dekh lenge. Nahi hoga.,0,1767484800,False
Hgx5hN0OT4w,मोदी की कुर्सी जाना तय? इस्तीफा देने की तैयारी! 19 को बड़ा बवाल | PM resignation claim | the live tv,UgwriE7Jjf9JYKIcEbV4AaABAg,@FirdoshKureshi-x3p,Lasho pr chalkar satta me aaya h ab is hatyare ko koi nai hata sakta,0,1767484800,False
Hgx5hN0OT4w,मोदी की कुर्सी जाना तय? इस्तीफा देने की तैयारी! 19 को बड़ा बवाल | PM resignation claim | the live tv,Ugwq2lzcmh69NjzdcZ54AaABAg,@sadabansari342,मैंने यह ऐप डाउनलोड करा था पूरी आईडी बनाई थी पर कुछ नहीं हुआ,0,1767484800,False
Hgx5hN0OT4w,मोदी की कुर्सी जाना तय? इस्तीफा देने की तैयारी! 19 को बड़ा बवाल | PM resignation claim | the live tv,UgxHq3iclylTkla8VOF4AaABAg,@F9910-z6,😂😂😂😂 marne se pehle woh  kursi छोड़ने wala nahi hai,0,1767484800,False
Hgx5hN0OT4w,मोदी की कुर्सी जाना तय? इस्तीफा देने की तैयारी! 19 को बड़ा बवाल | PM resignation claim | the live tv,UgzGVvBPKrMEP1oTm914AaABAg,@FarhadKhan-y8q5s,Dhrm rksha ke Naam pr Hindu Bhai log ne mhngai bhukhmari berojgari Apne bacho ka bhavishya sab dav pr laga diya jabki dhrm inshan ki rksha karta he,0,1767484800,False
Hgx5hN0OT4w,मोदी की कुर्सी जाना तय? इस्तीफा देने की तैयारी! 19 को बड़ा बवाल | PM resignation claim | the live tv,Ugw1dQttn0J5EK5UWdh4AaABAg,@KamleshKumari-lr4mv,Sir iski photo mat lgae kije hme iski shakal ashi nhi lgti,0,1767484800,False
Hgx5hN0OT4w,मोदी की कुर्सी जाना तय? इस्तीफा देने की तैयारी! 19 को बड़ा बवाल | PM resignation claim | the live tv,UgyhzHcz5jyFP3mysd54AaABAg,@shitalsharama,मोदी को हटाना बहुत जरूरी हैं।,0,1767484800,False
Hgx5hN0OT4w,मोदी की कुर्सी जाना तय? इस्तीफा देने की तैयारी! 19 को बड़ा बवाल | PM resignation claim | the live tv,Ugxy9EfSBQ_g0XLCCBF4AaABAg,@TipuSultan-87,अंत में आपको ऐड मिल गया।,0,1767484800,False
Hgx5hN0OT4w,मोदी की कुर्सी जाना तय? इस्तीफा देने की तैयारी! 19 को बड़ा बवाल | PM resignation claim | the live tv,UgwZcK--w6WKTGf6UEd4AaABAg,@munendrasingh438,99से 9 रह जाएंगी.,0,1767484800,False
Hgx5hN0OT4w,मोदी की कुर्सी जाना तय? इस्तीफा देने की तैयारी! 19 को बड़ा बवाल | PM resignation claim | the live tv,Ugw-kuKtVmiJxHn3CFl4AaABAg,@NagenderkumarThakur,"ModiJi,is,a,Good,Person,Great,Person",0,1767484800,False
Hgx5hN0OT4w,मोदी की कुर्सी जाना तय? इस्तीफा देने की तैयारी! 19 को बड़ा बवाल | PM resignation claim | the live tv,Ugz0GKs_rBtfEXp3Q3J4AaABAg,@rupeshkarande1312,"अभी चुनाव हो जाए तो कॉंग्रेस २०० से ज्यादा सीटें जीत सकती है इस बात पर एंकर मानक गुप्ता की हंसी बाहर निकली। अगर देखा जाए तो मानक गुप्ता की हंसी निकलना वाजीब है। सच बात तो ये है की जनता का मेंडेट ना भाजपा को मिलता है, ना कॉंग्रेस को दोनों को अगर जनता का मेंडेट मिला भी तो वो ईव्हीएम से मिलता है। ये बात मानक गुप्ता को भी मालूम है इसलिए हंसी बाहर निकली।😂",0,1767484800,False
Hgx5hN0OT4w,मोदी की कुर्सी जाना तय? इस्तीफा देने की तैयारी! 19 को बड़ा बवाल | PM resignation claim | the live tv,UgwqV1aUyFDRFJG0pV94AaABAg,@ashfaque72,"Agar muje rohit nahai huaa tu ,,,,",0,1767484800,False
Hgx5hN0OT4w,मोदी की कुर्सी जाना तय? इस्तीफा देने की तैयारी! 19 को बड़ा बवाल | PM resignation claim | the live tv,UgyPxb666mpvXqwSmSp4AaABAg,@NAVEDKAUSARUSMANISALAFI1,MODI TO GAYO BHAYA,0,1767484800,False
Hgx5hN0OT4w,मोदी की कुर्सी जाना तय? इस्तीफा देने की तैयारी! 19 को बड़ा बवाल | PM resignation claim | the live tv,UgzBKYNI2zlLG1PJpnp4AaABAg,@RajinderSingh-z9l,KHELLA HO BHEE SAKTA HAI,0,1767484800,False
Hgx5hN0OT4w,मोदी की कुर्सी जाना तय? इस्तीफा देने की तैयारी! 19 को बड़ा बवाल | PM resignation claim | the live tv,UgwKORrOx1q70E9AlSh4AaABAg,@shailendrasingh-r5b,"Khush ho jao sab
Par hoga nhi kuch",0,1767484800,False
Hgx5hN0OT4w,मोदी की कुर्सी जाना तय? इस्तीफा देने की तैयारी! 19 को बड़ा बवाल | PM resignation claim | the live tv,Ugxlc8Glenp3o2kCJ414AaABAg,@apanadesh-w2k,EVM hatana chahie,0,1767484800,False
Hgx5hN0OT4w,मोदी की कुर्सी जाना तय? इस्तीफा देने की तैयारी! 19 को बड़ा बवाल | PM resignation claim | the live tv,UgxaSgq4pQt7AX0M4kV4AaABAg,@livestyle77777,Hatoo yaar bahut paaka raha hi  congress lao,0,1767484800,False
Hgx5hN0OT4w,मोदी की कुर्सी जाना तय? इस्तीफा देने की तैयारी! 19 को बड़ा बवाल | PM resignation claim | the live tv,UgwVoEibCE1owjg52hR4AaABAg,@Pp_viral_news,Kuchh nahi hoga 2019 se yahi sunta aa raha hu,0,1767484800,False
Hgx5hN0OT4w,मोदी की कुर्सी जाना तय? इस्तीफा देने की तैयारी! 19 को बड़ा बवाल | PM resignation claim | the live tv,UgxLFOBZCfqrcrXVCPN4AaABAg,@sohebshaikh973,"Nhi abhi desh pura barbaad kaha hua hai 
Abhii nhi",0,1767484800,False
Hgx5hN0OT4w,मोदी की कुर्सी जाना तय? इस्तीफा देने की तैयारी! 19 को बड़ा बवाल | PM resignation claim | the live tv,UgwaWtUMF2OMw3c3dFl4AaABAg,@manowarrabiya3444,"Bhai gi aisa samachar sunne ke liye 15 saal se wait kar raha hu. Lekin BJP aaj bhi bani huwi h. Aur bani rahegi. Jb tak EVM h, koi hila nahi sakta BJP ko yahi succhayi h. Hamari desh ki janta hi jb bewakuf h to kuch kiya nahi ja sakta. Hm sub lage huwe h ek dusre ko marne ke liye lekin koi desh ke bare koi nahi sonchta. Hm sabhi janta desh premi nahi desh ka bedagark karne wale h. Aur hamare desh ka haal hamari wajah se h. Jai hind..",0,1767484800,False
Hgx5hN0OT4w,मोदी की कुर्सी जाना तय? इस्तीफा देने की तैयारी! 19 को बड़ा बवाल | PM resignation claim | the live tv,UgzrejCq7nbv1sY0E994AaABAg,@sjsingh9921,Ab uske baad 60 se kam umar vaali mahilaayon ki baari,0,1767484800,False
Hgx5hN0OT4w,मोदी की कुर्सी जाना तय? इस्तीफा देने की तैयारी! 19 को बड़ा बवाल | PM resignation claim | the live tv,UgwWq2xW6ymgsF1u76V4AaABAg,@sadabansari342,पुरी आईडी बनाई थी पूरी केवाईसी करी थी पर हमारा कुछ नहीं होगा,0,1767484800,False
Hgx5hN0OT4w,मोदी की कुर्सी जाना तय? इस्तीफा देने की तैयारी! 19 को बड़ा बवाल | PM resignation claim | the live tv,UgwuuhgejOi8MVm2hPN4AaABAg,@junaidshah6849,E v m ho ya bailat pepar ho chor chori karna nahi bhulta hai bhai dimmag hona chahiye,0,1767484800,False
Hgx5hN0OT4w,मोदी की कुर्सी जाना तय? इस्तीफा देने की तैयारी! 19 को बड़ा बवाल | PM resignation claim | the live tv,UgxpuhdZ82h3Syn1cSN4AaABAg,@ushagopale322,इस वास्ते  कुछ तो दे के मामला  मिटlणा होगा बlहार गये है न साहेब,0,1767484800,False
Hgx5hN0OT4w,मोदी की कुर्सी जाना तय? इस्तीफा देने की तैयारी! 19 को बड़ा बवाल | PM resignation claim | the live tv,UgxR2vkXkMSmFmG9hXp4AaABAg,@sadabansari342,पर कुछ नहीं होना,0,1767484800,False
Hgx5hN0OT4w,मोदी की कुर्सी जाना तय? इस्तीफा देने की तैयारी! 19 को बड़ा बवाल | PM resignation claim | the live tv,UgwfqVCq7yOudCjucK14AaABAg,@raeesahmad7266,दूसरी पार्टी से आये सभी नेता बी जे पी में दाग़ी लोग हैं,0,1767484800,False
Hgx5hN0OT4w,मोदी की कुर्सी जाना तय? इस्तीफा देने की तैयारी! 19 को बड़ा बवाल | PM resignation claim | the live tv,Ugwgte9yImLdkiy6TzN4AaABAg,@drsktomar4294,❤😂😂🎉,0,1767484800,False
Hgx5hN0OT4w,मोदी की कुर्सी जाना तय? इस्तीफा देने की तैयारी! 19 को बड़ा बवाल | PM resignation claim | the live tv,Ugz0Ok0S84aQhaFXa_F4AaABAg,@DeepakKumar-xc3mv,Ballet paper se hoga  tabhi jit ml paygi kayuki evm kishi aur ne patent kara rakha hai,1,1767484800,False
Hgx5hN0OT4w,मोदी की कुर्सी जाना तय? इस्तीफा देने की तैयारी! 19 को बड़ा बवाल | PM resignation claim | the live tv,Ugw2HGrSHOgnJPqe-Xp4AaABAg,@rashmichand1128,"Desh. Es. Sarkar. Ko .nhi. Chaita  hai,  kuki. En. Logo. Ki. Befaltu. Ki. Baato.  Ko. Koi. Bhi. Nhi. Pasand.  Karta. Hai,",0,1767484800,False
Hgx5hN0OT4w,मोदी की कुर्सी जाना तय? इस्तीफा देने की तैयारी! 19 को बड़ा बवाल | PM resignation claim | the live tv,UgwtvD9fjQRMs-489pd4AaABAg,@Mustufakhan-c1j,😅😅😅😅,0,1767484800,False
Hgx5hN0OT4w,मोदी की कुर्सी जाना तय? इस्तीफा देने की तैयारी! 19 को बड़ा बवाल | PM resignation claim | the live tv,UgwhRlhIaZP0RX1PR_F4AaABAg,@mamtaprajapati-s2v,Hm uppar cast ko vot nhi dege,0,1767484800,False
Hgx5hN0OT4w,मोदी की कुर्सी जाना तय? इस्तीफा देने की तैयारी! 19 को बड़ा बवाल | PM resignation claim | the live tv,UgyYXu2a90oMY9w8QJB4AaABAg,@karishmapathan237,EVM bann karo,0,1767484800,False
Hgx5hN0OT4w,मोदी की कुर्सी जाना तय? इस्तीफा देने की तैयारी! 19 को बड़ा बवाल | PM resignation claim | the live tv,UgwQQeUgdvP08p1vc2J4AaABAg,@DilbarHasan-wg3wb,جب تک ای وی ایم ہے۔کانگریس سوسے اوپر نہیں جائے گی۔ھاں بلیٹ پیپر سے الیکشن ہوتودوسو ممکن ہے۔,0,1767484800,False
Hgx5hN0OT4w,मोदी की कुर्सी जाना तय? इस्तीफा देने की तैयारी! 19 को बड़ा बवाल | PM resignation claim | the live tv,UgzpbTbkdHQqHxwzq6B4AaABAg,@HajiIbrahim-y4t,Ye galat lkha he chole waleki galti he,0,1767484800,False
Hgx5hN0OT4w,मोदी की कुर्सी जाना तय? इस्तीफा देने की तैयारी! 19 को बड़ा बवाल | PM resignation claim | the live tv,UgxlKqcdSy_wl-lwGd54AaABAg,@parvezalam4136,"Modi to age puri hone pe PM ki seat se hatne wala tha kiya 
Rules ko apne liye change kar liya shayad",0,1767484800,False
Hgx5hN0OT4w,मोदी की कुर्सी जाना तय? इस्तीफा देने की तैयारी! 19 को बड़ा बवाल | PM resignation claim | the live tv,UgyzeIckX6lBly5F9WB4AaABAg,@abdulibrahimabdulibrahim8714,Kuch bhi nahi hoga likh lo,0,1767484800,False
Hgx5hN0OT4w,मोदी की कुर्सी जाना तय? इस्तीफा देने की तैयारी! 19 को बड़ा बवाल | PM resignation claim | the live tv,Ugz2oqdvj0YidrW0uah4AaABAg,@AbdulMannan98-l4d,"Paper balet se election karwaye
❤",0,1767484800,False
Hgx5hN0OT4w,मोदी की कुर्सी जाना तय? इस्तीफा देने की तैयारी! 19 को बड़ा बवाल | PM resignation claim | the live tv,UgyBK7YSmYeyCwjdjDV4AaABAg,@ayaanfaiqaaleeza87,अगर नितिन गडकरी उसका बेटे का अचानक अरबो खरबो अपना बैंक बेलेन्स हो गया है तो वो कौन सा सही है सही देखा जाय रिजिजू है,0,1767484800,False
Hgx5hN0OT4w,मोदी की कुर्सी जाना तय? इस्तीफा देने की तैयारी! 19 को बड़ा बवाल | PM resignation claim | the live tv,Ugw3I1cEFFr2Xe4Ev9J4AaABAg,@Vaibhav-d5e7h,Main abhi Sahi kah de raha hun ki kuchh Bhi nahin Hoga jisko shart lagani Hai shart Laga Lo Modi hi Pradhanmantri rahenge Koi nahin hata payega Kisi Ki aukat nahin Hai 2029 mein ho sakta hai lekin abhi nahin hoga,0,1767484800,False
Hgx5hN0OT4w,मोदी की कुर्सी जाना तय? इस्तीफा देने की तैयारी! 19 को बड़ा बवाल | PM resignation claim | the live tv,UgybJyWlCh6Hpx3f-Ph4AaABAg,@kushmamishra1699,Pm mr modi ji ne poora desh karje se bhar poor lad ke rakh dia ab desh main ane wale dino main do sal bad bhukha mari ayegi tab andh bhakat kahenge ab kaha jay tabhi kahenge pm modi ji ko turant badlo.,0,1767484800,False
Hgx5hN0OT4w,मोदी की कुर्सी जाना तय? इस्तीफा देने की तैयारी! 19 को बड़ा बवाल | PM resignation claim | the live tv,UgzDUSXgLqlH2fnqq6x4AaABAg,@SahilShah-wk7jc,Kuch nahi hoga tension mat lo.,1,1767484800,False
Hgx5hN0OT4w,मोदी की कुर्सी जाना तय? इस्तीफा देने की तैयारी! 19 को बड़ा बवाल | PM resignation claim | the live tv,UgwPy584smo4JFtKylN4AaABAg,@shaqibkhan6636,"सर कई 19निकल गई, खुद का बनाया कानून फिर भी 75साल के मोदी पीएम बने हुए आगे भी बने रहेंगे, न ज्ञानेश का कुछ बिगाड़ सके न मोदी तडीपार का कुछ नहीं बिगड़ा न कोई बिगाड़ सकता क्यों की को बिगाड़ सकते है वही मोदिकी चापलूसी कर रहे अब कोन सी संस्था मोदी को हटाएगी कई फाइल खुली सुब्रमण्यम स्वामी ने सात सालो से सबूत के साथ सब बता🎉 दिए क्या हुआ कोन सुन रहा",0,1767484800,False
Hgx5hN0OT4w,मोदी की कुर्सी जाना तय? इस्तीफा देने की तैयारी! 19 को बड़ा बवाल | PM resignation claim | the live tv,Ugy-UieBvo3vV7IXfJt4AaABAg,@nishatkhan3836,E.C and along with BJP fight.,0,1767484800,False
Hgx5hN0OT4w,मोदी की कुर्सी जाना तय? इस्तीफा देने की तैयारी! 19 को बड़ा बवाल | PM resignation claim | the live tv,UgxtqjIBcLSIcPVZQWV4AaABAg,@MdAslamSonu-r8y,MODI ISTIFA DO,0,1767484800,False
Hgx5hN0OT4w,मोदी की कुर्सी जाना तय? इस्तीफा देने की तैयारी! 19 को बड़ा बवाल | PM resignation claim | the live tv,UgyXN1uBm9WKKgsn3mF4AaABAg,@mohammadbaqir8708,Agar  baelet pepar se chunao  hoga  to 280 seet kangres ki hogi,0,1767484800,False
Hgx5hN0OT4w,मोदी की कुर्सी जाना तय? इस्तीफा देने की तैयारी! 19 को बड़ा बवाल | PM resignation claim | the live tv,UgzS0NkjPAJbTHJ5htV4AaABAg,@STREETFIGHT-trainer,Jail jaaye to acha hai...umar bhar ke liye.. Or desh ko dubaara sahi bhi to karna hai.. Jitna desh ko barbad kiyaa..,0,1767484800,False
Hgx5hN0OT4w,मोदी की कुर्सी जाना तय? इस्तीफा देने की तैयारी! 19 को बड़ा बवाल | PM resignation claim | the live tv,UgxWqMGisDfVzj5zq4p4AaABAg,@MohdShanu-h5q8c,Pankaj Chaudhari up ke new CM I love Pankaj Chaudhari❤❤❤❤❤❤❤❤❤💯🌹🌹🌹🙏🙏🙏👌❤️❤️❤️❤️❤️❤️❤️🌹🌹🌹🌹🌹🌹,0,1767484800,False
Hgx5hN0OT4w,मोदी की कुर्सी जाना तय? इस्तीफा देने की तैयारी! 19 को बड़ा बवाल | PM resignation claim | the live tv,UgzP5Ls9eZWYp0385kF4AaABAg,@subedarsingh3070,झूठा छली आदमी कभी भी स्तीफा नहीं दे सकता है,30,1767484800,False
Hgx5hN0OT4w,मोदी की कुर्सी जाना तय? इस्तीफा देने की तैयारी! 19 को बड़ा बवाल | PM resignation claim | the live tv,UgzP5Ls9eZWYp0385kF4AaABAg.AQkMJ7pXPbPAQnJ4EerGUd,@sayyedmuqeet1,Sahi kaha aise news 2019 se chal rahe hai kya modi denge istifa 😂😂😂lekin wo kbhi nhi denga wo besharam chor kursi kaise chhorenga jaisi kursi gyi waise 80% bjp walo ko jel hojayengi,1,1767484800,True
Hgx5hN0OT4w,मोदी की कुर्सी जाना तय? इस्तीफा देने की तैयारी! 19 को बड़ा बवाल | PM resignation claim | the live tv,UgznaTaMOsvpzhZlAeR4AaABAg,@AnandShinde-l7o,😂😂😂😂😂😂😂😂 tum lok sapna dek te raho 😂😂😂😂😂😂😂,0,1767484800,False
Hgx5hN0OT4w,मोदी की कुर्सी जाना तय? इस्तीफा देने की तैयारी! 19 को बड़ा बवाल | PM resignation claim | the live tv,UgwHPtZZcgb5OzwPs_p4AaABAg,@niyaz-rm7jo,Evm hatawo Modi Yogi Amit Shah hatawo bharat desh bachawo,0,1767484800,False
Hgx5hN0OT4w,मोदी की कुर्सी जाना तय? इस्तीफा देने की तैयारी! 19 को बड़ा बवाल | PM resignation claim | the live tv,Ugw-hWQ2oxH90Ezx06N4AaABAg,@IKBALLASKAR-gg9wn,Nitin gadkari ji perfect for this chair,0,1767484800,False
Hgx5hN0OT4w,मोदी की कुर्सी जाना तय? इस्तीफा देने की तैयारी! 19 को बड़ा बवाल | PM resignation claim | the live tv,UgwwdvXZXnWvR0olhK14AaABAg,@Shahidwarsi-st7zc,Hme muslim hone pe fakr hai Allah hu Akbar,0,1767484800,False
Hgx5hN0OT4w,मोदी की कुर्सी जाना तय? इस्तीफा देने की तैयारी! 19 को बड़ा बवाल | PM resignation claim | the live tv,UgzrcAWJRbGEP0L1LJ54AaABAg,@AbdulKadir-nt4cd,झूठी हेडलाइंस क्यों डालते हो,0,1767484800,False
Hgx5hN0OT4w,मोदी की कुर्सी जाना तय? इस्तीफा देने की तैयारी! 19 को बड़ा बवाल | PM resignation claim | the live tv,UgzMkvStyYALCSGptgl4AaABAg,@mohammadafroj2891,कुछ नहीं होगा 👍,0,1767484800,False
Hgx5hN0OT4w,मोदी की कुर्सी जाना तय? इस्तीफा देने की तैयारी! 19 को बड़ा बवाल | PM resignation claim | the live tv,UgzTjI-c66ChxNKJ_BR4AaABAg,@UsmanAli-s7u7h,फेसले ई बि एम हटाओ बाद में देखो,0,1767484800,False
Hgx5hN0OT4w,मोदी की कुर्सी जाना तय? इस्तीफा देने की तैयारी! 19 को बड़ा बवाल | PM resignation claim | the live tv,UgxgYgj36NgLifjAzDt4AaABAg,@amitjadhav6847,मोदी नहीं जाएगा अंत तक ऐसे ही चलता rahega,0,1767484800,False
Hgx5hN0OT4w,मोदी की कुर्सी जाना तय? इस्तीफा देने की तैयारी! 19 को बड़ा बवाल | PM resignation claim | the live tv,UgwQw8oqa-ypbeefi_J4AaABAg,@afrojaalam8906,EVM hataye,0,1767484800,False
Hgx5hN0OT4w,मोदी की कुर्सी जाना तय? इस्तीफा देने की तैयारी! 19 को बड़ा बवाल | PM resignation claim | the live tv,Ugx5r7v3McWW3xSS-td4AaABAg,@TOON_TARA_KAHANI8851,Aayega to modi hi 😂,0,1767484800,False
Hgx5hN0OT4w,मोदी की कुर्सी जाना तय? इस्तीफा देने की तैयारी! 19 को बड़ा बवाल | PM resignation claim | the live tv,Ugyo-HGTPMM3iX_rl8x4AaABAg,@smarty_itz,Modi istifa do,0,1767484800,False
Hgx5hN0OT4w,मोदी की कुर्सी जाना तय? इस्तीफा देने की तैयारी! 19 को बड़ा बवाल | PM resignation claim | the live tv,Ugy8I86vsyIMbgv_OyB4AaABAg,@RM98765,"EVM PE BAAT KARO, KAISE NIKALA JAA SAKTA HAI? 
BAKI SAAB BAATE TIME KI BARBADI HAI.",0,1767484800,False
Hgx5hN0OT4w,मोदी की कुर्सी जाना तय? इस्तीफा देने की तैयारी! 19 को बड़ा बवाल | PM resignation claim | the live tv,UgxOnCVOTsInz3BRAah4AaABAg,@Kudrati_illaj,Evm के रहते कांग्रेस कभी नहीं जीत सकती,0,1767484800,False
Hgx5hN0OT4w,मोदी की कुर्सी जाना तय? इस्तीफा देने की तैयारी! 19 को बड़ा बवाल | PM resignation claim | the live tv,UgxDZ1Nh-sFGZHryaKF4AaABAg,@baleshwar352,अगर आज चुनाव हो जाये तो क्या होगा? यह तो मोदीजी और शहंशाह शाह साहब के चहेते चुनाव आयोग के मुख्य आयुक्त ज्ञानेश कुमार अच्छी तरह से बतायेंगे। यह भी बताया जाना चाहिए कि चुनाव बैलेट से होगा या ई वी एम से।,0,1767484800,False
Hgx5hN0OT4w,मोदी की कुर्सी जाना तय? इस्तीफा देने की तैयारी! 19 को बड़ा बवाल | PM resignation claim | the live tv,Ugz63-XlKZeX0FFFc3R4AaABAg,@Hasanrazavi102,Modi ji ka Istifa bahut jaroori h desh k liye,0,1767484800,False
Hgx5hN0OT4w,मोदी की कुर्सी जाना तय? इस्तीफा देने की तैयारी! 19 को बड़ा बवाल | PM resignation claim | the live tv,UgwT-BJgtvAKyBSK8Ax4AaABAg,@Raj_poetry1618,Kuch bhi ho Jaye modi istifa kabhi nehi dega.,0,1767484800,False
Hgx5hN0OT4w,मोदी की कुर्सी जाना तय? इस्तीफा देने की तैयारी! 19 को बड़ा बवाल | PM resignation claim | the live tv,UgyYWLTfXyVHaGza7k54AaABAg,@armaanshah2305,Me istifa nhi chahta . Ase to modi ji currupt hoke bhi India ke dusre Gandhi ho jayenge . Modiji jb tk nhi htne chahiye jb tk vo khud istifa na dede,0,1767484800,False
Hgx5hN0OT4w,मोदी की कुर्सी जाना तय? इस्तीफा देने की तैयारी! 19 को बड़ा बवाल | PM resignation claim | the live tv,Ugyjn-eqqslbRKnGygZ4AaABAg,@iqbalahmad3591,Rahul ke sath poora desh..Modi ke sath sirf GYANESH..,0,1767484800,False
Hgx5hN0OT4w,मोदी की कुर्सी जाना तय? इस्तीफा देने की तैयारी! 19 को बड़ा बवाल | PM resignation claim | the live tv,UgxvPAmCFMXmqtO-_Lx4AaABAg,@susantakumarmohanty8441,AGAR ISTIFA NAHI HUA TO TERA KYA HOGA,0,1767484800,False
Hgx5hN0OT4w,मोदी की कुर्सी जाना तय? इस्तीफा देने की तैयारी! 19 को बड़ा बवाल | PM resignation claim | the live tv,UgwaaYy1d0jphXNWujp4AaABAg,@MDmustafaMDmustafa-r8p,Modi ka estafa jaruri hai,0,1767484800,False
Hgx5hN0OT4w,मोदी की कुर्सी जाना तय? इस्तीफा देने की तैयारी! 19 को बड़ा बवाल | PM resignation claim | the live tv,UgyM4TXZG6V04Q_69gZ4AaABAg,@nasibullahkhan9503,Sab jhooti baten hai bhai,0,1767484800,False
Hgx5hN0OT4w,मोदी की कुर्सी जाना तय? इस्तीफा देने की तैयारी! 19 को बड़ा बवाल | PM resignation claim | the live tv,UgwzoYlatv-G8zWj6dF4AaABAg,@sadabansari342,यह आप गलत जानकारी दे रहे हो सबको,0,1767484800,False
Hgx5hN0OT4w,मोदी की कुर्सी जाना तय? इस्तीफा देने की तैयारी! 19 को बड़ा बवाल | PM resignation claim | the live tv,Ugy9r_yYFdWvDu9JBF54AaABAg,@SilverVenom-y4s,Amit sah ko jail me daalo,0,1767484800,False
Hgx5hN0OT4w,मोदी की कुर्सी जाना तय? इस्तीफा देने की तैयारी! 19 को बड़ा बवाल | PM resignation claim | the live tv,UgyHFUpindcfVcEwiHx4AaABAg,@mohd.nasir135,"Koi kurci ka khatra nahi 
Koi istifa nahi de ga 
Jab tak Zen Z in ko nahi khadede ga jab tak nahi bhage ge",0,1767484800,False
Hgx5hN0OT4w,मोदी की कुर्सी जाना तय? इस्तीफा देने की तैयारी! 19 को बड़ा बवाल | PM resignation claim | the live tv,Ugy4D8DK1YcT4Er7f_x4AaABAg,@DwarikaRam-n5e,Bhaiya jaldi se jaldi modiya ko hatao oa des bachao,0,1767484800,False
Hgx5hN0OT4w,मोदी की कुर्सी जाना तय? इस्तीफा देने की तैयारी! 19 को बड़ा बवाल | PM resignation claim | the live tv,UgxDN_uHeIBqcIWKolV4AaABAg,@mohammadsarfarazalam6321,Vote chori kar ke satta me araha hai,0,1767484800,False
Hgx5hN0OT4w,मोदी की कुर्सी जाना तय? इस्तीफा देने की तैयारी! 19 को बड़ा बवाल | PM resignation claim | the live tv,UgyUd7Oq5JxNRDcl9XR4AaABAg,@FarhatSiddique-e4f,❤,0,1767484800,False
Hgx5hN0OT4w,मोदी की कुर्सी जाना तय? इस्तीफा देने की तैयारी! 19 को बड़ा बवाल | PM resignation claim | the live tv,Ugziy3OCHaYIyG6FdfV4AaABAg,@Smartingo-uw4fi,EVM Hatao Hindustan Bachao jai Hind Hindustan jendabad,0,1767484800,False
Hgx5hN0OT4w,मोदी की कुर्सी जाना तय? इस्तीफा देने की तैयारी! 19 को बड़ा बवाल | PM resignation claim | the live tv,Ugx2xxNNSxHXPE0cJPx4AaABAg,@Danish_Medico,"BAKWAS APP HAI 😮
MARKET WOLF",1,1767484800,False
Hgx5hN0OT4w,मोदी की कुर्सी जाना तय? इस्तीफा देने की तैयारी! 19 को बड़ा बवाल | PM resignation claim | the live tv,UgxrFdSI4bv9lPUyJIB4AaABAg,@md.nafisanwar2148,Kuchh nahi hoga.,0,1767484800,False
Hgx5hN0OT4w,मोदी की कुर्सी जाना तय? इस्तीफा देने की तैयारी! 19 को बड़ा बवाल | PM resignation claim | the live tv,UgwXDY_7MLeHO1NYOGx4AaABAg,@BigshowShabar,Kai bhi nahi investment  mat Karo fraud  hay kuch nhi nahi,0,1767484800,False
Hgx5hN0OT4w,मोदी की कुर्सी जाना तय? इस्तीफा देने की तैयारी! 19 को बड़ा बवाल | PM resignation claim | the live tv,UgxKOTByYo4oMkBa2u14AaABAg,@drkpyadav1959,Bina juta khaye nahin jayega,0,1776038400,False
Hgx5hN0OT4w,मोदी की कुर्सी जाना तय? इस्तीफा देने की तैयारी! 19 को बड़ा बवाल | PM resignation claim | the live tv,UgwPBCvQ1jtIsEeGeXx4AaABAg,@sandeepkumarram786,नहीं देगा इस्तीफा लिखकर लेलो.... बहुत धीठ है मोदिया 😄😄😄,0,1767484800,False
Hgx5hN0OT4w,मोदी की कुर्सी जाना तय? इस्तीफा देने की तैयारी! 19 को बड़ा बवाल | PM resignation claim | the live tv,UgxrB4rGvU7QfVDDDFZ4AaABAg,@saudagarsabale2989,"Modi, सहा ko हटाव, फिर EVM भी hategi. देश को बरबाद किया.",0,1767484800,False
Hgx5hN0OT4w,मोदी की कुर्सी जाना तय? इस्तीफा देने की तैयारी! 19 को बड़ा बवाल | PM resignation claim | the live tv,Ugxja8NF2WNyC6hWDAt4AaABAg,@atuldhoble5456,Lag raha BJP valonka paap ka ghada jaldi bharne vala hai 😅😅😅,0,1767484800,False
Hgx5hN0OT4w,मोदी की कुर्सी जाना तय? इस्तीफा देने की तैयारी! 19 को बड़ा बवाल | PM resignation claim | the live tv,UgwHk_muyHogUw--2LR4AaABAg,@GoldenErawithQ,Desh toh abhi puri tarah se barbad nahi hua hai abhi toh kewal uttar pradesh haryana madhya pradesh delhi utrakhand bihar hi hua hai abhi pura desh barbad hona baki hai uske baad bhi modi ji thehrai kar ke p.m. bane rahenge.,0,1767484800,False
Hgx5hN0OT4w,मोदी की कुर्सी जाना तय? इस्तीफा देने की तैयारी! 19 को बड़ा बवाल | PM resignation claim | the live tv,Ugw_Oa_i4AsLLqvrIdN4AaABAg,@mohammadjamilakhter747,Jitna jaldi ho sake tu jaldi se panhauti khatam ho jaye.,0,1767484800,False
Hgx5hN0OT4w,मोदी की कुर्सी जाना तय? इस्तीफा देने की तैयारी! 19 को बड़ा बवाल | PM resignation claim | the live tv,UgwQnYQcX5wHrsL2XDd4AaABAg,@deepakwilliam7091,आज चुनाव हो तो बिहार में RJD जैसा हश्र कांग्रेस का हो जाएगा।क्योंकि भाजपा व ज्ञानेश गठबंधन बड़ा मजबूत है। सुप्रीम कोर्ट की आंखें बंद है।चुनाव आयुक्तों की नियुक्ति व SIR के जरिए बड़ी साज़िश को अंजाम दिया जा चुका है 😮,0,1767484800,False
Hgx5hN0OT4w,मोदी की कुर्सी जाना तय? इस्तीफा देने की तैयारी! 19 को बड़ा बवाल | PM resignation claim | the live tv,UgwTm7Ewu8x96Fq5f0Z4AaABAg,@shailendrasingh-r5b,Bhai tu nila kabutar hai kya,0,1767484800,False
Hgx5hN0OT4w,मोदी की कुर्सी जाना तय? इस्तीफा देने की तैयारी! 19 को बड़ा बवाल | PM resignation claim | the live tv,UgxX3_VtUhYpO60pr654AaABAg,@FirojKhan-bm1qp,Ye frod hai,0,1767484800,False
Hgx5hN0OT4w,मोदी की कुर्सी जाना तय? इस्तीफा देने की तैयारी! 19 को बड़ा बवाल | PM resignation claim | the live tv,UgwH9FG9IERZZOaWYZJ4AaABAg,@mdazmat4367,Bjp main jitne bhi nafrati gunde neta hai sabka istifa Ho,0,1767484800,False
Hgx5hN0OT4w,मोदी की कुर्सी जाना तय? इस्तीफा देने की तैयारी! 19 को बड़ा बवाल | PM resignation claim | the live tv,UgyP9WV69EsFyMc_beZ4AaABAg,@omprakashsagar9228,जो भी मनुवादी या मनुवादी मानसिकता का पीएम बनेगा वो देश को बर्बाद ही करेगा और जनता को और कंगाल बना देगा जिस प्रकार अभी तक जनता को लूटा गया है और उसे कहीं का नहीं छोड़ा है आज लोग घुट घुट कर जीने को मजबूर हैं सब कुछ लूट लिया लुटेरों ने,0,1767484800,False
Hgx5hN0OT4w,मोदी की कुर्सी जाना तय? इस्तीफा देने की तैयारी! 19 को बड़ा बवाल | PM resignation claim | the live tv,Ugy7M93STafjjOQQ0th4AaABAg,@GopalVerma-mz9yj,भाजपा की सरकार ने संविधान को बिल्कुल तात्पर्य रखकर काम किया है और मानववाद को बढ़ाया है मानवादी लोग इस सरकार में खूब उछल कूद कर रहे हैं नंगी तलवार लहराते हैं बंदूक लहराते हैं भले ले रहते हैं उन पर कोई फिर नहीं होती है और कोई गरीब दाल का व्यक्ति अगर कोई ऐसा काम कर दे तो उसे पर तुरंत फिर देशद्रोह का कानून लगाकर जेल भेज देते हैं फिर वह अदालत के चक्कर लगाते रहता है गरीब लोगों के परिवार को सताया जा रहा है प्रधानमंत्री आवास की किस्त 6 महीने में डाल रही है उसमें कैसे गरीब आदमी घर बनाए,0,1767484800,False
Hgx5hN0OT4w,मोदी की कुर्सी जाना तय? इस्तीफा देने की तैयारी! 19 को बड़ा बवाल | PM resignation claim | the live tv,UgzfCKYmiMgnZTLWMm54AaABAg,@ssc-motivate,"Modi Ka Jane Ka Sapna Dekho 
Wo Kabhi nhi jayenge",0,1767484800,False
Hgx5hN0OT4w,मोदी की कुर्सी जाना तय? इस्तीफा देने की तैयारी! 19 को बड़ा बवाल | PM resignation claim | the live tv,UgxeRS4JbsqnidjV7SJ4AaABAg,@BadalRaj-s2m,भाजपा सरकार हटाओ महंगाई खुद हट     जाएगी❤❤❤,0,1767484800,False
Hgx5hN0OT4w,मोदी की कुर्सी जाना तय? इस्तीफा देने की तैयारी! 19 को बड़ा बवाल | PM resignation claim | the live tv,Ugw13hWAYPnHnTieau14AaABAg,@mohammadanees8160,"बीजेपी अवर चुनाव आयोग की सेटिंग से बीजेपी के नेता जीते है जनता ने नहीं जिताया, लुक तंत्र खत्म किया है बीजेपी ने",0,1767484800,False
Hgx5hN0OT4w,मोदी की कुर्सी जाना तय? इस्तीफा देने की तैयारी! 19 को बड़ा बवाल | PM resignation claim | the live tv,UgwgDY6SCQcQdcT0-zV4AaABAg,@GulzarKhan-d3y,Evm Hatega Tabhi Desh Bachega,0,1767484800,False
Hgx5hN0OT4w,मोदी की कुर्सी जाना तय? इस्तीफा देने की तैयारी! 19 को बड़ा बवाल | PM resignation claim | the live tv,UgzWpY3gnGk3YhL4G_N4AaABAg,@Sanjaykumar-hp7tp,Modi hatao Desh bachao Chauthi pass ko Kuchh Samajh Mein Nahin a raha hai khali galat ko galat Karva raha hai,0,1767484800,False
Hgx5hN0OT4w,मोदी की कुर्सी जाना तय? इस्तीफा देने की तैयारी! 19 को बड़ा बवाल | PM resignation claim | the live tv,UgxcIvp9WLxHBCA1XZd4AaABAg,@iqubalmansoor823,"Yaaah sub   SIR karaaanay kaaa hi najitaaa hai. 

Moootiji naaay hudbadahat mai SIR laaaa diya lekin sirf Gujarat mai hi uuunki jooo joooo seat par jeeet hui thi uuuunkaa figure bhuut hi kum hooo raha hai. Joooo vote kaaa margin thaaa wooh sub vote hi nahi nikal paaa rahay hai. 
Tu bhi tooou tin time abhi ruuko dus time sir ki date extend karnaaa padegi. 
Adjustment karnay kaay liyeee. 😂😂😂😂😂😂",0,1767484800,False
Hgx5hN0OT4w,मोदी की कुर्सी जाना तय? इस्तीफा देने की तैयारी! 19 को बड़ा बवाल | PM resignation claim | the live tv,UgywHH_vhIy8E7N8k9B4AaABAg,@HamidRaza-d4o,Epstein me modi ka name bhi hai ek aur b j p ke neta ka name bhi hi,0,1767484800,False
Hgx5hN0OT4w,मोदी की कुर्सी जाना तय? इस्तीफा देने की तैयारी! 19 को बड़ा बवाल | PM resignation claim | the live tv,UgyjzCLukozCAohuJSR4AaABAg,@BigshowShabar,2027 tak modi  he rayga,0,1767484800,False
Hgx5hN0OT4w,मोदी की कुर्सी जाना तय? इस्तीफा देने की तैयारी! 19 को बड़ा बवाल | PM resignation claim | the live tv,UgzwhCVaVC1gSceJ-ZR4AaABAg,@karankumar-gz6eo,"Agar modi estifa nhi dega tab esko bahut ham gali dege aisa news wale ko 
Ham  bahut  es news ke sunte hai",0,1767484800,False
Hgx5hN0OT4w,मोदी की कुर्सी जाना तय? इस्तीफा देने की तैयारी! 19 को बड़ा बवाल | PM resignation claim | the live tv,UgyCR3JotM-is7cEr814AaABAg,@abdulsattarmulla3019,"Modiji is not going anywhere take it for Granted. 
He will rule Bharat for the next 50 years.",0,1767484800,False
Hgx5hN0OT4w,मोदी की कुर्सी जाना तय? इस्तीफा देने की तैयारी! 19 को बड़ा बवाल | PM resignation claim | the live tv,UgwWSBzbd5mj-Q28PMJ4AaABAg,@KalaMirpuria,Desh bach jayega agar modi hat jaye toh,0,1767484800,False
Hgx5hN0OT4w,मोदी की कुर्सी जाना तय? इस्तीफा देने की तैयारी! 19 को बड़ा बवाल | PM resignation claim | the live tv,UgzEjKSyaftyXWAcEs14AaABAg,@Momitavedi1325,Hawa me baate mat karo yeh Ranga.Billa itni aasani se kursi nahi chhodege EkDin janta hi i dono koukhad fekegi,0,1767484800,False
Hgx5hN0OT4w,मोदी की कुर्सी जाना तय? इस्तीफा देने की तैयारी! 19 को बड़ा बवाल | PM resignation claim | the live tv,Ugw8NIqiRbVMhlQZOrp4AaABAg,@sarveshsharma6910,Bharat ko Pakistan bana hai congress ko lakar😂😂😂😂😂,0,1767484800,False
Hgx5hN0OT4w,मोदी की कुर्सी जाना तय? इस्तीफा देने की तैयारी! 19 को बड़ा बवाल | PM resignation claim | the live tv,Ugw-heYcDaDIGSMRhZp4AaABAg,@Devendar1632,Hatao bjp rss ko,0,1767484800,False
Hgx5hN0OT4w,मोदी की कुर्सी जाना तय? इस्तीफा देने की तैयारी! 19 को बड़ा बवाल | PM resignation claim | the live tv,UgzjO-q3-CgoJVtoEXZ4AaABAg,@DurgaDevi-k9m7v,Aaj 19 hai btawo kya huaa 😊tumlog bahut jhut bolte ho tumse achha to modi hai jo kbhi kbhi sach bhi bol lete hai,0,1767484800,False
Hgx5hN0OT4w,मोदी की कुर्सी जाना तय? इस्तीफा देने की तैयारी! 19 को बड़ा बवाल | PM resignation claim | the live tv,UgxVukP32y0lFcGfzcN4AaABAg,@ibadkhan715,Congres sapna dekhti rahe gyanesh kumar chahega vahi hoga,0,1767484800,False
Hgx5hN0OT4w,मोदी की कुर्सी जाना तय? इस्तीफा देने की तैयारी! 19 को बड़ा बवाल | PM resignation claim | the live tv,UgzS9vbpRK647qoeYy94AaABAg,@syedshahnawaz9830,Evm hatao.bjp.rssku bhagao. Jute.parteku bhagao.,0,1767484800,False
Hgx5hN0OT4w,मोदी की कुर्सी जाना तय? इस्तीफा देने की तैयारी! 19 को बड़ा बवाल | PM resignation claim | the live tv,Ugw-sr1LQArEwEx9_Jd4AaABAg,@ashokkoli5471,"Evm hatao desh bacho,or evm hatega to modi apne aap hat jayega",0,1767484800,False
Hgx5hN0OT4w,मोदी की कुर्सी जाना तय? इस्तीफा देने की तैयारी! 19 को बड़ा बवाल | PM resignation claim | the live tv,UgwR-4pffk5q5WQ1lb54AaABAg,@annachandy3508,"This is certainly BJP's and RSS leaders and cadres language..... Not by the Congress. This group should be investigated. On second thoughts ""kaber kodhna"" is an idiom . It doesn't mean wishing PM's funeral. It means the end of Modi's Dictatorship ☝️",0,1767484800,False
Hgx5hN0OT4w,मोदी की कुर्सी जाना तय? इस्तीफा देने की तैयारी! 19 को बड़ा बवाल | PM resignation claim | the live tv,UgysJ8madwtaKEBfDTl4AaABAg,@rajpandey4098,मोदी को इस्तीफा देने के बाद फिर जोगी बन जाएंगे प्रधानमंत्री कुछ चल रहा होगा मामला,0,1767484800,False
Hgx5hN0OT4w,मोदी की कुर्सी जाना तय? इस्तीफा देने की तैयारी! 19 को बड़ा बवाल | PM resignation claim | the live tv,Ugx0DS-tl1cA191Oh994AaABAg,@shivsaini1818,जनता को मूर्ख बना रहा है बनावटी बाते घड़ घड़ के सुना रहा है।,0,1767484800,False
Hgx5hN0OT4w,मोदी की कुर्सी जाना तय? इस्तीफा देने की तैयारी! 19 को बड़ा बवाल | PM resignation claim | the live tv,UgzBah9Zs6FUeqTk0Gt4AaABAg,@gulamnabishethwala8151,Western power right wing thanking dakshin pannthi communist party by Neto 32 country saporter BJP's government,0,1767484800,False
Hgx5hN0OT4w,मोदी की कुर्सी जाना तय? इस्तीफा देने की तैयारी! 19 को बड़ा बवाल | PM resignation claim | the live tv,Ugxj6pUbbxcxFFTSCuV4AaABAg,@GkSingh-bc8xx,False,0,1767484800,False
Hgx5hN0OT4w,मोदी की कुर्सी जाना तय? इस्तीफा देने की तैयारी! 19 को बड़ा बवाल | PM resignation claim | the live tv,Ugxud405kDowLj4LFOV4AaABAg,@imtiyazahammed5374,Ganja mat pio.sir jada,0,1767484800,False
Hgx5hN0OT4w,मोदी की कुर्सी जाना तय? इस्तीफा देने की तैयारी! 19 को बड़ा बवाल | PM resignation claim | the live tv,Ugy82FdqyefaNAuobFZ4AaABAg,@GkSingh-bc8xx,Dream on̈ĺÿ,0,1767484800,False
Hgx5hN0OT4w,मोदी की कुर्सी जाना तय? इस्तीफा देने की तैयारी! 19 को बड़ा बवाल | PM resignation claim | the live tv,UgwophtUf_H3v0pyJ8h4AaABAg,@RajinderSingh-z9l,CONGRESS 230 TO NAHI BUT 130 +5 MUST OBTAIN SURELY,0,1767484800,False
Hgx5hN0OT4w,मोदी की कुर्सी जाना तय? इस्तीफा देने की तैयारी! 19 को बड़ा बवाल | PM resignation claim | the live tv,UgzGEVlAgbiMebZtRGl4AaABAg,@mkhanayan6278,Bharat barbadi..nd dange fasad hone ki kagar pe halaat aap sab ke samne hai,0,1767484800,False
Hgx5hN0OT4w,मोदी की कुर्सी जाना तय? इस्तीफा देने की तैयारी! 19 को बड़ा बवाल | PM resignation claim | the live tv,UgxCsdwgelNEP8wXSBx4AaABAg,@Arpit_MP04,कुछ नहीं गुजरात फाइल खुलने वाली है 2000 से 2025 तक कि इससे फर्क़ सिर्फ पनौती और तड़ीपार को पड़ेगा सीट तो गई इनकी जैल का पता नहीं अमरिका चाइना रूस इनके पास इन दोनों की सारी फाइल है 😂😂😂😂,0,1767484800,False
Hgx5hN0OT4w,मोदी की कुर्सी जाना तय? इस्तीफा देने की तैयारी! 19 को बड़ा बवाल | PM resignation claim | the live tv,UgzxzqYryDYMNCyPDvZ4AaABAg,@NatwarVishnu,"बीजेपी का कोई भी नेता pm के पद पर सत्ता मे नहीं होगा। राहुल जी गाँधी, प्रियांका वाड्रा या तो उद्धव जी ठाकरे होंगे प्रधानमन्त्री।
अन्य कोई हितेषी नहीं है,  काबिल नहीं है",0,1767484800,False
Hgx5hN0OT4w,मोदी की कुर्सी जाना तय? इस्तीफा देने की तैयारी! 19 को बड़ा बवाल | PM resignation claim | the live tv,UgxfIuC9nGXBd2B9fuF4AaABAg,@SrikantSingh-s6g,Ballet papar se election karake dekh lo BJP hi jitegi  fhir kya bahana lagayenge vipakshi party,0,1767484800,False
Hgx5hN0OT4w,मोदी की कुर्सी जाना तय? इस्तीफा देने की तैयारी! 19 को बड़ा बवाल | PM resignation claim | the live tv,UgwlIkO93uVZv4RgFTp4AaABAg,@LukmanShekh-sz7zs,Fake news,0,1767484800,False
Hgx5hN0OT4w,मोदी की कुर्सी जाना तय? इस्तीफा देने की तैयारी! 19 को बड़ा बवाल | PM resignation claim | the live tv,Ugx2L-H39awSiAirLKJ4AaABAg,@MonuYadav-y7h9t,यह वोट डकैती से और अमेरिका वाली सीडी से ध्यान भटकाने के लिए प्रोपेगेंडा किया जा रहा है धीरे धीरे लोकतंत्र की हत्या करके वोट डकैती की सारी पोल पट्टी खुल रही है,0,1767484800,False
Hgx5hN0OT4w,मोदी की कुर्सी जाना तय? इस्तीफा देने की तैयारी! 19 को बड़ा बवाल | PM resignation claim | the live tv,UgyFsS3sJECLyTRmRKd4AaABAg,@AshokSingh-px6ui,Modi  ka  jana  tay  to  nahi  hai  lekin  jhoot  bolne  k liye  tum  logon   ka jail  jana  tay  hi  hai !,0,1767484800,False
Hgx5hN0OT4w,मोदी की कुर्सी जाना तय? इस्तीफा देने की तैयारी! 19 को बड़ा बवाल | PM resignation claim | the live tv,Ugy5K2voG2ITv3WEuBN4AaABAg,@azharqasmiazhar3851,Evm ke rahte bjp hi jeetegi,0,1767484800,False
Hgx5hN0OT4w,मोदी की कुर्सी जाना तय? इस्तीफा देने की तैयारी! 19 को बड़ा बवाल | PM resignation claim | the live tv,UgxltGFXWOskvYr0WKh4AaABAg,@chand20072008,Pm giro pls,0,1767484800,False
Hgx5hN0OT4w,मोदी की कुर्सी जाना तय? इस्तीफा देने की तैयारी! 19 को बड़ा बवाल | PM resignation claim | the live tv,Ugw0bag2ibbMZuiZiRl4AaABAg,@malluck-a,"Modi EK Ghar Nahi Chala Paya, DES kaese chaljaega, Aaj Dunia ka sabse bara bhik manga manadea DES KO, r Pakistan se 3 ghanta ke Jang modi hargaya Trump ka paer pakarlia, godi media Nahi bataya lekin sach yahi hae",0,1767484800,False
Hgx5hN0OT4w,मोदी की कुर्सी जाना तय? इस्तीफा देने की तैयारी! 19 को बड़ा बवाल | PM resignation claim | the live tv,UgzZhYhwdhaIJ9UdRth4AaABAg,@Gokboru._.Gokboru,Nitin gadkari modi 2.0 hoga bacha kucha sab bech dega😂,0,1767484800,False
Hgx5hN0OT4w,मोदी की कुर्सी जाना तय? इस्तीफा देने की तैयारी! 19 को बड़ा बवाल | PM resignation claim | the live tv,UgzZy_YfqQzV6U_qBSl4AaABAg,@SABTECNICAL,देस में कांग्रेस ही जरूरी है नहीं तो देस तबाह हो जाएगा जंगल काट देगा और सब मरेंगे अभी भी सुधर जाओ नहीं तो ये सब गरीब लोग मारे जाएंगे,0,1767484800,False
Hgx5hN0OT4w,मोदी की कुर्सी जाना तय? इस्तीफा देने की तैयारी! 19 को बड़ा बवाल | PM resignation claim | the live tv,UgzaboZborILWZiC_bh4AaABAg,@Moonhugyfyg,Modi hatao desh bachao,0,1767484800,False
Hgx5hN0OT4w,मोदी की कुर्सी जाना तय? इस्तीफा देने की तैयारी! 19 को बड़ा बवाल | PM resignation claim | the live tv,UgzhZKW_GDKq_vBy3554AaABAg,@ashokkoli5471,Modi hatao desh bachao,0,1767484800,False
Hgx5hN0OT4w,मोदी की कुर्सी जाना तय? इस्तीफा देने की तैयारी! 19 को बड़ा बवाल | PM resignation claim | the live tv,UgzejZgBX5ZowvNUOMJ4AaABAg,@najminsulikeri2720,Modi hatao desh bachao,0,1767484800,False
Hgx5hN0OT4w,मोदी की कुर्सी जाना तय? इस्तीफा देने की तैयारी! 19 को बड़ा बवाल | PM resignation claim | the live tv,UgxkPcpLawzZguA5dql4AaABAg,@N-te6nv,BJP ka koi v aayega barbadi hi layega PM toh sirf Rahul Gandhi ko hi banna chahiye,0,1767484800,False
Hgx5hN0OT4w,मोदी की कुर्सी जाना तय? इस्तीफा देने की तैयारी! 19 को बड़ा बवाल | PM resignation claim | the live tv,Ugx5MnXCa2im1UQiFQJ4AaABAg,@AnshulAnshulrao-hh1md,Bjp hatao desh bachao yogi hatao up bachao jago bharat jago jago ekjut ho jao bjp ka takhta palat do 😢😢😢kab tak atyachar sahoge bjp ka,0,1767484800,False
Hgx5hN0OT4w,मोदी की कुर्सी जाना तय? इस्तीफा देने की तैयारी! 19 को बड़ा बवाल | PM resignation claim | the live tv,UgxTPLwtBNZ5s_AxSTx4AaABAg,@eklakhahmed2019,Evm hatao desh bachao,0,1767484800,False
Hgx5hN0OT4w,मोदी की कुर्सी जाना तय? इस्तीफा देने की तैयारी! 19 को बड़ा बवाल | PM resignation claim | the live tv,UgyZ6yCo_lso5lLSgfx4AaABAg,@RajaullhaRajaullha,बकवास है,0,1767484800,False
Hgx5hN0OT4w,मोदी की कुर्सी जाना तय? इस्तीफा देने की तैयारी! 19 को बड़ा बवाल | PM resignation claim | the live tv,Ugx6yK_eyTNkh7AXZH54AaABAg,@nayanbamb4220,BAKWAAS,0,1767484800,False
Hgx5hN0OT4w,मोदी की कुर्सी जाना तय? इस्तीफा देने की तैयारी! 19 को बड़ा बवाल | PM resignation claim | the live tv,UgwT7WjKrcj2dzLUAS54AaABAg,@prashantllb1512,Farzi report hoti hai tumhari sab bihar chunav me bhi tumne bola tha Modi harega 😂😂 pahale research kr lia kro jo dusre ne bola hai woi mat dikha dia kro tum,0,1767484800,False
Hgx5hN0OT4w,मोदी की कुर्सी जाना तय? इस्तीफा देने की तैयारी! 19 को बड़ा बवाल | PM resignation claim | the live tv,Ugw8zs3xA37XwsiFght4AaABAg,@paneliyasanjay7979,Yogi  pm,0,1767484800,False
Hgx5hN0OT4w,मोदी की कुर्सी जाना तय? इस्तीफा देने की तैयारी! 19 को बड़ा बवाल | PM resignation claim | the live tv,UgwyMboh76hLorHuY6N4AaABAg,@cgptlfa,"झूठी खबर है, मोदी जी महामानव हैं।",0,1767484800,False
Hgx5hN0OT4w,मोदी की कुर्सी जाना तय? इस्तीफा देने की तैयारी! 19 को बड़ा बवाल | PM resignation claim | the live tv,Ugz62IiSS5n5u4qsP-V4AaABAg,@Devendar1632,"Bjp murda baad
In bjp walo ki bhook kabhi nahi mitegi.
Garibi nahi garib ko mitao",0,1767484800,False
Hgx5hN0OT4w,मोदी की कुर्सी जाना तय? इस्तीफा देने की तैयारी! 19 को बड़ा बवाल | PM resignation claim | the live tv,Ugxk4tNoON72qOWrO4J4AaABAg,@beaulatheophilas8309,"Modi ji has done an irreversible damage to the country , which will take decades to construct the country .... Please NDA bhagao desh bachao",0,1767484800,False
Hgx5hN0OT4w,मोदी की कुर्सी जाना तय? इस्तीफा देने की तैयारी! 19 को बड़ा बवाल | PM resignation claim | the live tv,Ugw_ZlZ1bfqhKImi7ZB4AaABAg,@munendrasingh438,झूठा,0,1767484800,False
Hgx5hN0OT4w,मोदी की कुर्सी जाना तय? इस्तीफा देने की तैयारी! 19 को बड़ा बवाल | PM resignation claim | the live tv,Ugwv_mUy2c8r-QTKu_14AaABAg,@raziuddin5751,Sub ek khab hai congres ka,0,1767484800,False
Hgx5hN0OT4w,मोदी की कुर्सी जाना तय? इस्तीफा देने की तैयारी! 19 को बड़ा बवाल | PM resignation claim | the live tv,Ugwh_PrqEq5AAncwbNR4AaABAg,@shailendrasingh-r5b,Or agar pappu PM bna do to do din me america se aage le jayega,0,1767484800,False
Hgx5hN0OT4w,मोदी की कुर्सी जाना तय? इस्तीफा देने की तैयारी! 19 को बड़ा बवाल | PM resignation claim | the live tv,Ugyem8GAhK52-Zi3rR54AaABAg,@ansarullahkhan-5586,"This is true Rahul Gandhiji  is very popular among Indian people , Congress is still facing RSS sleeper cell inside the party like Shashi Tharoor.",0,1767484800,False
Hgx5hN0OT4w,मोदी की कुर्सी जाना तय? इस्तीफा देने की तैयारी! 19 को बड़ा बवाल | PM resignation claim | the live tv,UgyqhYALS-BWz5emRDJ4AaABAg,@savitasonwane7361,"Not only modii but whole rss bjp tesm who stolen constitutional posts power and destroying states and country. 
Modi shah fadtus gadakari including corrupt all team must be banned from politics",0,1767484800,False
Hgx5hN0OT4w,मोदी की कुर्सी जाना तय? इस्तीफा देने की तैयारी! 19 को बड़ा बवाल | PM resignation claim | the live tv,UgylNnyK-AXKQPZVLzR4AaABAg,@GulzarKhan-d3y,Yogi Bhi Lafanga Hain Aur Modi Bhi Kuch Kam Nahi,0,1767484800,False
Hgx5hN0OT4w,मोदी की कुर्सी जाना तय? इस्तीफा देने की तैयारी! 19 को बड़ा बवाल | PM resignation claim | the live tv,UgySPwxLTsMjsFtEzKJ4AaABAg,@mohammedmuslim950,Why you are telling lie no one can do anything Modi because andhbhakt Long Live ،one village of bihar voters total quantity is 11000 and BJP get 18000vote only ۔what a fine joke is here,0,1767484800,False
Hgx5hN0OT4w,मोदी की कुर्सी जाना तय? इस्तीफा देने की तैयारी! 19 को बड़ा बवाल | PM resignation claim | the live tv,Ugw46ofnUFU5hFsMLjB4AaABAg,@mh.afzalqureshi7742,Piche saal bhi badal rahe the,8,1767484800,False
Hgx5hN0OT4w,मोदी की कुर्सी जाना तय? इस्तीफा देने की तैयारी! 19 को बड़ा बवाल | PM resignation claim | the live tv,UgwYL2Wxvx2NOn9Bgrd4AaABAg,@pansan1557,Your promotional content has forced me to block your channel.,0,1767484800,False
Hgx5hN0OT4w,मोदी की कुर्सी जाना तय? इस्तीफा देने की तैयारी! 19 को बड़ा बवाल | PM resignation claim | the live tv,Ugzfcwc_GN0exIGaoQx4AaABAg,@HELPLINE207,चल भाग,0,1767484800,False
Hgx5hN0OT4w,मोदी की कुर्सी जाना तय? इस्तीफा देने की तैयारी! 19 को बड़ा बवाल | PM resignation claim | the live tv,Ugz5i6Z8yeT6XZqI--d4AaABAg,@BigshowShabar,Sub ka baap bjp hay,0,1767484800,False
Hgx5hN0OT4w,मोदी की कुर्सी जाना तय? इस्तीफा देने की तैयारी! 19 को बड़ा बवाल | PM resignation claim | the live tv,UgxycbVMHSE06Fdn0u94AaABAg,@kkantgupta5758,Fake news bolte hue Sharm nahi aati ya tumhaara dhandha hai.?,0,1767484800,False
Hgx5hN0OT4w,मोदी की कुर्सी जाना तय? इस्तीफा देने की तैयारी! 19 को बड़ा बवाल | PM resignation claim | the live tv,UgwMSvneoq2k9hQRBqd4AaABAg,@ijrao8093,Time pass channel,0,1767484800,False
Hgx5hN0OT4w,मोदी की कुर्सी जाना तय? इस्तीफा देने की तैयारी! 19 को बड़ा बवाल | PM resignation claim | the live tv,UgzJRVBRAQwwVh31Vrx4AaABAg,@अशोककुमारझा,राहुल गांधी जिन्दाबाद,7,1767484800,False
Hgx5hN0OT4w,मोदी की कुर्सी जाना तय? इस्तीफा देने की तैयारी! 19 को बड़ा बवाल | PM resignation claim | the live tv,UgxwLjLu2sr7J63dGkh4AaABAg,@SabnamSb,200से ज्यादा सीट जीतेगा कांग्रेस 👌👌👌,5,1767484800,False
Hgx5hN0OT4w,मोदी की कुर्सी जाना तय? इस्तीफा देने की तैयारी! 19 को बड़ा बवाल | PM resignation claim | the live tv,UgxrlAkn37AjftapDVN4AaABAg,@afsarazam2126,सभी भाजपा शासित राज्यों में यानी जिन-जिन राज्यों में भाजपा शासन कर रही है उन राज्यों में स्थित भाजपा प्रशासन के सभी आला अधिकारियों के साथ-साथ सभी पुलिसकर्मी पर जो की बेटियों के सम्मान में घटिया सोच वाले जितने भी IAS IPS के खिलाफ पूरे देश भर में धरना प्रदर्शन होना ही चाहिए😡😡🙏🙏,5,1767484800,False
Hgx5hN0OT4w,मोदी की कुर्सी जाना तय? इस्तीफा देने की तैयारी! 19 को बड़ा बवाल | PM resignation claim | the live tv,Ugy-BSCpeUBfbqLwVTt4AaABAg,@RashidShaikh-j5g,"पी,एम, ग्रह मंत्री,दोनो हटाव देश बचाओ",4,1767484800,False
Hgx5hN0OT4w,मोदी की कुर्सी जाना तय? इस्तीफा देने की तैयारी! 19 को बड़ा बवाल | PM resignation claim | the live tv,UgzLjKGoZuoJETOKVJF4AaABAg,@nareshmehta2800,Kash yeh baat sach ho jaaye,3,1767484800,False
Hgx5hN0OT4w,मोदी की कुर्सी जाना तय? इस्तीफा देने की तैयारी! 19 को बड़ा बवाल | PM resignation claim | the live tv,UgyUu669xuWZ_O03IeZ4AaABAg,@AbutorabIslamic143,योगी जितना जल्दी पद से हटेगा उतनी ही जल्दी यूपी मे साम्प्रदायिकता कम होगी,4,1767484800,False
Hgx5hN0OT4w,मोदी की कुर्सी जाना तय? इस्तीफा देने की तैयारी! 19 को बड़ा बवाल | PM resignation claim | the live tv,UgyxksAsrINxUpRZyhh4AaABAg,@MohdAnas-00,Kuch bhi thumbnail lga dia??  Ye chor mar jyga pr kursi ni chhodega,0,1767484800,False
Hgx5hN0OT4w,मोदी की कुर्सी जाना तय? इस्तीफा देने की तैयारी! 19 को बड़ा बवाल | PM resignation claim | the live tv,Ugz0ZgOJQ6udVBw8uFR4AaABAg,@kapilkaushal1245,fake news padder,0,1767484800,False
Hgx5hN0OT4w,मोदी की कुर्सी जाना तय? इस्तीफा देने की तैयारी! 19 को बड़ा बवाल | PM resignation claim | the live tv,UgxQXCrU4Do8nTOP56t4AaABAg,@babupinjari5698,"मोदी ,और इस्तीफा,ये तो नामुमकिन बात है।",0,1767484800,False
Hgx5hN0OT4w,मोदी की कुर्सी जाना तय? इस्तीफा देने की तैयारी! 19 को बड़ा बवाल | PM resignation claim | the live tv,UgyEGom4OeNaEiUojVF4AaABAg,@rambogamezonebhilai,अगर अभी भी चुनाव होगा तो भारतीय जनता पार्टी पहले से ज्यादा मतों बहुमत में💯 आयेगी 🪔🪔🪔🪔🪔🪔🪔⚔️🚩🚩🚩🚩🚩🚩,1,1767484800,False
Hgx5hN0OT4w,मोदी की कुर्सी जाना तय? इस्तीफा देने की तैयारी! 19 को बड़ा बवाल | PM resignation claim | the live tv,UgxrbxZnawwEw11cHUh4AaABAg,@brijkishorsaini5532,जब तक मोदी के अंध भक्त हैं तब तक मोदी को मरते दम तक कोई हटाने वाला नहीं है,2,1767484800,False
Hgx5hN0OT4w,मोदी की कुर्सी जाना तय? इस्तीफा देने की तैयारी! 19 को बड़ा बवाल | PM resignation claim | the live tv,UgwS7viiyGEpfKaDDRR4AaABAg,@AjitSingh-p2k3n,मोदी जी इस्तीफा कभी नहीं देंगे,1,1767484800,False
Hgx5hN0OT4w,मोदी की कुर्सी जाना तय? इस्तीफा देने की तैयारी! 19 को बड़ा बवाल | PM resignation claim | the live tv,UgyLeiIuBGP09vGoJ7R4AaABAg,@raziuddin5751,Modi will never resigned,0,1767484800,False
Hgx5hN0OT4w,मोदी की कुर्सी जाना तय? इस्तीफा देने की तैयारी! 19 को बड़ा बवाल | PM resignation claim | the live tv,UgyfSUvK9aG1yHSljm94AaABAg,@knowledgeforsure6160,"Have the Lok Sabha elections again by dissolving the House as soon as he resigns through Ballot paper,Changing the present EC and then see the fun.BJP will never cross the two digit figure,mark my word.",0,1767484800,False
p1MK6_eyevY,’19 Dec को प्रधानमंत्री का इस्तीफा’...‘महाराष्ट्र से होगा नया PM’.पृथ्वी राज चव्हाण का सनसनीखेज दावा,UgwEOzg39yEkmUD97vx4AaABAg,@BhavanitailorClgarg,मोदी जी इस्तीफा दे दें तो मैं हनुमान जी को प्रसाद चढ़ाऊंगा,50,1767484800,False
p1MK6_eyevY,’19 Dec को प्रधानमंत्री का इस्तीफा’...‘महाराष्ट्र से होगा नया PM’.पृथ्वी राज चव्हाण का सनसनीखेज दावा,UgzoOBHEv6uP0fMxm4J4AaABAg,@rupendrakumar81,MODI------ FRAUD------- HATAO---------- DESH-------- BACHAO,77,1767484800,False
p1MK6_eyevY,’19 Dec को प्रधानमंत्री का इस्तीफा’...‘महाराष्ट्र से होगा नया PM’.पृथ्वी राज चव्हाण का सनसनीखेज दावा,UgzoOBHEv6uP0fMxm4J4AaABAg.AQkrcOmArlgAQl9-caH6qR,@DineshPandya-em6mz,भाई   लोक  सभा   पहेले  का  ये  ख़बर   आ रहा है । कुछ  होने वाला नही है भाई।,0,1767484800,True
p1MK6_eyevY,’19 Dec को प्रधानमंत्री का इस्तीफा’...‘महाराष्ट्र से होगा नया PM’.पृथ्वी राज चव्हाण का सनसनीखेज दावा,UgzoOBHEv6uP0fMxm4J4AaABAg.AQkrcOmArlgAQlI1iAWPDz,@SaifSiddique-r2v,"​ @DineshPandya-em6mz ri8 kursi satta power paisa sab hai 
Ab der ho gaya kuch na hone wala",0,1767484800,True
p1MK6_eyevY,’19 Dec को प्रधानमंत्री का इस्तीफा’...‘महाराष्ट्र से होगा नया PM’.पृथ्वी राज चव्हाण का सनसनीखेज दावा,UgyEdjTIYvTOfEdRAxt4AaABAg,@gulamsarwar-zp3bs,नितिन गडकरी जी।वाह मज़ा आ जाएगा।बीजेपी का ये कदम सराहनीय होगा।,22,1767484800,False
p1MK6_eyevY,’19 Dec को प्रधानमंत्री का इस्तीफा’...‘महाराष्ट्र से होगा नया PM’.पृथ्वी राज चव्हाण का सनसनीखेज दावा,UgxGCSHv9XYfeqPICbh4AaABAg,@PritamKumar-q5u,नितिन गडकरी को प्रधान मंत्री बनाया जाए,11,1767484800,False
p1MK6_eyevY,’19 Dec को प्रधानमंत्री का इस्तीफा’...‘महाराष्ट्र से होगा नया PM’.पृथ्वी राज चव्हाण का सनसनीखेज दावा,UgyWcysXeRR7jc_YZUJ4AaABAg,@PAPPUKUMAR-tr7yy,"Kuchh nhi hoga, Modi, Amit sah jab tak mrenge nhi tab tak kursi nhi chhodega",69,1767484800,False
p1MK6_eyevY,’19 Dec को प्रधानमंत्री का इस्तीफा’...‘महाराष्ट्र से होगा नया PM’.पृथ्वी राज चव्हाण का सनसनीखेज दावा,UgyWcysXeRR7jc_YZUJ4AaABAg.AQkohnzk-WiAQkztWHlRoW,@rajeshbag4453,Bilkul sehi baat aisiraniti abtak huaa naahi,2,1767484800,True
p1MK6_eyevY,’19 Dec को प्रधानमंत्री का इस्तीफा’...‘महाराष्ट्र से होगा नया PM’.पृथ्वी राज चव्हाण का सनसनीखेज दावा,UgyWcysXeRR7jc_YZUJ4AaABAg.AQkohnzk-WiAQl-RAPQylW,@ahedcomputers5662,Rite 👍,1,1767484800,True
p1MK6_eyevY,’19 Dec को प्रधानमंत्री का इस्तीफा’...‘महाराष्ट्र से होगा नया PM’.पृथ्वी राज चव्हाण का सनसनीखेज दावा,UgyWcysXeRR7jc_YZUJ4AaABAg.AQkohnzk-WiAQlC32sJf6p,@santoshsuna1983,💯💯💯💯💯💯💯💯,1,1767484800,True
p1MK6_eyevY,’19 Dec को प्रधानमंत्री का इस्तीफा’...‘महाराष्ट्र से होगा नया PM’.पृथ्वी राज चव्हाण का सनसनीखेज दावा,UgyWcysXeRR7jc_YZUJ4AaABAg.AQkohnzk-WiAQmFB9dOqZe,@anilkullu1124,Ek no,1,1767484800,True
p1MK6_eyevY,’19 Dec को प्रधानमंत्री का इस्तीफा’...‘महाराष्ट्र से होगा नया PM’.पृथ्वी राज चव्हाण का सनसनीखेज दावा,UgyWcysXeRR7jc_YZUJ4AaABAg.AQkohnzk-WiAQmiSePBJZT,@NeerajKumarYadav-h1z,Right 💯,0,1767484800,True
p1MK6_eyevY,’19 Dec को प्रधानमंत्री का इस्तीफा’...‘महाराष्ट्र से होगा नया PM’.पृथ्वी राज चव्हाण का सनसनीखेज दावा,UgwQui5oWbk6TD05R9F4AaABAg,@sadabmohd1290,India public chain ki saas legi,40,1767484800,False
p1MK6_eyevY,’19 Dec को प्रधानमंत्री का इस्तीफा’...‘महाराष्ट्र से होगा नया PM’.पृथ्वी राज चव्हाण का सनसनीखेज दावा,UgwQui5oWbk6TD05R9F4AaABAg.AQkrus04sm3AQlOj25Qbv2,@mythist14275,ये पागल बनते है और तुम बन जाते हो 😂,0,1767484800,True
p1MK6_eyevY,’19 Dec को प्रधानमंत्री का इस्तीफा’...‘महाराष्ट्र से होगा नया PM’.पृथ्वी राज चव्हाण का सनसनीखेज दावा,UgzsBYeDZRZOHlIMCZ94AaABAg,@AnishAnsari-q4f,"Very good job Sir ❤
Very good news ❤",14,1767484800,False
p1MK6_eyevY,’19 Dec को प्रधानमंत्री का इस्तीफा’...‘महाराष्ट्र से होगा नया PM’.पृथ्वी राज चव्हाण का सनसनीखेज दावा,Ugz3mTLVr-W3OGu6MRx4AaABAg,@mojeeramiyc6544,मोदी की ट्रम्प के पास कोई कमजोरी जरूर है l नहीं तो ट्रम्प 60 बार ये नहीं कहता कि सीजफायर मैंने करवाया l भारतीयों के हाथ में हथकड़ी पहनाकर नहीं भेजता l चव्हाण सही कह रहे है l,7,1767484800,False
p1MK6_eyevY,’19 Dec को प्रधानमंत्री का इस्तीफा’...‘महाराष्ट्र से होगा नया PM’.पृथ्वी राज चव्हाण का सनसनीखेज दावा,Ugx9Teh4UvRfw2jQAo14AaABAg,@bodhisatvvinod4550,"मोदी को इस्तीफा देना चाहिए, उनकी
उम्र को ध्यान में रखते हुए ।",6,1767484800,False
p1MK6_eyevY,’19 Dec को प्रधानमंत्री का इस्तीफा’...‘महाराष्ट्र से होगा नया PM’.पृथ्वी राज चव्हाण का सनसनीखेज दावा,UgxRZP4WFbIzB3ggw814AaABAg,@mirzabaig6279,Very good,9,1767484800,False
p1MK6_eyevY,’19 Dec को प्रधानमंत्री का इस्तीफा’...‘महाराष्ट्र से होगा नया PM’.पृथ्वी राज चव्हाण का सनसनीखेज दावा,Ugz6UpX9d6XVpTcJ5oB4AaABAg,@rahul_idrisi,"नितिन गडकरी होंगे, अगर ऐसा हुआ तो 👍",2,1767484800,False
p1MK6_eyevY,’19 Dec को प्रधानमंत्री का इस्तीफा’...‘महाराष्ट्र से होगा नया PM’.पृथ्वी राज चव्हाण का सनसनीखेज दावा,UgyOzOx1IEFwir6OfIZ4AaABAg,@SanjayJadhao-o7k,ऐ खबर खुशहाली लायेगी 👌🙏,2,1767484800,False
p1MK6_eyevY,’19 Dec को प्रधानमंत्री का इस्तीफा’...‘महाराष्ट्र से होगा नया PM’.पृथ्वी राज चव्हाण का सनसनीखेज दावा,UgyZhaKR_txqM73kdrZ4AaABAg,@GuruDrone_2,Mujhe lagta hai ye log sahi me ulta chasma lgate hain😂😂😂😂,0,1767484800,False
p1MK6_eyevY,’19 Dec को प्रधानमंत्री का इस्तीफा’...‘महाराष्ट्र से होगा नया PM’.पृथ्वी राज चव्हाण का सनसनीखेज दावा,UgziWHJNmAZn1iYTtj14AaABAg,@jagannathyeole8059,"Ashok chavan nahi sir, prithiraj chavan correct karo",6,1767484800,False
p1MK6_eyevY,’19 Dec को प्रधानमंत्री का इस्तीफा’...‘महाराष्ट्र से होगा नया PM’.पृथ्वी राज चव्हाण का सनसनीखेज दावा,UgwwbidMcav11etIzbx4AaABAg,@Rajapaswan-h2d,Nice video sir ji❤❤❤,6,1767484800,False
p1MK6_eyevY,’19 Dec को प्रधानमंत्री का इस्तीफा’...‘महाराष्ट्र से होगा नया PM’.पृथ्वी राज चव्हाण का सनसनीखेज दावा,UgyVnEkEZDWNRcBLIJl4AaABAg,@sudhakarmore9272,"ईव्हीएम फ्राॅड.वोट चोरी. ईडी.सीबीआय. इन्कम टॅक्स. विरोधीपक्षो कि तोड मोड. विरोधीपक्ष के मंत्री
का घोडे बाजार. गोदी मिडीया.सुप्रीम कोर्ट ईन सब का ईस्तेमाल. करके अगर कोई  लोकप्रिय नेता बन जाये .या विश्वगुरू बन  जाये. छी थू लानत है",6,1767484800,False
p1MK6_eyevY,’19 Dec को प्रधानमंत्री का इस्तीफा’...‘महाराष्ट्र से होगा नया PM’.पृथ्वी राज चव्हाण का सनसनीखेज दावा,UgxoM3WNdKmjzaf2F2J4AaABAg,@nagendratiwari2970,Yes modi ka name hai,5,1767484800,False
p1MK6_eyevY,’19 Dec को प्रधानमंत्री का इस्तीफा’...‘महाराष्ट्र से होगा नया PM’.पृथ्वी राज चव्हाण का सनसनीखेज दावा,Ugwo9hcF6hsquQZxD114AaABAg,@sohanbhai9526,Nitin gadkari बनेगा,8,1767484800,False
p1MK6_eyevY,’19 Dec को प्रधानमंत्री का इस्तीफा’...‘महाराष्ट्र से होगा नया PM’.पृथ्वी राज चव्हाण का सनसनीखेज दावा,UgxKhhErdVYzoRHYK1V4AaABAg,@khansameena3347,Great 👍🏻 ABSOLUTELY CORRECT 💯 PERCENT,2,1767484800,False
p1MK6_eyevY,’19 Dec को प्रधानमंत्री का इस्तीफा’...‘महाराष्ट्र से होगा नया PM’.पृथ्वी राज चव्हाण का सनसनीखेज दावा,Ugxnl1sLCIRcOD_WlpV4AaABAg,@subashsharma3876,"जितने भी क़ानून बनालो,, मोदी सब कानूनों से ऊपर है,",1,1767484800,False
p1MK6_eyevY,’19 Dec को प्रधानमंत्री का इस्तीफा’...‘महाराष्ट्र से होगा नया PM’.पृथ्वी राज चव्हाण का सनसनीखेज दावा,UgwXbxs_NVIQ493G2qp4AaABAg,@DheerajKumarkiduniya,Nice,5,1767484800,False
p1MK6_eyevY,’19 Dec को प्रधानमंत्री का इस्तीफा’...‘महाराष्ट्र से होगा नया PM’.पृथ्वी राज चव्हाण का सनसनीखेज दावा,Ugz0GlYG67bv7p69aS14AaABAg,@bjpppeee4718,He says ho sakta hai 😂😂mind ut,1,1767484800,False
p1MK6_eyevY,’19 Dec को प्रधानमंत्री का इस्तीफा’...‘महाराष्ट्र से होगा नया PM’.पृथ्वी राज चव्हाण का सनसनीखेज दावा,UgzyV1lR7QJ6B-iO2gp4AaABAg,@SulemanMaster-u1o5c,"Avisvass parastaw aana hai pm chanj hoga ,,",5,1767484800,False
p1MK6_eyevY,’19 Dec को प्रधानमंत्री का इस्तीफा’...‘महाराष्ट्र से होगा नया PM’.पृथ्वी राज चव्हाण का सनसनीखेज दावा,UgzDLB5C-UWPosW9EH94AaABAg,@smrutimayeemishra3795,Kash sach ho jaye 😂😂😂,1,1767484800,False
p1MK6_eyevY,’19 Dec को प्रधानमंत्री का इस्तीफा’...‘महाराष्ट्र से होगा नया PM’.पृथ्वी राज चव्हाण का सनसनीखेज दावा,Ugw6lLjtiZuHvt3tywZ4AaABAg,@AdnanKhan-sj2wp,Yeah Kuch zada hogaye fake news hain,7,1767484800,False
p1MK6_eyevY,’19 Dec को प्रधानमंत्री का इस्तीफा’...‘महाराष्ट्र से होगा नया PM’.पृथ्वी राज चव्हाण का सनसनीखेज दावा,UgycIQ2bYixns2kI3X54AaABAg,@virendrayadav3713,Chandrakant Jee & Bharat Jee viral video is the main debackle in the politics,0,1767484800,False
p1MK6_eyevY,’19 Dec को प्रधानमंत्री का इस्तीफा’...‘महाराष्ट्र से होगा नया PM’.पृथ्वी राज चव्हाण का सनसनीखेज दावा,UgwqxRmRWb_mFpnH7RV4AaABAg,@shreddedface6039,Very good news.👍🏿,1,1767484800,False
p1MK6_eyevY,’19 Dec को प्रधानमंत्री का इस्तीफा’...‘महाराष्ट्र से होगा नया PM’.पृथ्वी राज चव्हाण का सनसनीखेज दावा,UgyXUOX1HcOaz_cO_nV4AaABAg,@haidarbhi253,Good news ❤❤❤❤❤,0,1767484800,False
p1MK6_eyevY,’19 Dec को प्रधानमंत्री का इस्तीफा’...‘महाराष्ट्र से होगा नया PM’.पृथ्वी राज चव्हाण का सनसनीखेज दावा,UgwwQNbmnIYYKTGMZTB4AaABAg,@shaguftakhan1784,Upar wala kre ye sach hojaye...,0,1767484800,False
p1MK6_eyevY,’19 Dec को प्रधानमंत्री का इस्तीफा’...‘महाराष्ट्र से होगा नया PM’.पृथ्वी राज चव्हाण का सनसनीखेज दावा,UgzjmF7fV8Br64q1qoN4AaABAg,@DeepaRautela-ks7ls,Good,0,1767484800,False
p1MK6_eyevY,’19 Dec को प्रधानमंत्री का इस्तीफा’...‘महाराष्ट्र से होगा नया PM’.पृथ्वी राज चव्हाण का सनसनीखेज दावा,Ugy4yBY0xM49YaN4SGN4AaABAg,@mohammedmajid2438,Ham to fakir Aadmi Hai jhola uthakar chal rahe dain gaye,1,1767484800,False
p1MK6_eyevY,’19 Dec को प्रधानमंत्री का इस्तीफा’...‘महाराष्ट्र से होगा नया PM’.पृथ्वी राज चव्हाण का सनसनीखेज दावा,UgyEGvbPOUAULVhW09t4AaABAg,@narayankamat4665,THIS LEADER IS WITHOUT ANY BRAIN...LET HIM COME AFTER TWO MONTHS AND CONFIRM ..HIS STATEMENT. OKAY,1,1767484800,False
p1MK6_eyevY,’19 Dec को प्रधानमंत्री का इस्तीफा’...‘महाराष्ट्र से होगा नया PM’.पृथ्वी राज चव्हाण का सनसनीखेज दावा,Ugy7E4bRBPSOz4QH73B4AaABAg,@PritamKumar-q5u,News to acha mila है,0,1767484800,False
p1MK6_eyevY,’19 Dec को प्रधानमंत्री का इस्तीफा’...‘महाराष्ट्र से होगा नया PM’.पृथ्वी राज चव्हाण का सनसनीखेज दावा,UgwPBoAUHBUUKldx36Z4AaABAg,@KAILASHCHANDRABALIARSING-jm3sf,If it will true it will be good for nation,0,1767484800,False
p1MK6_eyevY,’19 Dec को प्रधानमंत्री का इस्तीफा’...‘महाराष्ट्र से होगा नया PM’.पृथ्वी राज चव्हाण का सनसनीखेज दावा,Ugx9FA4n-K77FQrHi6h4AaABAg,@googleuser7932,२०१४ से कया हो रहा है?😮,1,1767484800,False
p1MK6_eyevY,’19 Dec को प्रधानमंत्री का इस्तीफा’...‘महाराष्ट्र से होगा नया PM’.पृथ्वी राज चव्हाण का सनसनीखेज दावा,UgwJKRnJqizqvHARJ3d4AaABAg,@SeetharamanjaneyuluKota,"If there is an element of truth, why did Modi ji went to visit 3 countries today for 3 days??",0,1767484800,False
p1MK6_eyevY,’19 Dec को प्रधानमंत्री का इस्तीफा’...‘महाराष्ट्र से होगा नया PM’.पृथ्वी राज चव्हाण का सनसनीखेज दावा,Ugys0rytJr6_RmD3wg94AaABAg,@Merajuddinsiddiki,Bhart sir ham tu pimpari chichwad se app ku sun rhe hai. Pune,0,1767484800,False
p1MK6_eyevY,’19 Dec को प्रधानमंत्री का इस्तीफा’...‘महाराष्ट्र से होगा नया PM’.पृथ्वी राज चव्हाण का सनसनीखेज दावा,UgyZWaa3B9s5hrT4Jpp4AaABAg,@VinodVSoni,❤❤❤❤❤❤❤❤❤❤❤❤❤❤❤❤❤❤❤,0,1767484800,False
p1MK6_eyevY,’19 Dec को प्रधानमंत्री का इस्तीफा’...‘महाराष्ट्र से होगा नया PM’.पृथ्वी राज चव्हाण का सनसनीखेज दावा,UgxRFMwP3KfbTZrt6k54AaABAg,@leocan9591,what if nothing happens?,0,1767484800,False
p1MK6_eyevY,’19 Dec को प्रधानमंत्री का इस्तीफा’...‘महाराष्ट्र से होगा नया PM’.पृथ्वी राज चव्हाण का सनसनीखेज दावा,UgzmI-XWX8c9mYqEJ3R4AaABAg,@veeruthapa9386,यदि ऐसा हुआ तो झूठे वादे से निजात मिलेगी 😂😂,1,1767484800,False
p1MK6_eyevY,’19 Dec को प्रधानमंत्री का इस्तीफा’...‘महाराष्ट्र से होगा नया PM’.पृथ्वी राज चव्हाण का सनसनीखेज दावा,Ugx84RF04StWWU5PHx94AaABAg,@Anjalisingh078,Yogi Adityanath baba ji ko pm hona chahiye 😊,1,1767484800,False
p1MK6_eyevY,’19 Dec को प्रधानमंत्री का इस्तीफा’...‘महाराष्ट्र से होगा नया PM’.पृथ्वी राज चव्हाण का सनसनीखेज दावा,Ugx4uDeoWrX9-GOyHoR4AaABAg,@saranshil1371,Bharat ji kuch v bolte hain😂😂🎉,0,1767484800,False
p1MK6_eyevY,’19 Dec को प्रधानमंत्री का इस्तीफा’...‘महाराष्ट्र से होगा नया PM’.पृथ्वी राज चव्हाण का सनसनीखेज दावा,Ugw2dD8lDEsZfj4JdAp4AaABAg,@AryanRaj-d7g,Kas ye khabr such ho jai,0,1767484800,False
p1MK6_eyevY,’19 Dec को प्रधानमंत्री का इस्तीफा’...‘महाराष्ट्र से होगा नया PM’.पृथ्वी राज चव्हाण का सनसनीखेज दावा,Ugzca83BX4j68Mw8DVB4AaABAg,@AshKazi,Ulta chasma ki ab tak ek bhi news  sahi nahi huwi hai. Baate banane me ek number hai. Sirf ek headline ko lekar baat karte hai. Sab me bari baat hai inki unhone ye bola is ka kay matlab ye famous hai.,2,1767484800,False
p1MK6_eyevY,’19 Dec को प्रधानमंत्री का इस्तीफा’...‘महाराष्ट्र से होगा नया PM’.पृथ्वी राज चव्हाण का सनसनीखेज दावा,Ugy_BOh-gWph8QzxqZ54AaABAg,@Gary8279,kya ye possible hai????,0,1767484800,False
p1MK6_eyevY,’19 Dec को प्रधानमंत्री का इस्तीफा’...‘महाराष्ट्र से होगा नया PM’.पृथ्वी राज चव्हाण का सनसनीखेज दावा,Ugys2uKCXYj-xCv0ofx4AaABAg,@jpyadav4379,जेपी क्रांति ऑफिसियल यूट्यूब चैनल,0,1767484800,False
p1MK6_eyevY,’19 Dec को प्रधानमंत्री का इस्तीफा’...‘महाराष्ट्र से होगा नया PM’.पृथ्वी राज चव्हाण का सनसनीखेज दावा,UgwFabu6a_8xh6EV9Rd4AaABAg,@AfrozBegum-eq5pe,💯ye sach bolrha.Credit PRC ko jata hai.RSS bhi bola hai PM bdlega.Bsakhi bhi htadega,0,1767484800,False
p1MK6_eyevY,’19 Dec को प्रधानमंत्री का इस्तीफा’...‘महाराष्ट्र से होगा नया PM’.पृथ्वी राज चव्हाण का सनसनीखेज दावा,UgwGezaE4ws-LcyFHWJ4AaABAg,@shashijoshi4733,"He is Prithviraj Chauhan, former Chief Minister of Maharashtra.",0,1767484800,False
p1MK6_eyevY,’19 Dec को प्रधानमंत्री का इस्तीफा’...‘महाराष्ट्र से होगा नया PM’.पृथ्वी राज चव्हाण का सनसनीखेज दावा,Ugz2DZ5XvxE7qoAgRdh4AaABAg,@MohdGaffar-h8s,Aur aap log kahate to bahut kuchh aur hota to nahin Hai Aisa Kya dikkat Hai,2,1767484800,False
p1MK6_eyevY,’19 Dec को प्रधानमंत्री का इस्तीफा’...‘महाराष्ट्र से होगा नया PM’.पृथ्वी राज चव्हाण का सनसनीखेज दावा,UgyxJau3Ci-uTlvaZxJ4AaABAg,@AmardasManikpuri-d8p,Achcha shamachar,0,1767484800,False
p1MK6_eyevY,’19 Dec को प्रधानमंत्री का इस्तीफा’...‘महाराष्ट्र से होगा नया PM’.पृथ्वी राज चव्हाण का सनसनीखेज दावा,UgwtfSiOrXSCcip4vdt4AaABAg,@sameershaikh-s4j,Age is 75 retirement kanoon ke hisab se,0,1767484800,False
p1MK6_eyevY,’19 Dec को प्रधानमंत्री का इस्तीफा’...‘महाराष्ट्र से होगा नया PM’.पृथ्वी राज चव्हाण का सनसनीखेज दावा,UgzCF-MP32tBHJ1v9p94AaABAg,@sanjaysharma1749,India chain ku saas lagi india ranga birla sa dash Azad ho jayga,1,1767484800,False
p1MK6_eyevY,’19 Dec को प्रधानमंत्री का इस्तीफा’...‘महाराष्ट्र से होगा नया PM’.पृथ्वी राज चव्हाण का सनसनीखेज दावा,UgzGn5hJRZVxU6emSfB4AaABAg,@InfalKhan-rf2ns,Bhai yh veaws ke liye news hi,0,1767484800,False
p1MK6_eyevY,’19 Dec को प्रधानमंत्री का इस्तीफा’...‘महाराष्ट्र से होगा नया PM’.पृथ्वी राज चव्हाण का सनसनीखेज दावा,UgzddN7uhP9Xv6ZrZaZ4AaABAg,@AdityaSingh-uf4do,Abhi to aap keshav maurya ji ko cm bna diya tha up k,0,1767484800,False
p1MK6_eyevY,’19 Dec को प्रधानमंत्री का इस्तीफा’...‘महाराष्ट्र से होगा नया PM’.पृथ्वी राज चव्हाण का सनसनीखेज दावा,UgzLc4oEub5xc7SQKxp4AaABAg,@subashsharma3876,"मोदी कभी इस्तीफा नहीं देगा, चाहे जो भी कहो या जो भी कर लो, कुर्सी जाते ही मोदी बेहोश हो जाएगा",1,1767484800,False
p1MK6_eyevY,’19 Dec को प्रधानमंत्री का इस्तीफा’...‘महाराष्ट्र से होगा नया PM’.पृथ्वी राज चव्हाण का सनसनीखेज दावा,UgyglJkw1z9NH0cqL6N4AaABAg,@JoyesNath-j5m,Kabhinahi hospital 😅,0,1767484800,False
p1MK6_eyevY,’19 Dec को प्रधानमंत्री का इस्तीफा’...‘महाराष्ट्र से होगा नया PM’.पृथ्वी राज चव्हाण का सनसनीखेज दावा,Ugx0WPh3a4qqRrBrhoZ4AaABAg,@MohdIrfan-ob3jl,بہت دنوں سے دیش واشیوں کو اس دن کا شدت سے انتظار ہے,0,1767484800,False
p1MK6_eyevY,’19 Dec को प्रधानमंत्री का इस्तीफा’...‘महाराष्ट्र से होगा नया PM’.पृथ्वी राज चव्हाण का सनसनीखेज दावा,UgxFp-1eioQiY44sSl14AaABAg,@vishalgupta-vu5zh,Sir 19bdec 2049,0,1767484800,False
p1MK6_eyevY,’19 Dec को प्रधानमंत्री का इस्तीफा’...‘महाराष्ट्र से होगा नया PM’.पृथ्वी राज चव्हाण का सनसनीखेज दावा,UgwGS820wHOKN0GmkQ54AaABAg,@AshrafAli-u8w,😂😂😂jhut bole kvva kate😂😂😂,0,1767484800,False
p1MK6_eyevY,’19 Dec को प्रधानमंत्री का इस्तीफा’...‘महाराष्ट्र से होगा नया PM’.पृथ्वी राज चव्हाण का सनसनीखेज दावा,UgzojQinALjlS_oA5qJ4AaABAg,@AfrozBegum-eq5pe,Sab khoosh hai Bhart bdlega.Takla bhi UP sai horha.sachi khb hai.,0,1767484800,False
p1MK6_eyevY,’19 Dec को प्रधानमंत्री का इस्तीफा’...‘महाराष्ट्र से होगा नया PM’.पृथ्वी राज चव्हाण का सनसनीखेज दावा,UgyFwOIpErpFof8ljTF4AaABAg,@md.ataurrahman7437,MODI JI KI ISTOFA HONE SE DESH KA BHALA HOGA !,1,1767484800,False
p1MK6_eyevY,’19 Dec को प्रधानमंत्री का इस्तीफा’...‘महाराष्ट्र से होगा नया PM’.पृथ्वी राज चव्हाण का सनसनीखेज दावा,UgwhUhAhTKTalCRCKlx4AaABAg,@SeetharamanjaneyuluKota,"If there is any change, Nitin Gakari will have chances since he is acceptable to all political parties OR Fadnavis, relatively younger person",0,1767484800,False
p1MK6_eyevY,’19 Dec को प्रधानमंत्री का इस्तीफा’...‘महाराष्ट्र से होगा नया PM’.पृथ्वी राज चव्हाण का सनसनीखेज दावा,UgykkFzF34IhX1D2M_x4AaABAg,@sheonarayanrajak6778,The great Rahul jee❤,0,1767484800,False
p1MK6_eyevY,’19 Dec को प्रधानमंत्री का इस्तीफा’...‘महाराष्ट्र से होगा नया PM’.पृथ्वी राज चव्हाण का सनसनीखेज दावा,UgxQ5ynYJ18M19Jk6TN4AaABAg,@sanjaysharma1749,Pm badal jayga modi foranma rah aga,1,1767484800,False
p1MK6_eyevY,’19 Dec को प्रधानमंत्री का इस्तीफा’...‘महाराष्ट्र से होगा नया PM’.पृथ्वी राज चव्हाण का सनसनीखेज दावा,UgyBFG8LP15lsQs9QMF4AaABAg,@mahakalbhakt-cr1tf,😂😂😂😂,0,1767484800,False
p1MK6_eyevY,’19 Dec को प्रधानमंत्री का इस्तीफा’...‘महाराष्ट्र से होगा नया PM’.पृथ्वी राज चव्हाण का सनसनीखेज दावा,UgzDtW_lwBokOQ4DT6x4AaABAg,@mdmushtaque3178,Modi ji ki kursi jana tay h khaila hobe modi ji to gayo,0,1767484800,False
p1MK6_eyevY,’19 Dec को प्रधानमंत्री का इस्तीफा’...‘महाराष्ट्र से होगा नया PM’.पृथ्वी राज चव्हाण का सनसनीखेज दावा,UgwKnk1t-ZhofHr-u254AaABAg,@vinaykamal9049,Prithvi Raj Chauhan,0,1767484800,False
p1MK6_eyevY,’19 Dec को प्रधानमंत्री का इस्तीफा’...‘महाराष्ट्र से होगा नया PM’.पृथ्वी राज चव्हाण का सनसनीखेज दावा,UgxXmG8RGD8V68vgJ8x4AaABAg,@mohdyounis6851,786 ba like maine kya,0,1767484800,False
p1MK6_eyevY,’19 Dec को प्रधानमंत्री का इस्तीफा’...‘महाराष्ट्र से होगा नया PM’.पृथ्वी राज चव्हाण का सनसनीखेज दावा,UgzHqaLsAe2nNQtERgN4AaABAg,@pawankb3107,That will be a good day for India. Let’s celebrate. Thank God save India. Not only Modi BJP should go out of power.,0,1767484800,False
p1MK6_eyevY,’19 Dec को प्रधानमंत्री का इस्तीफा’...‘महाराष्ट्र से होगा नया PM’.पृथ्वी राज चव्हाण का सनसनीखेज दावा,Ugxpgd1sf4VmS7hvO_F4AaABAg,@AfrozBegum-eq5pe,Aaj nahe tokl Takhta plt jarur hoga.Desh mai Neta irPM orAdani sab BDesh bhagega.,0,1767484800,False
p1MK6_eyevY,’19 Dec को प्रधानमंत्री का इस्तीफा’...‘महाराष्ट्र से होगा नया PM’.पृथ्वी राज चव्हाण का सनसनीखेज दावा,UgwvfT6Mn4u41a34j8t4AaABAg,@abdulquddus8965,"Baba laptop band karke bat karo,,,, bhi",0,1767484800,False
p1MK6_eyevY,’19 Dec को प्रधानमंत्री का इस्तीफा’...‘महाराष्ट्र से होगा नया PM’.पृथ्वी राज चव्हाण का सनसनीखेज दावा,UgwwUHjZ7pvKMyBjXuJ4AaABAg,@karpurshrikant,Kya hua???,0,1767484800,False
p1MK6_eyevY,’19 Dec को प्रधानमंत्री का इस्तीफा’...‘महाराष्ट्र से होगा नया PM’.पृथ्वी राज चव्हाण का सनसनीखेज दावा,UgzrvgNxntBa4HFtyj14AaABAg,@JAK_5078,Epstein file ka naam kyun nhi le pa rhe ho tum,1,1767484800,False
p1MK6_eyevY,’19 Dec को प्रधानमंत्री का इस्तीफा’...‘महाराष्ट्र से होगा नया PM’.पृथ्वी राज चव्हाण का सनसनीखेज दावा,UgzFi41BkmXypeIE9mB4AaABAg,@babankumaryadav1579,Suraj purab ke bajay paschhim me ug sakata hai Magar ye mahasa kursi nahi tyag sakta hai,0,1767484800,False
p1MK6_eyevY,’19 Dec को प्रधानमंत्री का इस्तीफा’...‘महाराष्ट्र से होगा नया PM’.पृथ्वी राज चव्हाण का सनसनीखेज दावा,UgyKf8gf-zi37d3bGZV4AaABAg,@AfrozBegum-eq5pe,PM jitna Saal rha uska List hath mai dena Chaye.Nag pur sai tay hogaya.,0,1767484800,False
p1MK6_eyevY,’19 Dec को प्रधानमंत्री का इस्तीफा’...‘महाराष्ट्र से होगा नया PM’.पृथ्वी राज चव्हाण का सनसनीखेज दावा,UgzNuYf1je2pxKq4YsV4AaABAg,@AfrozBegum-eq5pe,2026  Lgta Achedun Aane wale hai.asa hoga to .Happy New year .Next PM NK.RG.NG.SP.MK. lgta Desh Mai Zalza ya Tofan.Pr hoga jarur.,0,1767484800,False
p1MK6_eyevY,’19 Dec को प्रधानमंत्री का इस्तीफा’...‘महाराष्ट्र से होगा नया PM’.पृथ्वी राज चव्हाण का सनसनीखेज दावा,UgyJDtCEvy0VLp__ULp4AaABAg,@satya-nr3sm,Bhai yeah log bhagna ki tahyari ma hai,0,1767484800,False
p1MK6_eyevY,’19 Dec को प्रधानमंत्री का इस्तीफा’...‘महाराष्ट्र से होगा नया PM’.पृथ्वी राज चव्हाण का सनसनीखेज दावा,UgxpXnbuDgtr-l4unMx4AaABAg,@rockdsouza5812,SHARAD CHANDRA PAWAR...NXT PM,1,1767484800,False
p1MK6_eyevY,’19 Dec को प्रधानमंत्री का इस्तीफा’...‘महाराष्ट्र से होगा नया PM’.पृथ्वी राज चव्हाण का सनसनीखेज दावा,UgxsV7jLPvFdcltEclh4AaABAg,@didarsingh6310,Ho nahi skta ... Modi will not resign 😂,0,1767484800,False
p1MK6_eyevY,’19 Dec को प्रधानमंत्री का इस्तीफा’...‘महाराष्ट्र से होगा नया PM’.पृथ्वी राज चव्हाण का सनसनीखेज दावा,Ugy8THtG4F2zdFexcpV4AaABAg,@kuromi_xxyiie,Narendra  despiting parliament season hd left for foreign tour. What it by means? Which is more important?. Ye hai bjp ke kam.,0,1767484800,False
p1MK6_eyevY,’19 Dec को प्रधानमंत्री का इस्तीफा’...‘महाराष्ट्र से होगा नया PM’.पृथ्वी राज चव्हाण का सनसनीखेज दावा,UgzCIUIaIveFJMZui1x4AaABAg,@AnkitYadav-f9w6i,Pure Bihar chunav me TRP k chakkar me sab galat dikhye ab fir vahi kam suru kar diya. Thoda ground pe kam karo ji.,0,1767484800,False
p1MK6_eyevY,’19 Dec को प्रधानमंत्री का इस्तीफा’...‘महाराष्ट्र से होगा नया PM’.पृथ्वी राज चव्हाण का सनसनीखेज दावा,UgxEE6kUOe1A7xrsgbN4AaABAg,@bhoodattsinghazad7237,"भारत बोलो,सँविधान में भी भारत थेट इंडिया और इंडिया दैट भारत ही लिखा है तो आप भी न्यूज चैनलों पर भारत ही बोले!!:-बी एस आजाद दिल्ली",0,1767484800,False
p1MK6_eyevY,’19 Dec को प्रधानमंत्री का इस्तीफा’...‘महाराष्ट्र से होगा नया PM’.पृथ्वी राज चव्हाण का सनसनीखेज दावा,UgynhIlwJFKOckZ-Jit4AaABAg,@NasirSiddiqui-pl1cx,अगर ऐसा होता है तो देश और जनता संविधान के पक्ष में mazbut कदम है,0,1767484800,False
p1MK6_eyevY,’19 Dec को प्रधानमंत्री का इस्तीफा’...‘महाराष्ट्र से होगा नया PM’.पृथ्वी राज चव्हाण का सनसनीखेज दावा,UgyW2442D_3wYAqUNeV4AaABAg,@Murarikumars-n1q,Bihar wala sirf 5 kg rashan chahiye 😂😂,0,1767484800,False
p1MK6_eyevY,’19 Dec को प्रधानमंत्री का इस्तीफा’...‘महाराष्ट्र से होगा नया PM’.पृथ्वी राज चव्हाण का सनसनीखेज दावा,Ugx-f57qsjkfk2Exh9h4AaABAg,@RamBali-f7d,"मेरे हिसाब से नितिन गडकरी जी होंगे पीएम,",0,1767484800,False
p1MK6_eyevY,’19 Dec को प्रधानमंत्री का इस्तीफा’...‘महाराष्ट्र से होगा नया PM’.पृथ्वी राज चव्हाण का सनसनीखेज दावा,Ugy2lI-KVgEJqiPXQg94AaABAg,@Alliswell_675.,"Jannayak, educated and visionary leader Rahul Gandhi ji should be PM soon ❤❤❤pura desh unke sath hai ❤❤❤ india alliance 243+ seats hai, naidu ji india alliance ke sath aaye aur india alliance ki govt banao",1,1767484800,False
p1MK6_eyevY,’19 Dec को प्रधानमंत्री का इस्तीफा’...‘महाराष्ट्र से होगा नया PM’.पृथ्वी राज चव्हाण का सनसनीखेज दावा,UgyYbJ3R1DT0MulRI4R4AaABAg,@jeevanparnassian3285,Yar tumhari sari news fake Hoti h yar ... Tumne to Bihar chunav result k Baad bhi tejasvi Ko cm bna diya tha,1,1767484800,False
p1MK6_eyevY,’19 Dec को प्रधानमंत्री का इस्तीफा’...‘महाराष्ट्र से होगा नया PM’.पृथ्वी राज चव्हाण का सनसनीखेज दावा,UgxzUkUs7nsEk8zXUSB4AaABAg,@jashnevergreen_official,Or 19 tarik ko koi update nhi aygi or sb bhul jayge ye drama h or kch nhi,0,1767484800,False
p1MK6_eyevY,’19 Dec को प्रधानमंत्री का इस्तीफा’...‘महाराष्ट्र से होगा नया PM’.पृथ्वी राज चव्हाण का सनसनीखेज दावा,UgyLg_OjPHiShKGsAS54AaABAg,@ShahnawazAhmed-w3l,Khuda kare modi pm badal jaye  lekin aisa ho ga nahi   modi pm desh ko jab tak aadani ambani ke hawale na ho jaye,1,1767484800,False
p1MK6_eyevY,’19 Dec को प्रधानमंत्री का इस्तीफा’...‘महाराष्ट्र से होगा नया PM’.पृथ्वी राज चव्हाण का सनसनीखेज दावा,UgyQIllX2U0lHUvajJ94AaABAg,@CAS12187,No one can touch Moti 😅,0,1767484800,False
p1MK6_eyevY,’19 Dec को प्रधानमंत्री का इस्तीफा’...‘महाराष्ट्र से होगा नया PM’.पृथ्वी राज चव्हाण का सनसनीखेज दावा,UgwhDXofyjVQgADOnPZ4AaABAg,@KsbBohara,Bhai yah Priya Mishra ho rahi hai kya bolate Hain Bharat Yadav Khali jhuthi jhuthi baat bolata hai jo bhi bolata hai iska ek Vishwas nahin hota Hai kabhi,0,1767484800,False
p1MK6_eyevY,’19 Dec को प्रधानमंत्री का इस्तीफा’...‘महाराष्ट्र से होगा नया PM’.पृथ्वी राज चव्हाण का सनसनीखेज दावा,Ugx7snb2OtbpRozz9eF4AaABAg,@Hiren_9891,Amit Shah ko ye baat  pata bhi he?????😂,3,1767484800,False
p1MK6_eyevY,’19 Dec को प्रधानमंत्री का इस्तीफा’...‘महाराष्ट्र से होगा नया PM’.पृथ्वी राज चव्हाण का सनसनीखेज दावा,Ugzk9ylVNn5XGDcwj3B4AaABAg,@MollahMollah-xj2fg,Faltu news time kharab,1,1767484800,False
p1MK6_eyevY,’19 Dec को प्रधानमंत्री का इस्तीफा’...‘महाराष्ट्र से होगा नया PM’.पृथ्वी राज चव्हाण का सनसनीखेज दावा,UgwPbBFFf8zt6immqbN4AaABAg,@Chotubahi960,Aapki news fake lagti hain ab wajah aap bihar rujhan sab news say pichay chala rahay thay isleay,1,1767484800,False
p1MK6_eyevY,’19 Dec को प्रधानमंत्री का इस्तीफा’...‘महाराष्ट्र से होगा नया PM’.पृथ्वी राज चव्हाण का सनसनीखेज दावा,Ugxv3QSbtO35C_po9FZ4AaABAg,@sagerkumar,ये तारीख को लिखकर रख लो और झूठ जब होगा तो इसकी 😅😅😅जरूर करना चाहिए तुमलोग झूठ बोलकर पब्लिक को व्यू के लिए क्या क्या करोगे ये मीडिया मे हाय लाइट मे आने के लिए बोल रहे हैं,0,1767484800,False
p1MK6_eyevY,’19 Dec को प्रधानमंत्री का इस्तीफा’...‘महाराष्ट्र से होगा नया PM’.पृथ्वी राज चव्हाण का सनसनीखेज दावा,UgxCaMIoFe89MF96Qat4AaABAg,@sachin2355,Kaha se bakwas news le aate ho,1,1767484800,False
p1MK6_eyevY,’19 Dec को प्रधानमंत्री का इस्तीफा’...‘महाराष्ट्र से होगा नया PM’.पृथ्वी राज चव्हाण का सनसनीखेज दावा,Ugwk7dtDDPh4ozx5WhJ4AaABAg,@sathyarajula2693,"Kai bhi chapein , wartha tho karn priya hai. Kano mei misri gholi hai. 11 sal se dhesh ko jakad dhimak ka keeda panouthi se dhesh ko milthi. Aisi khudh khabri pl hoole nahi samaraha hai. 19 tharkh Diwali . Welcome Gadkari ji!",0,1767484800,False
p1MK6_eyevY,’19 Dec को प्रधानमंत्री का इस्तीफा’...‘महाराष्ट्र से होगा नया PM’.पृथ्वी राज चव्हाण का सनसनीखेज दावा,UgwocKGhYjn_0AwtVPd4AaABAg,@ekramkhan3290,Kuch bhi,0,1767484800,False
p1MK6_eyevY,’19 Dec को प्रधानमंत्री का इस्तीफा’...‘महाराष्ट्र से होगा नया PM’.पृथ्वी राज चव्हाण का सनसनीखेज दावा,UgwebHOfOpyyz1tT46t4AaABAg,@mayaramdhyani3553,बीजेपी को हटाओ देश बचाओ,0,1767484800,False
p1MK6_eyevY,’19 Dec को प्रधानमंत्री का इस्तीफा’...‘महाराष्ट्र से होगा नया PM’.पृथ्वी राज चव्हाण का सनसनीखेज दावा,UgzAKYz_MMiAhDISEqB4AaABAg,@parasrathod1970,is liye pm videsh chale Jane vale hey kyu ??,0,1767484800,False
p1MK6_eyevY,’19 Dec को प्रधानमंत्री का इस्तीफा’...‘महाराष्ट्र से होगा नया PM’.पृथ्वी राज चव्हाण का सनसनीखेज दावा,UgyBnhCcLjyk6wx_wQB4AaABAg,@srilakshmiperepa3448,Sharad pawar ya Sanjay Raut hoga kya?,1,1767484800,False
p1MK6_eyevY,’19 Dec को प्रधानमंत्री का इस्तीफा’...‘महाराष्ट्र से होगा नया PM’.पृथ्वी राज चव्हाण का सनसनीखेज दावा,UgyBnhCcLjyk6wx_wQB4AaABAg.AQktqPX_6rRAQkwk07WGEH,@gufranulhaq4592,Nahi. Gadkari possible,0,1767484800,True
p1MK6_eyevY,’19 Dec को प्रधानमंत्री का इस्तीफा’...‘महाराष्ट्र से होगा नया PM’.पृथ्वी राज चव्हाण का सनसनीखेज दावा,Ugy_en765eNbXmnWlpR4AaABAg,@manojKumar-nn2oc,रहने दो 😆😆😆😆,0,1767484800,False
p1MK6_eyevY,’19 Dec को प्रधानमंत्री का इस्तीफा’...‘महाराष्ट्र से होगा नया PM’.पृथ्वी राज चव्हाण का सनसनीखेज दावा,UgzvmQQzBzbXy6BrmV14AaABAg,@ArshanAnsari-n9m,Kahi wo weqti gadkari g to nhi.,0,1767484800,False
p1MK6_eyevY,’19 Dec को प्रधानमंत्री का इस्तीफा’...‘महाराष्ट्र से होगा नया PM’.पृथ्वी राज चव्हाण का सनसनीखेज दावा,UgygIBInVASEUiZgX_B4AaABAg,@tarandeepsingh7133,"Ghanta
Yar kuch nahi hoo ga",0,1767484800,False
p1MK6_eyevY,’19 Dec को प्रधानमंत्री का इस्तीफा’...‘महाराष्ट्र से होगा नया PM’.पृथ्वी राज चव्हाण का सनसनीखेज दावा,UgzpsYkmgQ_2k_6L2g94AaABAg,@khalid_Iqbal.Shamsi-,it is intentionally propoganda,0,1767484800,False
p1MK6_eyevY,’19 Dec को प्रधानमंत्री का इस्तीफा’...‘महाराष्ट्र से होगा नया PM’.पृथ्वी राज चव्हाण का सनसनीखेज दावा,UgxiccVuLybNpfheZ6d4AaABAg,@ajaykumar-ge4qz,Aur pm Nitin gadgari banenge brahmand ka decision hai,0,1767484800,False
p1MK6_eyevY,’19 Dec को प्रधानमंत्री का इस्तीफा’...‘महाराष्ट्र से होगा नया PM’.पृथ्वी राज चव्हाण का सनसनीखेज दावा,Ugy6F58SOxYNkBOEsY14AaABAg,@RChaudhari-d1c,Sab bekar bat hei.congres ka Pm jindagi me  nahi ban sakata.,1,1767484800,False
p1MK6_eyevY,’19 Dec को प्रधानमंत्री का इस्तीफा’...‘महाराष्ट्र से होगा नया PM’.पृथ्वी राज चव्हाण का सनसनीखेज दावा,UgyLjIjdkoASLAvXCuJ4AaABAg,@raginiyadav9004,Jaldi BJP k sbhi neta mar jaye hey bholenath pure desh ko khtm kr diya paani air forest desh maoney sbhi kuch khtm kr diya inhone,0,1767484800,False
p1MK6_eyevY,’19 Dec को प्रधानमंत्री का इस्तीफा’...‘महाराष्ट्र से होगा नया PM’.पृथ्वी राज चव्हाण का सनसनीखेज दावा,UgzfLSK-HZSOYGHvDhp4AaABAg,@tanajisalunkhe2421,Epstein files khul jayegi.,0,1767484800,False
p1MK6_eyevY,’19 Dec को प्रधानमंत्री का इस्तीफा’...‘महाराष्ट्र से होगा नया PM’.पृथ्वी राज चव्हाण का सनसनीखेज दावा,UgxNvYsLDNmO8AWGeVl4AaABAg,@MukeshSingh-g4e7i,"Are pandu log kuch aur kaam karo,Faltu ka news dikhte ho",1,1767484800,False
p1MK6_eyevY,’19 Dec को प्रधानमंत्री का इस्तीफा’...‘महाराष्ट्र से होगा नया PM’.पृथ्वी राज चव्हाण का सनसनीखेज दावा,UgxqspzRIQug4C4svF14AaABAg,@Mlmgrow,Kuchh nhi hoga ulta ye mlm ki bik jayega,0,1767484800,False
p1MK6_eyevY,’19 Dec को प्रधानमंत्री का इस्तीफा’...‘महाराष्ट्र से होगा नया PM’.पृथ्वी राज चव्हाण का सनसनीखेज दावा,UgzaHGNVq_8mh2CAYEl4AaABAg,@gbiju13,What fools are we.....he will never leave his chair......which is very important to him....he did all this for the chair....in the current BJP government no responsibility no resignation....only righteous person will resign. ..😊,0,1767484800,False
p1MK6_eyevY,’19 Dec को प्रधानमंत्री का इस्तीफा’...‘महाराष्ट्र से होगा नया PM’.पृथ्वी राज चव्हाण का सनसनीखेज दावा,UgypoBiBjn1Xpbrc08l4AaABAg,@Tribhuwan-z2c,Kot.force.midiya.bjp.ka.hai.istifa.kaise.dega.ghutha.news.mt.dekhawo,0,1767484800,False
p1MK6_eyevY,’19 Dec को प्रधानमंत्री का इस्तीफा’...‘महाराष्ट्र से होगा नया PM’.पृथ्वी राज चव्हाण का सनसनीखेज दावा,Ugxe9n4kjdn8OMKcE-x4AaABAg,@vijaymalkar9886,Ho gaye sahab nitin gadkari plantpradhan are kuch sach batao feke news hai,0,1767484800,False
p1MK6_eyevY,’19 Dec को प्रधानमंत्री का इस्तीफा’...‘महाराष्ट्र से होगा नया PM’.पृथ्वी राज चव्हाण का सनसनीखेज दावा,UgwFvyy7rlb4ATpyCm94AaABAg,@mdmushtaque3178,Nitin gadakri is new PM of india,0,1767484800,False
p1MK6_eyevY,’19 Dec को प्रधानमंत्री का इस्तीफा’...‘महाराष्ट्र से होगा नया PM’.पृथ्वी राज चव्हाण का सनसनीखेज दावा,UgzRkZCeaUMUArSSw4h4AaABAg,@AfrozBegum-eq5pe,Modi ze EVM lete jayega vrna baad mai jailno bail,0,1767484800,False
p1MK6_eyevY,’19 Dec को प्रधानमंत्री का इस्तीफा’...‘महाराष्ट्र से होगा नया PM’.पृथ्वी राज चव्हाण का सनसनीखेज दावा,UgzwP3iNau2BivGf45R4AaABAg,@AfrozBegum-eq5pe,Modi ze Ganesh Kumar kitna Bizzati krwakr bhar nikalega.Tadipar ka kiya hoga.,0,1767484800,False
p1MK6_eyevY,’19 Dec को प्रधानमंत्री का इस्तीफा’...‘महाराष्ट्र से होगा नया PM’.पृथ्वी राज चव्हाण का सनसनीखेज दावा,UgwYRzWg1kfvu-0BEaR4AaABAg,@ajaykumar-ge4qz,2029 me yogi,0,1767484800,False
p1MK6_eyevY,’19 Dec को प्रधानमंत्री का इस्तीफा’...‘महाराष्ट्र से होगा नया PM’.पृथ्वी राज चव्हाण का सनसनीखेज दावा,UgwqtEd4PZme9QXt2c94AaABAg,@jayvadaliya2396,Jab Tak Feku Baba ke pass sarkar banane ke Liye sabse badi Takat Paisa Paisa EVM ED CBI or chunav Aayog ka Pawar he kuchh nahi hone vala kyoki Harne ka koi Daar hi nahi he chahe kitna bhi Virodh karle Janta or Vipax,0,1767484800,False
p1MK6_eyevY,’19 Dec को प्रधानमंत्री का इस्तीफा’...‘महाराष्ट्र से होगा नया PM’.पृथ्वी राज चव्हाण का सनसनीखेज दावा,Ugyp80TOTtLaT1KxLRx4AaABAg,@durgasonkar6009,😅😅😅😅 सब फेक है,0,1767484800,False
p1MK6_eyevY,’19 Dec को प्रधानमंत्री का इस्तीफा’...‘महाराष्ट्र से होगा नया PM’.पृथ्वी राज चव्हाण का सनसनीखेज दावा,Ugws0jFHX2CDKAkJ_dV4AaABAg,@RimaGhosh-b2d,"Desh mein jitne vote chori huye hai ye to anti national act hai aur Rahul Gandhi ji ke pass sabut hai, sangsad ke time hi PM Modi ji kyu bidesh chale jate hai?",0,1767484800,False
p1MK6_eyevY,’19 Dec को प्रधानमंत्री का इस्तीफा’...‘महाराष्ट्र से होगा नया PM’.पृथ्वी राज चव्हाण का सनसनीखेज दावा,UgwdVVY68Aw6jIaCugx4AaABAg,@santoshsuna1983,Aurangajeb ka cover kab khodai hoga????????????????Batao jara,0,1767484800,False
p1MK6_eyevY,’19 Dec को प्रधानमंत्री का इस्तीफा’...‘महाराष्ट्र से होगा नया PM’.पृथ्वी राज चव्हाण का सनसनीखेज दावा,UgwKDzaQaYZN293hhAF4AaABAg,@hidden_bug,साथ हि मुरमु जी भी इसतेफा देंगी और मोदि जी राष्ट्रपति बनेंगे।,0,1767484800,False
p1MK6_eyevY,’19 Dec को प्रधानमंत्री का इस्तीफा’...‘महाराष्ट्र से होगा नया PM’.पृथ्वी राज चव्हाण का सनसनीखेज दावा,Ugzc3885_VqvAJL6e0Z4AaABAg,@afzalansari784,Kuch ni hoga news channel apni trp k liye news today marodkar pesh karte hai,0,1767484800,False
p1MK6_eyevY,’19 Dec को प्रधानमंत्री का इस्तीफा’...‘महाराष्ट्र से होगा नया PM’.पृथ्वी राज चव्हाण का सनसनीखेज दावा,UgxffwhiTKs88DeRU6J4AaABAg,@NEET_ASPIRANT834,FALSE NEWS HAI 😂😂😂😂,0,1767484800,False
p1MK6_eyevY,’19 Dec को प्रधानमंत्री का इस्तीफा’...‘महाराष्ट्र से होगा नया PM’.पृथ्वी राज चव्हाण का सनसनीखेज दावा,UgxuELAh5ftg9IfFTxx4AaABAg,@Sk-ti9lv,Bakwas,0,1767484800,False
p1MK6_eyevY,’19 Dec को प्रधानमंत्री का इस्तीफा’...‘महाराष्ट्र से होगा नया PM’.पृथ्वी राज चव्हाण का सनसनीखेज दावा,Ugy_bNFYYQxDEj5ppB54AaABAg,@mukeshyaduvanshi4135,Kyu fake news failate ho,0,1767484800,False
p1MK6_eyevY,’19 Dec को प्रधानमंत्री का इस्तीफा’...‘महाराष्ट्र से होगा नया PM’.पृथ्वी राज चव्हाण का सनसनीखेज दावा,Ugwmo1o1il1On6EHr3N4AaABAg,@navninderpal5003,Bakwas hah only modi😮,0,1767484800,False
p1MK6_eyevY,’19 Dec को प्रधानमंत्री का इस्तीफा’...‘महाराष्ट्र से होगा नया PM’.पृथ्वी राज चव्हाण का सनसनीखेज दावा,UgwBkg9hKzlaT1ab_uB4AaABAg,@anilawasthimld,"भरत का लैपटाप तो हारमोनियम हो गया , बस एक ही सुर बजाते रहो",0,1767484800,False
p1MK6_eyevY,’19 Dec को प्रधानमंत्री का इस्तीफा’...‘महाराष्ट्र से होगा नया PM’.पृथ्वी राज चव्हाण का सनसनीखेज दावा,UgxSWF-yWEViGvDKKV54AaABAg,@arungavekar3496,पृथ्वीराज चव्हाण को अपणा दिमागी इलाज करने मेंटल हॉस्पिटल जाना होगा.,0,1767484800,False
p1MK6_eyevY,’19 Dec को प्रधानमंत्री का इस्तीफा’...‘महाराष्ट्र से होगा नया PM’.पृथ्वी राज चव्हाण का सनसनीखेज दावा,UgzcNHQkXQl31ITWP7N4AaABAg,@sonurajafriend6620,गुजरात दंगा मे मोदी का नाम है कही उसी का डर तो नही है ना,0,1767484800,False
p1MK6_eyevY,’19 Dec को प्रधानमंत्री का इस्तीफा’...‘महाराष्ट्र से होगा नया PM’.पृथ्वी राज चव्हाण का सनसनीखेज दावा,Ugyrati0QIVKW2wYMf14AaABAg,@horatiusdsilva9473,Fake news.,0,1767484800,False
p1MK6_eyevY,’19 Dec को प्रधानमंत्री का इस्तीफा’...‘महाराष्ट्र से होगा नया PM’.पृथ्वी राज चव्हाण का सनसनीखेज दावा,Ugz1hDM87tL-T7kPfmF4AaABAg,@shahkarhusainrizvi8537,Jooth modi martadam tak khabhi istifa nahee daagaa,0,1767484800,False
p1MK6_eyevY,’19 Dec को प्रधानमंत्री का इस्तीफा’...‘महाराष्ट्र से होगा नया PM’.पृथ्वी राज चव्हाण का सनसनीखेज दावा,UgzS8ORCMpG2N856-y14AaABAg,@noobragaming399,Modi ne bahut raj niti kiya sab ghotale baj ko bjp me la kar wasing macinme dal kar safed bana diya  wwwa modi aap ka kya kahena tum jaisa  p.m bharat me aaj tak kohi nahi huwa ????????,0,1767484800,False
p1MK6_eyevY,’19 Dec को प्रधानमंत्री का इस्तीफा’...‘महाराष्ट्र से होगा नया PM’.पृथ्वी राज चव्हाण का सनसनीखेज दावा,Ugwnok8i8p1tmEJ8pwt4AaABAg,@saberishakeri1320,झूठी  ख़बरें,0,1767484800,False
p1MK6_eyevY,’19 Dec को प्रधानमंत्री का इस्तीफा’...‘महाराष्ट्र से होगा नया PM’.पृथ्वी राज चव्हाण का सनसनीखेज दावा,UgzkyEMyZXwDWiIRo1d4AaABAg,@rohit0223,Faltu news...kuch nehi hone wala,0,1767484800,False
p1MK6_eyevY,’19 Dec को प्रधानमंत्री का इस्तीफा’...‘महाराष्ट्र से होगा नया PM’.पृथ्वी राज चव्हाण का सनसनीखेज दावा,Ugwx2J_f3ZHiF_0qhlR4AaABAg,@RAJINDERKUMARMOUDGIL,"Fake,bakwas, jhooth, shameful",0,1767484800,False
p1MK6_eyevY,’19 Dec को प्रधानमंत्री का इस्तीफा’...‘महाराष्ट्र से होगा नया PM’.पृथ्वी राज चव्हाण का सनसनीखेज दावा,UgyHTBztpldi3130UVR4AaABAg,@RakeshKumar-ff5gn,Fek news,0,1767484800,False
p1MK6_eyevY,’19 Dec को प्रधानमंत्री का इस्तीफा’...‘महाराष्ट्र से होगा नया PM’.पृथ्वी राज चव्हाण का सनसनीखेज दावा,UgxqAOoEli15tYpKwQV4AaABAg,@mdazmat4367,Sach ho lekin modi Amit Shah maar jayega lekin istifa nhi dega,0,1767484800,False
p1MK6_eyevY,’19 Dec को प्रधानमंत्री का इस्तीफा’...‘महाराष्ट्र से होगा नया PM’.पृथ्वी राज चव्हाण का सनसनीखेज दावा,UgwrcoS0GTdd_AfYixh4AaABAg,@utkarshkolhe8139,Modi hai to India hai Modi ki Sunami lahar pure Desh me word me hai Modi Desh ke Vikas ke liye gariboke liye Modi ki jarurat hai Modi bina Bharat nahi chalega Modi Vishv Guru kohinoor Hira Maha Manav Vishv Ratna Bharat Ratan Vikas Purush hai Modi ne Doller Majbut kiya Sona Chief kiya Mahagai jamin par layi Congress me Mahagai Asaman CHHU Rahi thi Petro Disel Chief kiya 5 kg Ration diya shetkari Amadani 5 pat Keli Bharatachar band kela Mahagai khupach kami Keli  Janta Modi bina Jinada nahi rahegi ye Modi ki Guarantee hai Modi 1000 Sal PM Rahe ye jantaki mang hai Jai Shah next PM hoge ye Modi ki Guarantee hai Jumala hai Modi jindabad Amar Rahe kayam Janta ke Dil me Rahe 142 cr janta Modi ko hi Amuly Vote denge ye Modi ki Guarantee hai Modi Vikas purush hai 1000 sal bad Vikas dekho Modi ka,0,1767484800,False
p1MK6_eyevY,’19 Dec को प्रधानमंत्री का इस्तीफा’...‘महाराष्ट्र से होगा नया PM’.पृथ्वी राज चव्हाण का सनसनीखेज दावा,UgzpUXkUzHHAxT2dKzd4AaABAg,@m.jubairakhtar4297,आप लोगों की कोई भी न्यूज कभी सही साबित नहीं हुई है😂,0,1767484800,False
p1MK6_eyevY,’19 Dec को प्रधानमंत्री का इस्तीफा’...‘महाराष्ट्र से होगा नया PM’.पृथ्वी राज चव्हाण का सनसनीखेज दावा,Ugwg0g3GV5m-cv2lYrd4AaABAg,@shayari_officle.123,इस चैनल का एक भी विश्लेषण सही नहीं होता है 😅😅😅😂😂,0,1767484800,False
p1MK6_eyevY,’19 Dec को प्रधानमंत्री का इस्तीफा’...‘महाराष्ट्र से होगा नया PM’.पृथ्वी राज चव्हाण का सनसनीखेज दावा,Ugw7mQ5_sFMNoNQW2lF4AaABAg,@xyz-tc4mc,भरत जी का कोई भी दावा सही नहीं होता है ये 100% सत्य है,0,1767484800,False
p1MK6_eyevY,’19 Dec को प्रधानमंत्री का इस्तीफा’...‘महाराष्ट्र से होगा नया PM’.पृथ्वी राज चव्हाण का सनसनीखेज दावा,Ugyb6c57-s4TFpu1Dxd4AaABAg,@bccb_2264,"Ji haan, teen din baad Modiji change ho jayega.....Modiji teen aur din se budda ho jayega...baat khatam! 🤣🤣🤣🤣",0,1767484800,False
p1MK6_eyevY,’19 Dec को प्रधानमंत्री का इस्तीफा’...‘महाराष्ट्र से होगा नया PM’.पृथ्वी राज चव्हाण का सनसनीखेज दावा,UgxAlcUOs-3bpuADHUV4AaABAg,@maroofqureshi8252,Yrr tumhari koi bt smjh me hi aati tum bolne se jyada padke bolte ho jo bilkul smjh me nhi aata,0,1767484800,False
p1MK6_eyevY,’19 Dec को प्रधानमंत्री का इस्तीफा’...‘महाराष्ट्र से होगा नया PM’.पृथ्वी राज चव्हाण का सनसनीखेज दावा,Ugz_k2jwkKNoOgYL3nt4AaABAg,@ramvikashkumar8491,यहा के सब नेता गुंडा है और पुरे देश  मे एड्स  फैलवा रहा है गाँव गाँव  मे एड्स  फैलवा दिया है,0,1767484800,False
p1MK6_eyevY,’19 Dec को प्रधानमंत्री का इस्तीफा’...‘महाराष्ट्र से होगा नया PM’.पृथ्वी राज चव्हाण का सनसनीखेज दावा,UgyACVyNvxA150VR0bR4AaABAg,@prabinmallabaruah8845,यें खबर अगर सच्चा है या क्या हें 19 तारीख को पता चलेगा । लेकिन खबर आते ही देश में खुशी की लहर चलने लगा। नितिन गदकारी को प्रधान मंत्री कीं रूप में मिलनें से हर वर्ग के लोग खुश होगी ।,0,1767484800,False
p1MK6_eyevY,’19 Dec को प्रधानमंत्री का इस्तीफा’...‘महाराष्ट्र से होगा नया PM’.पृथ्वी राज चव्हाण का सनसनीखेज दावा,Ugxwqluvmfzb9maN8x54AaABAg,@SAJANNAGAR-n7c,भरत चंदकनत भाई मोदी को हटाना सब फालतू बकवास बात है फिर मोदी इज्जत से हटने वाले नहीं ये बेशर्म लोग पूरी दुनया पूरे देश मे इतनी बे इज्जती हो रही अगर थोड़ी शर्म होती तो पहले इस्तीफा दे के कुर्सी छोड़ देते,0,1767484800,False
p1MK6_eyevY,’19 Dec को प्रधानमंत्री का इस्तीफा’...‘महाराष्ट्र से होगा नया PM’.पृथ्वी राज चव्हाण का सनसनीखेज दावा,UgzXxoMK7NAajU9JyaZ4AaABAg,@manojkumawat7272,"कुछ नहीं होगा आप ऐसे ही खुश मत करो आपके फॉलोवर्स को 
जब तक evm हैं तब तक यही रहेंगे 100%",0,1767484800,False
p1MK6_eyevY,’19 Dec को प्रधानमंत्री का इस्तीफा’...‘महाराष्ट्र से होगा नया PM’.पृथ्वी राज चव्हाण का सनसनीखेज दावा,UgyIS140w2BnYuSDUiF4AaABAg,@nishikantmahindrakar4317,"अब देश की नागपुर राजधानी बनेगी 😂 शायद इसीलिये दिल्ली के प्रदुषन पर बार-बार न्युज आ रही है। छत्रपती के दो वंशज सातारा और कोल्हापुर में गद्दी पर थे,फिर भी पेशवा पुना से कामकाज कर रहे थे।मन मर्जी चलाने 😂",0,1767484800,False
p1MK6_eyevY,’19 Dec को प्रधानमंत्री का इस्तीफा’...‘महाराष्ट्र से होगा नया PM’.पृथ्वी राज चव्हाण का सनसनीखेज दावा,UgzT-a0vYm8uHgYCOLl4AaABAg,@indianweldingexpert,"Phli baat aap logo ki jo dawa h n wo sab fake hi rhta hai,aur agar nhi badla to apna channel band kr dena bhai log.",0,1767484800,False
p1MK6_eyevY,’19 Dec को प्रधानमंत्री का इस्तीफा’...‘महाराष्ट्र से होगा नया PM’.पृथ्वी राज चव्हाण का सनसनीखेज दावा,UgwSlP8SKk5ZblOj9Nh4AaABAg,@SaifSiddique-r2v,"Jisne garibo ko chus liya sarkari property bech diya 
Ek se ek blatkari murdered gunda ko bharti karliya apne team pe 
Wo ab power full hai . Nahi hoga kuch Paisa bolta hai ye proof kar diya in logo ne ab kabhi nahi hoga aisa inka jgah lene wala or bhi shaitan list me hai",0,1767484800,False
p1MK6_eyevY,’19 Dec को प्रधानमंत्री का इस्तीफा’...‘महाराष्ट्र से होगा नया PM’.पृथ्वी राज चव्हाण का सनसनीखेज दावा,UgzdU5ICqMV5sg_deW94AaABAg,@tuntungupta2222,Aap logo ka kam fack speech dene ka kam hi,0,1767484800,False
p1MK6_eyevY,’19 Dec को प्रधानमंत्री का इस्तीफा’...‘महाराष्ट्र से होगा नया PM’.पृथ्वी राज चव्हाण का सनसनीखेज दावा,UgzBAc-_8OZrorbTEiR4AaABAg,@GuruDrone_2,Din bhar ye bakwas karte rahte ek bhi news inka sahi nhi hota,0,1767484800,False
p1MK6_eyevY,’19 Dec को प्रधानमंत्री का इस्तीफा’...‘महाराष्ट्र से होगा नया PM’.पृथ्वी राज चव्हाण का सनसनीखेज दावा,UgxXxTCEMOM-7jRvKIB4AaABAg,@ravindraware8132,"अशोक चव्हाण नहीं पृथ्वीराज चव्हाण हैं। अशोक चव्हाण पहले कांग्रेस में थे, अभी बीजेपी में हैं। दोनों ही महाराष्ट्र के मुख्यमंत्री रहे थे।",0,1767484800,False
p1MK6_eyevY,’19 Dec को प्रधानमंत्री का इस्तीफा’...‘महाराष्ट्र से होगा नया PM’.पृथ्वी राज चव्हाण का सनसनीखेज दावा,UgwKDa_AZDVMom2t8K54AaABAg,@Mythologibharat,आप झूठ बोल रहे हैं,0,1767484800,False
p1MK6_eyevY,’19 Dec को प्रधानमंत्री का इस्तीफा’...‘महाराष्ट्र से होगा नया PM’.पृथ्वी राज चव्हाण का सनसनीखेज दावा,UgwSpRTg1_CbHE2nbOR4AaABAg,@RanjitSingh-mk7yp,Rahul Gandhi jindabad next pm of india honest leader in india,0,1767484800,False
p1MK6_eyevY,’19 Dec को प्रधानमंत्री का इस्तीफा’...‘महाराष्ट्र से होगा नया PM’.पृथ्वी राज चव्हाण का सनसनीखेज दावा,Ugz8WdQ_2fbQU2yABBV4AaABAg,@shammukhan4573,Aap log bakar ho jhuthi khabar failate Ho makkari karte ho,0,1767484800,False
p1MK6_eyevY,’19 Dec को प्रधानमंत्री का इस्तीफा’...‘महाराष्ट्र से होगा नया PM’.पृथ्वी राज चव्हाण का सनसनीखेज दावा,UgwNydknLrzogUiCaa94AaABAg,@bernadinedecruz1955,Fake news,0,1767484800,False
p1MK6_eyevY,’19 Dec को प्रधानमंत्री का इस्तीफा’...‘महाराष्ट्र से होगा नया PM’.पृथ्वी राज चव्हाण का सनसनीखेज दावा,Ugyh_OBG_JHxA8GjHeF4AaABAg,@awdheshomesh4195,"*कभी बौद्ध मठ में मन्दिर, मुस्लिम काल में मन्दिर को मस्जिद बनाये तथा आजादी के बाद उसी मस्जिद में मन्दिर का विवाद लाकर राजनीति की खेती करने वाले यूरेशियन राजपूत ब्राह्मण ‌की साज़िश को समझने के बाद ही न्याय व सत्य का नियम भारत में आ सकेगा*
        आर एस एस भाजपा विदेशी मूल के लोग हैं जो भारत के प्रचलित धर्म जैन बौद्ध के काट में हिन्दू लाये और उसमें राजपूत ब्राह्मण भूमिहार ब्राह्मण आदि बन गये। देवी देवता गंगा नदी ईश्वर यूरेशियन शंकराचार्य के महत्व व धन्धा के लिये चार धाम यात्रा को पाप काटने का माध्यम बता कर गोरख धन्धा की व्यवस्था किये। विदेशी यूरेशियन हिन्दू मुस्लिम के सगे भाई है जो अरब तुगलक मंगोल के मुस्लिम आक्रमणकारी से आक्रमण करायें और भितरघात से भारत रक्षक नेक मूल निवासी क्षत्रिय को लुटकर संपत्ति पर काबिज हो गये तथा नष्ट समाज का शोषण मनु स्मृति जैसा ग्रन्थ लाकर किये। अंग्रेज के समय में ब्राह्मण नीति बंद होता देख तिवारी पांडेय आदि यूरेशियन ब्राह्मण व राजपूत अंग्रेज के खिलाफ विदेशी का मुद्दा लाकर नाटकीय ढंग से अंग्रेज को वापस जाने के लिये मजबूर किये। अंग्रेज के जाने के बाद सवर्ण खासकर यूरेशियन राजपूत ब्राह्मण भूमिहार ब्राह्मण सक्सेना लाला मध्येशिया बनिया आजादी के समय से लेकर 60-70 के दशक में चुप रहे, लेकिन 80-90 के दशक में जब दलित पिछड़े अपने हक के लिये संघर्ष किये तो फूट डालने संस्थान बेचने आरक्षण पर रोक करने का काम चालू कर दिये हैं। दलित पिछड़ों को सिद्धांत पर आना चाहिए और अपनी सत्ता के लिये अभियान चलाना चाहिए। सत्ता मिलने पर जिसकी जितनी आबादी उतनी भागीदारी तथा न्याय व सत्य के नियम पर शासन करना चाहिए। एक प्रश्न पूछता हूं कि अंग्रेज विदेशी थे तो यूरेशियन राजपूत ब्राह्मण भूमिहार ब्राह्मण आदि तथा शेख पठान सैय्यद विदेशी नहीं है। 1206 से 1857 तक मुस्लिम शासन क्या यूरेशियन सवर्ण के रिश्तेदार का था। यूरेशियन जब हिन्दू का पाखंड लाये तो पहले बौद्ध मठ को मन्दिर बना रहे थे। मुस्लिम के समय मन्दिर में मस्जिद बनाया जा रहा था। इस समय उसी मस्जिद में मन्दिर बनाया जा रहा है। सबसे बड़े समाज व भारत  विरोधी यूरेशियन अग्निकुंड ऋषिकुल के राजपूत सरजूपारी ब्राह्मण भूमिहार ब्राह्मण, सक्सेना लाला मध्येशिया बनिया हैं। इनके भ्रम में जो देशी रोटी बेटी का रिश्ता करके इनकी बात में हां में हां कर रहे हैं, उन्हें देश विरोधी ताकत को समझना चाहिए।",0,1767484800,False
p1MK6_eyevY,’19 Dec को प्रधानमंत्री का इस्तीफा’...‘महाराष्ट्र से होगा नया PM’.पृथ्वी राज चव्हाण का सनसनीखेज दावा,Ugzt3ckUVrpNa70kpCV4AaABAg,@RashedMallam,It's waste of bloody time showing and playing clips on lap top. Irritating and extremely annoying.  Please doing that otherwise you are going to lose your viewers and subscribers.  These two presenters are idiots.,0,1767484800,False
p1MK6_eyevY,’19 Dec को प्रधानमंत्री का इस्तीफा’...‘महाराष्ट्र से होगा नया PM’.पृथ्वी राज चव्हाण का सनसनीखेज दावा,UgxtAM9N05PCz8k24Vl4AaABAg,@Bamb791,बकवास न्यूज,0,1767484800,False
p1MK6_eyevY,’19 Dec को प्रधानमंत्री का इस्तीफा’...‘महाराष्ट्र से होगा नया PM’.पृथ्वी राज चव्हाण का सनसनीखेज दावा,Ugxq1YlEGTymATF2EW94AaABAg,@vd4790,😂😂fake news,0,1767484800,False
p1MK6_eyevY,’19 Dec को प्रधानमंत्री का इस्तीफा’...‘महाराष्ट्र से होगा नया PM’.पृथ्वी राज चव्हाण का सनसनीखेज दावा,UgzPEfWddJjLlU7McRx4AaABAg,@arvinbhaidesai7589,Modi hatavo desh bachavo,0,1767484800,False
p1MK6_eyevY,’19 Dec को प्रधानमंत्री का इस्तीफा’...‘महाराष्ट्र से होगा नया PM’.पृथ्वी राज चव्हाण का सनसनीखेज दावा,Ugx43T68bH4Ctt8EL5N4AaABAg,@DeshrajBhai-on3qn,झूठ महाझूठ,0,1767484800,False
p1MK6_eyevY,’19 Dec को प्रधानमंत्री का इस्तीफा’...‘महाराष्ट्र से होगा नया PM’.पृथ्वी राज चव्हाण का सनसनीखेज दावा,UgykyqqcVM_2RXwUhKl4AaABAg,@dilipshah9815,फैंस न्यूज,0,1767484800,False
p1MK6_eyevY,’19 Dec को प्रधानमंत्री का इस्तीफा’...‘महाराष्ट्र से होगा नया PM’.पृथ्वी राज चव्हाण का सनसनीखेज दावा,Ugx4MLI459J8Xa66lO14AaABAg,@SureshP-h3t,"Tumhi ko pm banane ja rahe hain chota,kahika kabhi persisent banata hai kabhi cm kabhi pm",0,1767484800,False
p1MK6_eyevY,’19 Dec को प्रधानमंत्री का इस्तीफा’...‘महाराष्ट्र से होगा नया PM’.पृथ्वी राज चव्हाण का सनसनीखेज दावा,UgxQCyBcrWOOaayGO754AaABAg,@PiyuMondal-o5n,Apka news pura faltu ha,0,1767484800,False
p1MK6_eyevY,’19 Dec को प्रधानमंत्री का इस्तीफा’...‘महाराष्ट्र से होगा नया PM’.पृथ्वी राज चव्हाण का सनसनीखेज दावा,Ugz2yTYYw2y7V2fCFTZ4AaABAg,@ajaykumar-ge4qz,Yeh galat Khabar hai 19 Dec nahi 23 Feb 2026 brahmand faisla le chuki hai,0,1767484800,False
p1MK6_eyevY,’19 Dec को प्रधानमंत्री का इस्तीफा’...‘महाराष्ट्र से होगा नया PM’.पृथ्वी राज चव्हाण का सनसनीखेज दावा,Ugz2yTYYw2y7V2fCFTZ4AaABAg.AQlBtcPd-25AQo2YD12jZG,@Nushant-v2z,How  and why   23 feb 2026     please where u heard this,0,1767484800,True
p1MK6_eyevY,’19 Dec को प्रधानमंत्री का इस्तीफा’...‘महाराष्ट्र से होगा नया PM’.पृथ्वी राज चव्हाण का सनसनीखेज दावा,UgyiIGqqLeCsy4zOXQp4AaABAg,@abdulhamidshaikh6467,पुरानी बात,0,1767484800,False
p1MK6_eyevY,’19 Dec को प्रधानमंत्री का इस्तीफा’...‘महाराष्ट्र से होगा नया PM’.पृथ्वी राज चव्हाण का सनसनीखेज दावा,UgyT4_zszX68dCPdv5F4AaABAg,@misbahsvs8355,असंभव,0,1767484800,False
p1MK6_eyevY,’19 Dec को प्रधानमंत्री का इस्तीफा’...‘महाराष्ट्र से होगा नया PM’.पृथ्वी राज चव्हाण का सनसनीखेज दावा,Ugxi-orASAad9UzoouB4AaABAg,@Rahamathosaainattari,Aapka yah karykram bahut flop hota hai aap Hamesha yah bhadkao fek news chalate Hain,0,1767484800,False
p1MK6_eyevY,’19 Dec को प्रधानमंत्री का इस्तीफा’...‘महाराष्ट्र से होगा नया PM’.पृथ्वी राज चव्हाण का सनसनीखेज दावा,UgzGbiXtQlco_rnnUcl4AaABAg,@KuljitSingh-np3fg,"Modi,Fraud,Hatao,Desh,Bachao",0,1767484800,False
p1MK6_eyevY,’19 Dec को प्रधानमंत्री का इस्तीफा’...‘महाराष्ट्र से होगा नया PM’.पृथ्वी राज चव्हाण का सनसनीखेज दावा,UgyxYUVQEGnkiWrY0bN4AaABAg,@AjitKakde-q1d,फेक न्युज है,0,1767484800,False
p1MK6_eyevY,’19 Dec को प्रधानमंत्री का इस्तीफा’...‘महाराष्ट्र से होगा नया PM’.पृथ्वी राज चव्हाण का सनसनीखेज दावा,UgxguVSotGSU2STGPRx4AaABAg,@gufranulhaq4592,Fek news. Modi se hi Bjp hai verna Bjp kuch nahi. Gadkari maharashtra se hai aur pandit bhi hai vo ho saktey hai.,0,1767484800,False
p1MK6_eyevY,’19 Dec को प्रधानमंत्री का इस्तीफा’...‘महाराष्ट्र से होगा नया PM’.पृथ्वी राज चव्हाण का सनसनीखेज दावा,UgxEgyLHbAo27QiWwy14AaABAg,@prabhat284,Desh me pagalo ki kabhi kami nahi hogi....bina sir pair 😂😂😂,4,1767484800,False
p1MK6_eyevY,’19 Dec को प्रधानमंत्री का इस्तीफा’...‘महाराष्ट्र से होगा नया PM’.पृथ्वी राज चव्हाण का सनसनीखेज दावा,Ugz7yBZiWnx0s3dZhkF4AaABAg,@vickyparmar94,"एक टाइम था जब में इस चैनल पर बहुत ज्यादा विश्वास करता था,पर अब इस चैनल ने अपना विश्वास खो दिया है।बहुत गलत न्यूज दिखाई जा रही है।",2,1767484800,False
p1MK6_eyevY,’19 Dec को प्रधानमंत्री का इस्तीफा’...‘महाराष्ट्र से होगा नया PM’.पृथ्वी राज चव्हाण का सनसनीखेज दावा,UgzBqbj_ve3AMQwyxUV4AaABAg,@letsstart8613,Sab nautanki chalu hai...,0,1767484800,False
p1MK6_eyevY,’19 Dec को प्रधानमंत्री का इस्तीफा’...‘महाराष्ट्र से होगा नया PM’.पृथ्वी राज चव्हाण का सनसनीखेज दावा,UgzUldwkPAqzoqN4M8B4AaABAg,@HiteshKumar-pt6nk,Next PM rhul Gandhi g honge aur abhi honge,0,1767484800,False
p1MK6_eyevY,’19 Dec को प्रधानमंत्री का इस्तीफा’...‘महाराष्ट्र से होगा नया PM’.पृथ्वी राज चव्हाण का सनसनीखेज दावा,UgzEUCLXT-SlK5LPdh94AaABAg,@MeBoy-vk3lr,Yah sab bakwas hai,1,1767484800,False
p1MK6_eyevY,’19 Dec को प्रधानमंत्री का इस्तीफा’...‘महाराष्ट्र से होगा नया PM’.पृथ्वी राज चव्हाण का सनसनीखेज दावा,UgzhrhPqA83vL5P8_5x4AaABAg,@RAJUSHARMA-m5i3n,Ulta chashma UC aap ka ye segment bilkul flop h... Bharat ji laptop le kr aate h aur dusron ki banaayi khabar padh kr sunaate h... Aur aap uska video bana kr apne channel pr chala dete h... Aur view k paise kamate h... Bharatji ki saari video Aap log khud ek baar viewer ban kr dekhiye k voh kitne haklaate h aur ek hi line tod marod k repeat kr k video lamba krte h... Aap logon ko visleshan hi Krna h to girijesh vashisht ko dekhiye khabron ka kitna a66a visleshan krte h... Jab se bharatji ka ye segment sharu huva h Maine UC dekhna 6od diya h... B'coz voh bahut pakaate h yaar... Sorry bharatji,0,1767484800,False
p1MK6_eyevY,’19 Dec को प्रधानमंत्री का इस्तीफा’...‘महाराष्ट्र से होगा नया PM’.पृथ्वी राज चव्हाण का सनसनीखेज दावा,Ugxd_e2hMjb-4mi68-t4AaABAg,@indianindian-o5z,"NDA ka bihar me atyachar chupane k liye aur desh k kai Asli muddon ko chupane k liye rss aise channel ko fund deti hai , jisse ye logon ka mind divert karte hain",0,1767484800,False
p1MK6_eyevY,’19 Dec को प्रधानमंत्री का इस्तीफा’...‘महाराष्ट्र से होगा नया PM’.पृथ्वी राज चव्हाण का सनसनीखेज दावा,UgyVRFOQVsU2ncyKBUJ4AaABAg,@GKP.NEWS.NATION,इतना आसान नहीं है,0,1767484800,False
p1MK6_eyevY,’19 Dec को प्रधानमंत्री का इस्तीफा’...‘महाराष्ट्र से होगा नया PM’.पृथ्वी राज चव्हाण का सनसनीखेज दावा,UgyUIAJ83V7WseGMf0Z4AaABAg,@mInsane7,"Modi ,s last in abroad ,when Modi will come from abroad his ministry will be finish this is the right way.",0,1767484800,False
p1MK6_eyevY,’19 Dec को प्रधानमंत्री का इस्तीफा’...‘महाराष्ट्र से होगा नया PM’.पृथ्वी राज चव्हाण का सनसनीखेज दावा,UgyUIAJ83V7WseGMf0Z4AaABAg.AQkqnnsP3OXAQkxEmczrU7,@CAS12187,No one can touch Moti becoz he's non biological 😅,0,1767484800,True
p1MK6_eyevY,’19 Dec को प्रधानमंत्री का इस्तीफा’...‘महाराष्ट्र से होगा नया PM’.पृथ्वी राज चव्हाण का सनसनीखेज दावा,UgzcloXvqbn2VSaY-BR4AaABAg,@dharmendakumar6846,Bhai AAP Jayda DM nhi lgao AAP ka Gaar ft jayega,0,1767484800,False
p1MK6_eyevY,’19 Dec को प्रधानमंत्री का इस्तीफा’...‘महाराष्ट्र से होगा नया PM’.पृथ्वी राज चव्हाण का सनसनीखेज दावा,UgxPOPlcA9WH4n5iN3N4AaABAg,@Sher9850-sing,"नरेंद्र मोदी जिंदाबाद 👍 चाहीए या नही वोट करो 
नरेंद मोदी ❌
नरेद मोदी ✅",0,1767484800,False
p1MK6_eyevY,’19 Dec को प्रधानमंत्री का इस्तीफा’...‘महाराष्ट्र से होगा नया PM’.पृथ्वी राज चव्हाण का सनसनीखेज दावा,UgyAOb63F9vxhPzX1Bh4AaABAg,@SudhaVats-gr6vp,Old news,0,1767484800,False
p1MK6_eyevY,’19 Dec को प्रधानमंत्री का इस्तीफा’...‘महाराष्ट्र से होगा नया PM’.पृथ्वी राज चव्हाण का सनसनीखेज दावा,UgyrmHXRjWDJXG8LB2h4AaABAg,@dpsingh3594,"मोदी हटेंगे या नहीं? यह तो बाद में पता चलेगा । लेकिन इससे एक बात पता चली है कि श्री पृथ्वीराज चवन ज़िंदा हैं , सकुशल हैं और अभी तक कांग्रेस पार्टी में ही हैं।",0,1767484800,False
p1MK6_eyevY,’19 Dec को प्रधानमंत्री का इस्तीफा’...‘महाराष्ट्र से होगा नया PM’.पृथ्वी राज चव्हाण का सनसनीखेज दावा,Ugz87QOrPBGjqSHGUqh4AaABAg,@AftabAlam-nz6up,Tum log jhuthe patrakaar Ho,1,1767484800,False
p1MK6_eyevY,’19 Dec को प्रधानमंत्री का इस्तीफा’...‘महाराष्ट्र से होगा नया PM’.पृथ्वी राज चव्हाण का सनसनीखेज दावा,UgyAvyqxgGP5RdVBuMd4AaABAg,@Deepak.Create,"भाई बस करो, तुम्हारा चैनल 2024 से ही सरकार और प्रधानमंत्री बदल रहे है, बकवास न्यूज चैनल 😂😂😂😂",0,1767484800,False
p1MK6_eyevY,’19 Dec को प्रधानमंत्री का इस्तीफा’...‘महाराष्ट्र से होगा नया PM’.पृथ्वी राज चव्हाण का सनसनीखेज दावा,UgwPcMEx2fjBH5usKLh4AaABAg,@sanjaykatiyar5279,Tum log rooj akar bekar ki batein hai ...,0,1767484800,False
p1MK6_eyevY,’19 Dec को प्रधानमंत्री का इस्तीफा’...‘महाराष्ट्र से होगा नया PM’.पृथ्वी राज चव्हाण का सनसनीखेज दावा,UgzJLYABCox5iJ9RR0x4AaABAg,@RajuKhan-u1e2s,Modi  hatao kejriwal ko lao,0,1767484800,False
p1MK6_eyevY,’19 Dec को प्रधानमंत्री का इस्तीफा’...‘महाराष्ट्र से होगा नया PM’.पृथ्वी राज चव्हाण का सनसनीखेज दावा,UgwBch1e5PIky7_mjpt4AaABAg,@trukloversbaba91,Tum log jail mein jaaoge fek news faila rahe ho salon,0,1767484800,False
p1MK6_eyevY,’19 Dec को प्रधानमंत्री का इस्तीफा’...‘महाराष्ट्र से होगा नया PM’.पृथ्वी राज चव्हाण का सनसनीखेज दावा,UgzcdnlLZV6UVA8H81x4AaABAg,@mmmmm8622,Mungeri lal ke haseen sapne,0,1767484800,False
p1MK6_eyevY,’19 Dec को प्रधानमंत्री का इस्तीफा’...‘महाराष्ट्र से होगा नया PM’.पृथ्वी राज चव्हाण का सनसनीखेज दावा,UgwNvZnuo_DWfTwSXXl4AaABAg,@YouWillGetGoodNewsVerySoon,😂😂😂 comedy mat kar kuch nahi hone wala hai,0,1767484800,False
p1MK6_eyevY,’19 Dec को प्रधानमंत्री का इस्तीफा’...‘महाराष्ट्र से होगा नया PM’.पृथ्वी राज चव्हाण का सनसनीखेज दावा,Ugy8YuPQNG7YujX-x8Z4AaABAg,@Visha248,सच्ची बताओ ना तुम लोग से ज्यादा कोई झूठा होता ही नहीं पूरी भारत में पैसे कमाने के चक्कर में इतना भी झूठ मत बोलो,1,1767484800,False
p1MK6_eyevY,’19 Dec को प्रधानमंत्री का इस्तीफा’...‘महाराष्ट्र से होगा नया PM’.पृथ्वी राज चव्हाण का सनसनीखेज दावा,UgyQ6SO8oN4zfPPnUJx4AaABAg,@rolacerolano6698,😡 Mei bahut believe karta tha ye news channel ko. Ab tow ye godi media se bhi niche chale gaye. Unsubscribe kar raha hu ab. Hum kisika andhbhakt nahi hai Kisi ka. Tumlog bhi views k chakkar mei unique banne ki kosis kar Rahe ho but wrong news😡,0,1767484800,False
p1MK6_eyevY,’19 Dec को प्रधानमंत्री का इस्तीफा’...‘महाराष्ट्र से होगा नया PM’.पृथ्वी राज चव्हाण का सनसनीखेज दावा,UgzPMmWIya3Z7YNra7x4AaABAg,@DIPAKPatel-z2y,Nice,0,1767484800,False
p1MK6_eyevY,’19 Dec को प्रधानमंत्री का इस्तीफा’...‘महाराष्ट्र से होगा नया PM’.पृथ्वी राज चव्हाण का सनसनीखेज दावा,UgzXa5ASqXGGG8-ZOF54AaABAg,@waseemmaniyar1634,Kuch bhi,0,1767484800,False
p1MK6_eyevY,’19 Dec को प्रधानमंत्री का इस्तीफा’...‘महाराष्ट्र से होगा नया PM’.पृथ्वी राज चव्हाण का सनसनीखेज दावा,UgwJy6O9b0p7jMfnlj14AaABAg,@FamilySystem231,Fake news,0,1767484800,False
p1MK6_eyevY,’19 Dec को प्रधानमंत्री का इस्तीफा’...‘महाराष्ट्र से होगा नया PM’.पृथ्वी राज चव्हाण का सनसनीखेज दावा,UgwJy6O9b0p7jMfnlj14AaABAg.AQlyxWCX-2WAQlz6LBRj0Y,@FamilySystem231,Isko kon puchhta h,0,1767484800,True
p1MK6_eyevY,’19 Dec को प्रधानमंत्री का इस्तीफा’...‘महाराष्ट्र से होगा नया PM’.पृथ्वी राज चव्हाण का सनसनीखेज दावा,UgxKJcq3vpge5gEsWdt4AaABAg,@kikshot704,Fake News hy😊,0,1767484800,False
p1MK6_eyevY,’19 Dec को प्रधानमंत्री का इस्तीफा’...‘महाराष्ट्र से होगा नया PM’.पृथ्वी राज चव्हाण का सनसनीखेज दावा,UgwatUTZpcg0lEcaYcB4AaABAg,@duluchandsk9095,Fek vido,0,1767484800,False
p1MK6_eyevY,’19 Dec को प्रधानमंत्री का इस्तीफा’...‘महाराष्ट्र से होगा नया PM’.पृथ्वी राज चव्हाण का सनसनीखेज दावा,Ugw-k6DijAGhVHAFPit4AaABAg,@GopalVarma-nd2dh,"वो अशोक चव्हाण नहीं है, पृथ्वीराज चौहान है.",0,1767484800,False
p1MK6_eyevY,’19 Dec को प्रधानमंत्री का इस्तीफा’...‘महाराष्ट्र से होगा नया PM’.पृथ्वी राज चव्हाण का सनसनीखेज दावा,UgztNIr5hWMlcRVQM0x4AaABAg,@GopalVarma-nd2dh,दिनांक 19.12.25 को महाराष्ट्र से पी.एम. होगा और वो भी बीजेपी से. अब वे क्या नितीन गड़करीजी होंगे?,0,1767484800,False
p1MK6_eyevY,’19 Dec को प्रधानमंत्री का इस्तीफा’...‘महाराष्ट्र से होगा नया PM’.पृथ्वी राज चव्हाण का सनसनीखेज दावा,UgwrEnwt-U0iuoSp2WN4AaABAg,@akhtarhusen7211,कुछ नहीं सब फेक न्यूज़ है यार,0,1767484800,False
p1MK6_eyevY,’19 Dec को प्रधानमंत्री का इस्तीफा’...‘महाराष्ट्र से होगा नया PM’.पृथ्वी राज चव्हाण का सनसनीखेज दावा,UgxOmzjBaTdFguYKSPN4AaABAg,@DheerajSpeaks,न्यूज में कुछ भी चल रहा है ऐसा कुछ नहीं होने वाला मोदी है और रहेंगे। मैं मोदी का सपोर्टर नहीं हु लेकिन फालतू न्यूज से मूड खराब होता है ulta chasma uc से निवेदन करता हु ऐसे न्यूज अपने चैनल पर न दिखाएं...,0,1767484800,False
p1MK6_eyevY,’19 Dec को प्रधानमंत्री का इस्तीफा’...‘महाराष्ट्र से होगा नया PM’.पृथ्वी राज चव्हाण का सनसनीखेज दावा,UgzfoTN47Ih5OxEq_ap4AaABAg,@CharlesVolado-gb4es,Faltu news,0,1767484800,False
p1MK6_eyevY,’19 Dec को प्रधानमंत्री का इस्तीफा’...‘महाराष्ट्र से होगा नया PM’.पृथ्वी राज चव्हाण का सनसनीखेज दावा,UgyDxaI_GGWtT2fcLZB4AaABAg,@nasibsingh7319,ओए झूठे पर्प कंडे मत फैलो,0,1767484800,False
p1MK6_eyevY,’19 Dec को प्रधानमंत्री का इस्तीफा’...‘महाराष्ट्र से होगा नया PM’.पृथ्वी राज चव्हाण का सनसनीखेज दावा,UgzwcxZVyd_MrOnteKJ4AaABAg,@Visha248,मेरे समझ में नहीं आता तुम लोग कितना झूठ बोलकर मिलता क्या है बे,0,1767484800,False
p1MK6_eyevY,’19 Dec को प्रधानमंत्री का इस्तीफा’...‘महाराष्ट्र से होगा नया PM’.पृथ्वी राज चव्हाण का सनसनीखेज दावा,UgzQXqL_FMpOgnhHmMF4AaABAg,@Visha248,तुम लोग को सपोर्ट करते करते हैं भरोसा ही उड़ गया कि तुम लोगों को मैं सपोर्ट कर रहा हूं तुम् इतना झूठ बोलते हो,0,1767484800,False
